"id","family","rust_path","kind","source","line","classification","go_mapping","evidence","rationale"
"generated/src_binding_release_x86_64-pc-windows-msvc.rs:13:struct:v8::binding::cppgc_NameProvider__bindgen_vtable","generated/src_binding_release_x86_64-pc-windows-msvc.rs","v8::binding::cppgc_NameProvider__bindgen_vtable","struct","generated/src_binding_release_x86_64-pc-windows-msvc.rs","13","unsafe","No raw Go equivalent, safe higher-level behavior is exposed where applicable.","API_AUDIT.md#classification-boundary","Generated raw ABI layout, not a public Go ownership surface"
"generated/src_binding_release_x86_64-pc-windows-msvc.rs:17:struct:v8::binding::cppgc_NameProvider","generated/src_binding_release_x86_64-pc-windows-msvc.rs","v8::binding::cppgc_NameProvider","struct","generated/src_binding_release_x86_64-pc-windows-msvc.rs","17","unsafe","No raw Go equivalent, safe higher-level behavior is exposed where applicable.","API_AUDIT.md#classification-boundary","Generated raw ABI layout, not a public Go ownership surface"
"generated/src_binding_release_x86_64-pc-windows-msvc.rs:18:struct_field:v8::cppgc_NameProvider::vtable_","generated/src_binding_release_x86_64-pc-windows-msvc.rs","v8::cppgc_NameProvider::vtable_","struct_field","generated/src_binding_release_x86_64-pc-windows-msvc.rs","18","unsafe","No raw Go equivalent, safe higher-level behavior is exposed where applicable.","API_AUDIT.md#classification-boundary","Generated raw ABI layout, not a public Go ownership surface"
"generated/src_binding_release_x86_64-pc-windows-msvc.rs:75:struct:v8::binding::v8_FastOneByteString","generated/src_binding_release_x86_64-pc-windows-msvc.rs","v8::binding::v8_FastOneByteString","struct","generated/src_binding_release_x86_64-pc-windows-msvc.rs","75","unsafe","No raw Go equivalent, safe higher-level behavior is exposed where applicable.","API_AUDIT.md#classification-boundary","Generated raw ABI layout, not a public Go ownership surface"
"generated/src_binding_release_x86_64-pc-windows-msvc.rs:76:struct_field:v8::v8_FastOneByteString::data","generated/src_binding_release_x86_64-pc-windows-msvc.rs","v8::v8_FastOneByteString::data","struct_field","generated/src_binding_release_x86_64-pc-windows-msvc.rs","76","unsafe","No raw Go equivalent, safe higher-level behavior is exposed where applicable.","API_AUDIT.md#classification-boundary","Generated raw ABI layout, not a public Go ownership surface"
"generated/src_binding_release_x86_64-pc-windows-msvc.rs:77:struct_field:v8::v8_FastOneByteString::length","generated/src_binding_release_x86_64-pc-windows-msvc.rs","v8::v8_FastOneByteString::length","struct_field","generated/src_binding_release_x86_64-pc-windows-msvc.rs","77","unsafe","No raw Go equivalent, safe higher-level behavior is exposed where applicable.","API_AUDIT.md#classification-boundary","Generated raw ABI layout, not a public Go ownership surface"
"generated/src_binding_release_x86_64-pc-windows-msvc.rs:209:assoc_const:v8::v8_GCType::kGCTypeScavenge","generated/src_binding_release_x86_64-pc-windows-msvc.rs","v8::v8_GCType::kGCTypeScavenge","assoc_const","generated/src_binding_release_x86_64-pc-windows-msvc.rs","209","matched","runtime_values.go; object_ops.go","conformance/runtime-values/conformance_test.go; object_ops_test.go","Safe observable behavior is represented by the cited Go API and executable evidence."
"generated/src_binding_release_x86_64-pc-windows-msvc.rs:210:assoc_const:v8::v8_GCType::kGCTypeMinorMarkSweep","generated/src_binding_release_x86_64-pc-windows-msvc.rs","v8::v8_GCType::kGCTypeMinorMarkSweep","assoc_const","generated/src_binding_release_x86_64-pc-windows-msvc.rs","210","matched","runtime_values.go; object_ops.go","conformance/runtime-values/conformance_test.go; object_ops_test.go","Safe observable behavior is represented by the cited Go API and executable evidence."
"generated/src_binding_release_x86_64-pc-windows-msvc.rs:211:assoc_const:v8::v8_GCType::kGCTypeMarkSweepCompact","generated/src_binding_release_x86_64-pc-windows-msvc.rs","v8::v8_GCType::kGCTypeMarkSweepCompact","assoc_const","generated/src_binding_release_x86_64-pc-windows-msvc.rs","211","matched","runtime_values.go; object_ops.go","conformance/runtime-values/conformance_test.go; object_ops_test.go","Safe observable behavior is represented by the cited Go API and executable evidence."
"generated/src_binding_release_x86_64-pc-windows-msvc.rs:212:assoc_const:v8::v8_GCType::kGCTypeIncrementalMarking","generated/src_binding_release_x86_64-pc-windows-msvc.rs","v8::v8_GCType::kGCTypeIncrementalMarking","assoc_const","generated/src_binding_release_x86_64-pc-windows-msvc.rs","212","matched","runtime_values.go; object_ops.go","conformance/runtime-values/conformance_test.go; object_ops_test.go","Safe observable behavior is represented by the cited Go API and executable evidence."
"generated/src_binding_release_x86_64-pc-windows-msvc.rs:213:assoc_const:v8::v8_GCType::kGCTypeProcessWeakCallbacks","generated/src_binding_release_x86_64-pc-windows-msvc.rs","v8::v8_GCType::kGCTypeProcessWeakCallbacks","assoc_const","generated/src_binding_release_x86_64-pc-windows-msvc.rs","213","matched","runtime_values.go; object_ops.go","conformance/runtime-values/conformance_test.go; object_ops_test.go","Safe observable behavior is represented by the cited Go API and executable evidence."
"generated/src_binding_release_x86_64-pc-windows-msvc.rs:214:assoc_const:v8::v8_GCType::kGCTypeAll","generated/src_binding_release_x86_64-pc-windows-msvc.rs","v8::v8_GCType::kGCTypeAll","assoc_const","generated/src_binding_release_x86_64-pc-windows-msvc.rs","214","matched","runtime_values.go; object_ops.go","conformance/runtime-values/conformance_test.go; object_ops_test.go","Safe observable behavior is represented by the cited Go API and executable evidence."
"generated/src_binding_release_x86_64-pc-windows-msvc.rs:245:struct:v8::binding::v8_GCType","generated/src_binding_release_x86_64-pc-windows-msvc.rs","v8::binding::v8_GCType","struct","generated/src_binding_release_x86_64-pc-windows-msvc.rs","245","matched","runtime_values.go; object_ops.go","conformance/runtime-values/conformance_test.go; object_ops_test.go","Safe observable behavior is represented by the cited Go API and executable evidence."
"generated/src_binding_release_x86_64-pc-windows-msvc.rs:245:struct_field:v8::v8_GCType::0","generated/src_binding_release_x86_64-pc-windows-msvc.rs","v8::v8_GCType::0","struct_field","generated/src_binding_release_x86_64-pc-windows-msvc.rs","245","matched","runtime_values.go; object_ops.go","conformance/runtime-values/conformance_test.go; object_ops_test.go","Safe observable behavior is represented by the cited Go API and executable evidence."
"generated/src_binding_release_x86_64-pc-windows-msvc.rs:247:assoc_const:v8::v8_GCCallbackFlags::kNoGCCallbackFlags","generated/src_binding_release_x86_64-pc-windows-msvc.rs","v8::v8_GCCallbackFlags::kNoGCCallbackFlags","assoc_const","generated/src_binding_release_x86_64-pc-windows-msvc.rs","247","matched","runtime_values.go; object_ops.go","conformance/runtime-values/conformance_test.go; object_ops_test.go","Safe observable behavior is represented by the cited Go API and executable evidence."
"generated/src_binding_release_x86_64-pc-windows-msvc.rs:248:assoc_const:v8::v8_GCCallbackFlags::kGCCallbackFlagConstructRetainedObjectInfos","generated/src_binding_release_x86_64-pc-windows-msvc.rs","v8::v8_GCCallbackFlags::kGCCallbackFlagConstructRetainedObjectInfos","assoc_const","generated/src_binding_release_x86_64-pc-windows-msvc.rs","248","matched","runtime_values.go; object_ops.go","conformance/runtime-values/conformance_test.go; object_ops_test.go","Safe observable behavior is represented by the cited Go API and executable evidence."
"generated/src_binding_release_x86_64-pc-windows-msvc.rs:250:assoc_const:v8::v8_GCCallbackFlags::kGCCallbackFlagForced","generated/src_binding_release_x86_64-pc-windows-msvc.rs","v8::v8_GCCallbackFlags::kGCCallbackFlagForced","assoc_const","generated/src_binding_release_x86_64-pc-windows-msvc.rs","250","matched","runtime_values.go; object_ops.go","conformance/runtime-values/conformance_test.go; object_ops_test.go","Safe observable behavior is represented by the cited Go API and executable evidence."
"generated/src_binding_release_x86_64-pc-windows-msvc.rs:251:assoc_const:v8::v8_GCCallbackFlags::kGCCallbackFlagSynchronousPhantomCallbackProcessing","generated/src_binding_release_x86_64-pc-windows-msvc.rs","v8::v8_GCCallbackFlags::kGCCallbackFlagSynchronousPhantomCallbackProcessing","assoc_const","generated/src_binding_release_x86_64-pc-windows-msvc.rs","251","matched","runtime_values.go; object_ops.go","conformance/runtime-values/conformance_test.go; object_ops_test.go","Safe observable behavior is represented by the cited Go API and executable evidence."
"generated/src_binding_release_x86_64-pc-windows-msvc.rs:253:assoc_const:v8::v8_GCCallbackFlags::kGCCallbackFlagCollectAllAvailableGarbage","generated/src_binding_release_x86_64-pc-windows-msvc.rs","v8::v8_GCCallbackFlags::kGCCallbackFlagCollectAllAvailableGarbage","assoc_const","generated/src_binding_release_x86_64-pc-windows-msvc.rs","253","matched","runtime_values.go; object_ops.go","conformance/runtime-values/conformance_test.go; object_ops_test.go","Safe observable behavior is represented by the cited Go API and executable evidence."
"generated/src_binding_release_x86_64-pc-windows-msvc.rs:255:assoc_const:v8::v8_GCCallbackFlags::kGCCallbackFlagCollectAllExternalMemory","generated/src_binding_release_x86_64-pc-windows-msvc.rs","v8::v8_GCCallbackFlags::kGCCallbackFlagCollectAllExternalMemory","assoc_const","generated/src_binding_release_x86_64-pc-windows-msvc.rs","255","matched","runtime_values.go; object_ops.go","conformance/runtime-values/conformance_test.go; object_ops_test.go","Safe observable behavior is represented by the cited Go API and executable evidence."
"generated/src_binding_release_x86_64-pc-windows-msvc.rs:257:assoc_const:v8::v8_GCCallbackFlags::kGCCallbackScheduleIdleGarbageCollection","generated/src_binding_release_x86_64-pc-windows-msvc.rs","v8::v8_GCCallbackFlags::kGCCallbackScheduleIdleGarbageCollection","assoc_const","generated/src_binding_release_x86_64-pc-windows-msvc.rs","257","matched","runtime_values.go; object_ops.go","conformance/runtime-values/conformance_test.go; object_ops_test.go","Safe observable behavior is represented by the cited Go API and executable evidence."
"generated/src_binding_release_x86_64-pc-windows-msvc.rs:259:assoc_const:v8::v8_GCCallbackFlags::kGCCallbackFlagLastResort","generated/src_binding_release_x86_64-pc-windows-msvc.rs","v8::v8_GCCallbackFlags::kGCCallbackFlagLastResort","assoc_const","generated/src_binding_release_x86_64-pc-windows-msvc.rs","259","matched","runtime_values.go; object_ops.go","conformance/runtime-values/conformance_test.go; object_ops_test.go","Safe observable behavior is represented by the cited Go API and executable evidence."
"generated/src_binding_release_x86_64-pc-windows-msvc.rs:291:struct:v8::binding::v8_GCCallbackFlags","generated/src_binding_release_x86_64-pc-windows-msvc.rs","v8::binding::v8_GCCallbackFlags","struct","generated/src_binding_release_x86_64-pc-windows-msvc.rs","291","matched","runtime_values.go; object_ops.go","conformance/runtime-values/conformance_test.go; object_ops_test.go","Safe observable behavior is represented by the cited Go API and executable evidence."
"generated/src_binding_release_x86_64-pc-windows-msvc.rs:291:struct_field:v8::v8_GCCallbackFlags::0","generated/src_binding_release_x86_64-pc-windows-msvc.rs","v8::v8_GCCallbackFlags::0","struct_field","generated/src_binding_release_x86_64-pc-windows-msvc.rs","291","matched","runtime_values.go; object_ops.go","conformance/runtime-values/conformance_test.go; object_ops_test.go","Safe observable behavior is represented by the cited Go API and executable evidence."
"generated/src_binding_release_x86_64-pc-windows-msvc.rs:295:enum:v8::binding::v8_ModuleImportPhase","generated/src_binding_release_x86_64-pc-windows-msvc.rs","v8::binding::v8_ModuleImportPhase","enum","generated/src_binding_release_x86_64-pc-windows-msvc.rs","295","matched","runtime_values.go; object_ops.go","conformance/runtime-values/conformance_test.go; object_ops_test.go","Safe observable behavior is represented by the cited Go API and executable evidence."
"generated/src_binding_release_x86_64-pc-windows-msvc.rs:490:enum:v8::binding::v8_Intercepted","generated/src_binding_release_x86_64-pc-windows-msvc.rs","v8::binding::v8_Intercepted","enum","generated/src_binding_release_x86_64-pc-windows-msvc.rs","490","matched","runtime_values.go; object_ops.go","conformance/runtime-values/conformance_test.go; object_ops_test.go","Safe observable behavior is represented by the cited Go API and executable evidence."
"generated/src_binding_release_x86_64-pc-windows-msvc.rs:529:struct:v8::binding::RustObj","generated/src_binding_release_x86_64-pc-windows-msvc.rs","v8::binding::RustObj","struct","generated/src_binding_release_x86_64-pc-windows-msvc.rs","529","unsafe","No raw Go equivalent, safe higher-level behavior is exposed where applicable.","API_AUDIT.md#classification-boundary","Generated raw ABI layout, not a public Go ownership surface"
"generated/src_binding_release_x86_64-pc-windows-msvc.rs:530:struct_field:v8::RustObj::_base","generated/src_binding_release_x86_64-pc-windows-msvc.rs","v8::RustObj::_base","struct_field","generated/src_binding_release_x86_64-pc-windows-msvc.rs","530","unsafe","No raw Go equivalent, safe higher-level behavior is exposed where applicable.","API_AUDIT.md#classification-boundary","Generated raw ABI layout, not a public Go ownership surface"
"generated/src_binding_release_x86_64-pc-windows-msvc.rs:614:struct:v8::binding::Wrappable","generated/src_binding_release_x86_64-pc-windows-msvc.rs","v8::binding::Wrappable","struct","generated/src_binding_release_x86_64-pc-windows-msvc.rs","614","unsafe","No raw Go equivalent, safe higher-level behavior is exposed where applicable.","API_AUDIT.md#classification-boundary","Generated raw ABI layout, not a public Go ownership surface"
"generated/src_binding_release_x86_64-pc-windows-msvc.rs:615:struct_field:v8::Wrappable::_base_1","generated/src_binding_release_x86_64-pc-windows-msvc.rs","v8::Wrappable::_base_1","struct_field","generated/src_binding_release_x86_64-pc-windows-msvc.rs","615","unsafe","No raw Go equivalent, safe higher-level behavior is exposed where applicable.","API_AUDIT.md#classification-boundary","Generated raw ABI layout, not a public Go ownership surface"
"generated/src_binding_release_x86_64-pc-windows-msvc.rs:700:enum:v8::binding::UseCounterFeature","generated/src_binding_release_x86_64-pc-windows-msvc.rs","v8::binding::UseCounterFeature","enum","generated/src_binding_release_x86_64-pc-windows-msvc.rs","700","matched","runtime_values.go; object_ops.go","conformance/runtime-values/conformance_test.go; object_ops_test.go","Safe observable behavior is represented by the cited Go API and executable evidence."
"src/array_buffer.rs:134:struct:v8::array_buffer::Allocator","src/array_buffer.rs","v8::array_buffer::Allocator","struct","src/array_buffer.rs","134","matched","buffer.go; array_buffer_allocator.go","conformance/buffers/runner_test.go; conformance/array-buffer-allocator/conformance_test.go","Safe observable behavior is represented by the cited Go API and executable evidence."
"src/array_buffer.rs:139:struct:v8::array_buffer::RustAllocatorVtable","src/array_buffer.rs","v8::array_buffer::RustAllocatorVtable","struct","src/array_buffer.rs","139","unsafe","No raw Go equivalent, safe higher-level behavior is exposed where applicable.","API_AUDIT.md#classification-boundary","Raw allocator vtable or caller-owned backing pointer"
"src/array_buffer.rs:140:struct_field:v8::RustAllocatorVtable::allocate","src/array_buffer.rs","v8::RustAllocatorVtable::allocate","struct_field","src/array_buffer.rs","140","unsafe","No raw Go equivalent, safe higher-level behavior is exposed where applicable.","API_AUDIT.md#classification-boundary","Raw allocator vtable or caller-owned backing pointer"
"src/array_buffer.rs:141:struct_field:v8::RustAllocatorVtable::allocate_uninitialized","src/array_buffer.rs","v8::RustAllocatorVtable::allocate_uninitialized","struct_field","src/array_buffer.rs","141","unsafe","No raw Go equivalent, safe higher-level behavior is exposed where applicable.","API_AUDIT.md#classification-boundary","Raw allocator vtable or caller-owned backing pointer"
"src/array_buffer.rs:143:struct_field:v8::RustAllocatorVtable::free","src/array_buffer.rs","v8::RustAllocatorVtable::free","struct_field","src/array_buffer.rs","143","unsafe","No raw Go equivalent, safe higher-level behavior is exposed where applicable.","API_AUDIT.md#classification-boundary","Raw allocator vtable or caller-owned backing pointer"
"src/array_buffer.rs:144:struct_field:v8::RustAllocatorVtable::drop","src/array_buffer.rs","v8::RustAllocatorVtable::drop","struct_field","src/array_buffer.rs","144","unsafe","No raw Go equivalent, safe higher-level behavior is exposed where applicable.","API_AUDIT.md#classification-boundary","Raw allocator vtable or caller-owned backing pointer"
"src/array_buffer.rs:171:function:v8::array_buffer::new_default_allocator","src/array_buffer.rs","v8::array_buffer::new_default_allocator","function","src/array_buffer.rs","171","matched","buffer.go; array_buffer_allocator.go","conformance/buffers/runner_test.go; conformance/array-buffer-allocator/conformance_test.go","Safe observable behavior is represented by the cited Go API and executable evidence."
"src/array_buffer.rs:184:function:v8::array_buffer::new_rust_allocator","src/array_buffer.rs","v8::array_buffer::new_rust_allocator","function","src/array_buffer.rs","184","matched","buffer.go; array_buffer_allocator.go","conformance/buffers/runner_test.go; conformance/array-buffer-allocator/conformance_test.go","Safe observable behavior is represented by the cited Go API and executable evidence."
"src/array_buffer.rs:248:type_alias:v8::array_buffer::BackingStoreDeleterCallback","src/array_buffer.rs","v8::array_buffer::BackingStoreDeleterCallback","type_alias","src/array_buffer.rs","248","matched","buffer.go; array_buffer_allocator.go","conformance/buffers/runner_test.go; conformance/array-buffer-allocator/conformance_test.go","Safe observable behavior is represented by the cited Go API and executable evidence."
"src/array_buffer.rs:256:trait:v8::array_buffer::sealed::Rawable","src/array_buffer.rs","v8::array_buffer::sealed::Rawable","trait","src/array_buffer.rs","256","unsafe","No raw Go equivalent, safe higher-level behavior is exposed where applicable.","API_AUDIT.md#classification-boundary","Raw allocator vtable or caller-owned backing pointer"
"src/array_buffer.rs:257:function:v8::Rawable::byte_len","src/array_buffer.rs","v8::Rawable::byte_len","function","src/array_buffer.rs","257","unsafe","No raw Go equivalent, safe higher-level behavior is exposed where applicable.","API_AUDIT.md#classification-boundary","Raw allocator vtable or caller-owned backing pointer"
"src/array_buffer.rs:258:function:v8::Rawable::into_raw","src/array_buffer.rs","v8::Rawable::into_raw","function","src/array_buffer.rs","258","unsafe","No raw Go equivalent, safe higher-level behavior is exposed where applicable.","API_AUDIT.md#classification-boundary","Raw allocator vtable or caller-owned backing pointer"
"src/array_buffer.rs:259:function:v8::Rawable::drop_raw","src/array_buffer.rs","v8::Rawable::drop_raw","function","src/array_buffer.rs","259","unsafe","No raw Go equivalent, safe higher-level behavior is exposed where applicable.","API_AUDIT.md#classification-boundary","Raw allocator vtable or caller-owned backing pointer"
"src/array_buffer.rs:360:struct:v8::array_buffer::BackingStore","src/array_buffer.rs","v8::array_buffer::BackingStore","struct","src/array_buffer.rs","360","matched","buffer.go; array_buffer_allocator.go","conformance/buffers/runner_test.go; conformance/array-buffer-allocator/conformance_test.go","Safe observable behavior is represented by the cited Go API and executable evidence."
"src/array_buffer.rs:371:function:v8::BackingStore::data","src/array_buffer.rs","v8::BackingStore::data","function","src/array_buffer.rs","371","matched","buffer.go; array_buffer_allocator.go","conformance/buffers/runner_test.go; conformance/array-buffer-allocator/conformance_test.go","Safe observable behavior is represented by the cited Go API and executable evidence."
"src/array_buffer.rs:379:function:v8::BackingStore::byte_length","src/array_buffer.rs","v8::BackingStore::byte_length","function","src/array_buffer.rs","379","matched","buffer.go; array_buffer_allocator.go","conformance/buffers/runner_test.go; conformance/array-buffer-allocator/conformance_test.go","Safe observable behavior is represented by the cited Go API and executable evidence."
"src/array_buffer.rs:386:function:v8::BackingStore::is_shared","src/array_buffer.rs","v8::BackingStore::is_shared","function","src/array_buffer.rs","386","matched","buffer.go; array_buffer_allocator.go","conformance/buffers/runner_test.go; conformance/array-buffer-allocator/conformance_test.go","Safe observable behavior is represented by the cited Go API and executable evidence."
"src/array_buffer.rs:394:function:v8::BackingStore::is_resizable_by_user_javascript","src/array_buffer.rs","v8::BackingStore::is_resizable_by_user_javascript","function","src/array_buffer.rs","394","matched","buffer.go; array_buffer_allocator.go","conformance/buffers/runner_test.go; conformance/array-buffer-allocator/conformance_test.go","Safe observable behavior is represented by the cited Go API and executable evidence."
"src/array_buffer.rs:454:function:v8::ArrayBuffer::new","src/array_buffer.rs","v8::ArrayBuffer::new","function","src/array_buffer.rs","454","matched","buffer.go; array_buffer_allocator.go","conformance/buffers/runner_test.go; conformance/array-buffer-allocator/conformance_test.go","Safe observable behavior is represented by the cited Go API and executable evidence."
"src/array_buffer.rs:470:function:v8::ArrayBuffer::with_backing_store","src/array_buffer.rs","v8::ArrayBuffer::with_backing_store","function","src/array_buffer.rs","470","matched","buffer.go; array_buffer_allocator.go","conformance/buffers/runner_test.go; conformance/array-buffer-allocator/conformance_test.go","Safe observable behavior is represented by the cited Go API and executable evidence."
"src/array_buffer.rs:487:function:v8::ArrayBuffer::byte_length","src/array_buffer.rs","v8::ArrayBuffer::byte_length","function","src/array_buffer.rs","487","matched","buffer.go; array_buffer_allocator.go","conformance/buffers/runner_test.go; conformance/array-buffer-allocator/conformance_test.go","Safe observable behavior is represented by the cited Go API and executable evidence."
"src/array_buffer.rs:493:function:v8::ArrayBuffer::is_detachable","src/array_buffer.rs","v8::ArrayBuffer::is_detachable","function","src/array_buffer.rs","493","matched","buffer.go; array_buffer_allocator.go","conformance/buffers/runner_test.go; conformance/array-buffer-allocator/conformance_test.go","Safe observable behavior is represented by the cited Go API and executable evidence."
"src/array_buffer.rs:499:function:v8::ArrayBuffer::was_detached","src/array_buffer.rs","v8::ArrayBuffer::was_detached","function","src/array_buffer.rs","499","matched","buffer.go; array_buffer_allocator.go","conformance/buffers/runner_test.go; conformance/array-buffer-allocator/conformance_test.go","Safe observable behavior is represented by the cited Go API and executable evidence."
"src/array_buffer.rs:513:function:v8::ArrayBuffer::detach","src/array_buffer.rs","v8::ArrayBuffer::detach","function","src/array_buffer.rs","513","matched","buffer.go; array_buffer_allocator.go","conformance/buffers/runner_test.go; conformance/array-buffer-allocator/conformance_test.go","Safe observable behavior is represented by the cited Go API and executable evidence."
"src/array_buffer.rs:526:function:v8::ArrayBuffer::set_detach_key","src/array_buffer.rs","v8::ArrayBuffer::set_detach_key","function","src/array_buffer.rs","526","matched","buffer.go; array_buffer_allocator.go","conformance/buffers/runner_test.go; conformance/array-buffer-allocator/conformance_test.go","Safe observable behavior is represented by the cited Go API and executable evidence."
"src/array_buffer.rs:533:function:v8::ArrayBuffer::data","src/array_buffer.rs","v8::ArrayBuffer::data","function","src/array_buffer.rs","533","matched","buffer.go; array_buffer_allocator.go","conformance/buffers/runner_test.go; conformance/array-buffer-allocator/conformance_test.go","Safe observable behavior is represented by the cited Go API and executable evidence."
"src/array_buffer.rs:543:function:v8::ArrayBuffer::get_backing_store","src/array_buffer.rs","v8::ArrayBuffer::get_backing_store","function","src/array_buffer.rs","543","matched","buffer.go; array_buffer_allocator.go","conformance/buffers/runner_test.go; conformance/array-buffer-allocator/conformance_test.go","Safe observable behavior is represented by the cited Go API and executable evidence."
"src/array_buffer.rs:555:function:v8::ArrayBuffer::new_backing_store","src/array_buffer.rs","v8::ArrayBuffer::new_backing_store","function","src/array_buffer.rs","555","matched","buffer.go; array_buffer_allocator.go","conformance/buffers/runner_test.go; conformance/array-buffer-allocator/conformance_test.go","Safe observable behavior is represented by the cited Go API and executable evidence."
"src/array_buffer.rs:578:function:v8::ArrayBuffer::new_backing_store_from_boxed_slice","src/array_buffer.rs","v8::ArrayBuffer::new_backing_store_from_boxed_slice","function","src/array_buffer.rs","578","matched","buffer.go; array_buffer_allocator.go","conformance/buffers/runner_test.go; conformance/array-buffer-allocator/conformance_test.go","Safe observable behavior is represented by the cited Go API and executable evidence."
"src/array_buffer.rs:595:function:v8::ArrayBuffer::new_backing_store_from_vec","src/array_buffer.rs","v8::ArrayBuffer::new_backing_store_from_vec","function","src/array_buffer.rs","595","matched","buffer.go; array_buffer_allocator.go","conformance/buffers/runner_test.go; conformance/array-buffer-allocator/conformance_test.go","Safe observable behavior is represented by the cited Go API and executable evidence."
"src/array_buffer.rs:624:function:v8::ArrayBuffer::new_backing_store_from_bytes","src/array_buffer.rs","v8::ArrayBuffer::new_backing_store_from_bytes","function","src/array_buffer.rs","624","matched","buffer.go; array_buffer_allocator.go","conformance/buffers/runner_test.go; conformance/array-buffer-allocator/conformance_test.go","Safe observable behavior is represented by the cited Go API and executable evidence."
"src/array_buffer.rs:666:function:v8::ArrayBuffer::new_backing_store_from_ptr","src/array_buffer.rs","v8::ArrayBuffer::new_backing_store_from_ptr","function","src/array_buffer.rs","666","matched","buffer.go","buffer_test.go; conformance/buffers/runner_test.go","Safe observable behavior is represented by the cited Go API and executable evidence."
"src/array_buffer.rs:686:function:v8::DataView::new","src/array_buffer.rs","v8::DataView::new","function","src/array_buffer.rs","686","matched","buffer.go; array_buffer_allocator.go","conformance/buffers/runner_test.go; conformance/array-buffer-allocator/conformance_test.go","Safe observable behavior is represented by the cited Go API and executable evidence."
"src/array_buffer_view.rs:37:function:v8::ArrayBufferView::buffer","src/array_buffer_view.rs","v8::ArrayBufferView::buffer","function","src/array_buffer_view.rs","37","matched","buffer.go; typed_arrays.go","conformance/buffers/runner_test.go; conformance/typed-arrays/runner_test.go","Safe observable behavior is represented by the cited Go API and executable evidence."
"src/array_buffer_view.rs:45:function:v8::ArrayBufferView::has_buffer","src/array_buffer_view.rs","v8::ArrayBufferView::has_buffer","function","src/array_buffer_view.rs","45","matched","buffer.go; typed_arrays.go","conformance/buffers/runner_test.go; conformance/typed-arrays/runner_test.go","Safe observable behavior is represented by the cited Go API and executable evidence."
"src/array_buffer_view.rs:54:function:v8::ArrayBufferView::get_backing_store","src/array_buffer_view.rs","v8::ArrayBufferView::get_backing_store","function","src/array_buffer_view.rs","54","matched","buffer.go; typed_arrays.go","conformance/buffers/runner_test.go; conformance/typed-arrays/runner_test.go","Safe observable behavior is represented by the cited Go API and executable evidence."
"src/array_buffer_view.rs:63:function:v8::ArrayBufferView::data","src/array_buffer_view.rs","v8::ArrayBufferView::data","function","src/array_buffer_view.rs","63","matched","buffer.go; typed_arrays.go","conformance/buffers/runner_test.go; conformance/typed-arrays/runner_test.go","Safe observable behavior is represented by the cited Go API and executable evidence."
"src/array_buffer_view.rs:72:function:v8::ArrayBufferView::byte_length","src/array_buffer_view.rs","v8::ArrayBufferView::byte_length","function","src/array_buffer_view.rs","72","matched","buffer.go; typed_arrays.go","conformance/buffers/runner_test.go; conformance/typed-arrays/runner_test.go","Safe observable behavior is represented by the cited Go API and executable evidence."
"src/array_buffer_view.rs:78:function:v8::ArrayBufferView::byte_offset","src/array_buffer_view.rs","v8::ArrayBufferView::byte_offset","function","src/array_buffer_view.rs","78","matched","buffer.go; typed_arrays.go","conformance/buffers/runner_test.go; conformance/typed-arrays/runner_test.go","Safe observable behavior is represented by the cited Go API and executable evidence."
"src/array_buffer_view.rs:87:function:v8::ArrayBufferView::copy_contents","src/array_buffer_view.rs","v8::ArrayBufferView::copy_contents","function","src/array_buffer_view.rs","87","matched","buffer.go; typed_arrays.go","conformance/buffers/runner_test.go; conformance/typed-arrays/runner_test.go","Safe observable behavior is represented by the cited Go API and executable evidence."
"src/array_buffer_view.rs:102:function:v8::ArrayBufferView::copy_contents_uninit","src/array_buffer_view.rs","v8::ArrayBufferView::copy_contents_uninit","function","src/array_buffer_view.rs","102","matched","buffer.go; typed_arrays.go","conformance/buffers/runner_test.go; conformance/typed-arrays/runner_test.go","Safe observable behavior is represented by the cited Go API and executable evidence."
"src/array_buffer_view.rs:118:function:v8::ArrayBufferView::get_contents_raw_parts","src/array_buffer_view.rs","v8::ArrayBufferView::get_contents_raw_parts","function","src/array_buffer_view.rs","118","matched","buffer.go; typed_arrays.go","conformance/buffers/runner_test.go; conformance/typed-arrays/runner_test.go","Safe observable behavior is represented by the cited Go API and executable evidence."
"src/array_buffer_view.rs:140:function:v8::ArrayBufferView::get_contents","src/array_buffer_view.rs","v8::ArrayBufferView::get_contents","function","src/array_buffer_view.rs","140","matched","buffer.go; typed_arrays.go","conformance/buffers/runner_test.go; conformance/typed-arrays/runner_test.go","Safe observable behavior is represented by the cited Go API and executable evidence."
"src/bigint.rs:35:function:v8::BigInt::new_from_i64","src/bigint.rs","v8::BigInt::new_from_i64","function","src/bigint.rs","35","matched","strings_bigint.go","conformance/strings-bigint/runner_test.go","Safe observable behavior is represented by the cited Go API and executable evidence."
"src/bigint.rs:46:function:v8::BigInt::new_from_u64","src/bigint.rs","v8::BigInt::new_from_u64","function","src/bigint.rs","46","matched","strings_bigint.go","conformance/strings-bigint/runner_test.go","Safe observable behavior is represented by the cited Go API and executable evidence."
"src/bigint.rs:64:function:v8::BigInt::new_from_words","src/bigint.rs","v8::BigInt::new_from_words","function","src/bigint.rs","64","matched","strings_bigint.go","conformance/strings-bigint/runner_test.go","Safe observable behavior is represented by the cited Go API and executable evidence."
"src/bigint.rs:86:function:v8::BigInt::u64_value","src/bigint.rs","v8::BigInt::u64_value","function","src/bigint.rs","86","matched","strings_bigint.go","conformance/strings-bigint/runner_test.go","Safe observable behavior is represented by the cited Go API and executable evidence."
"src/bigint.rs:97:function:v8::BigInt::i64_value","src/bigint.rs","v8::BigInt::i64_value","function","src/bigint.rs","97","matched","strings_bigint.go","conformance/strings-bigint/runner_test.go","Safe observable behavior is represented by the cited Go API and executable evidence."
"src/bigint.rs:107:function:v8::BigInt::word_count","src/bigint.rs","v8::BigInt::word_count","function","src/bigint.rs","107","matched","strings_bigint.go","conformance/strings-bigint/runner_test.go","Safe observable behavior is represented by the cited Go API and executable evidence."
"src/bigint.rs:115:function:v8::BigInt::to_words_array","src/bigint.rs","v8::BigInt::to_words_array","function","src/bigint.rs","115","matched","strings_bigint.go","conformance/strings-bigint/runner_test.go","Safe observable behavior is represented by the cited Go API and executable evidence."
"src/context.rs:83:struct:v8::context::ContextOptions","src/context.rs","v8::context::ContextOptions","struct","src/context.rs","83","matched","scope.go; context_residual.go; context_scopes_advanced.go","conformance/context-residual/conformance_test.go; conformance/context-scopes-advanced/conformance_test.go","Safe observable behavior is represented by the cited Go API and executable evidence."
"src/context.rs:86:struct_field:v8::ContextOptions::global_template","src/context.rs","v8::ContextOptions::global_template","struct_field","src/context.rs","86","matched","scope.go; context_residual.go; context_scopes_advanced.go","conformance/context-residual/conformance_test.go; conformance/context-scopes-advanced/conformance_test.go","Safe observable behavior is represented by the cited Go API and executable evidence."
"src/context.rs:91:struct_field:v8::ContextOptions::global_object","src/context.rs","v8::ContextOptions::global_object","struct_field","src/context.rs","91","matched","scope.go; context_residual.go; context_scopes_advanced.go","conformance/context-residual/conformance_test.go; conformance/context-scopes-advanced/conformance_test.go","Safe observable behavior is represented by the cited Go API and executable evidence."
"src/context.rs:94:struct_field:v8::ContextOptions::microtask_queue","src/context.rs","v8::ContextOptions::microtask_queue","struct_field","src/context.rs","94","matched","scope.go; context_residual.go; context_scopes_advanced.go","conformance/context-residual/conformance_test.go; conformance/context-scopes-advanced/conformance_test.go","Safe observable behavior is represented by the cited Go API and executable evidence."
"src/context.rs:103:function:v8::Context::new","src/context.rs","v8::Context::new","function","src/context.rs","103","matched","scope.go; context_residual.go; context_scopes_advanced.go","conformance/context-residual/conformance_test.go; conformance/context-scopes-advanced/conformance_test.go","Safe observable behavior is represented by the cited Go API and executable evidence."
"src/context.rs:123:function:v8::Context::get_extras_binding_object","src/context.rs","v8::Context::get_extras_binding_object","function","src/context.rs","123","matched","scope.go; context_residual.go; context_scopes_advanced.go","conformance/context-residual/conformance_test.go; conformance/context-scopes-advanced/conformance_test.go","Safe observable behavior is represented by the cited Go API and executable evidence."
"src/context.rs:142:function:v8::Context::global","src/context.rs","v8::Context::global","function","src/context.rs","142","matched","scope.go; context_residual.go; context_scopes_advanced.go","conformance/context-residual/conformance_test.go; conformance/context-scopes-advanced/conformance_test.go","Safe observable behavior is represented by the cited Go API and executable evidence."
"src/context.rs:152:function:v8::Context::get_microtask_queue","src/context.rs","v8::Context::get_microtask_queue","function","src/context.rs","152","matched","scope.go; context_residual.go; context_scopes_advanced.go","conformance/context-residual/conformance_test.go; conformance/context-scopes-advanced/conformance_test.go","Safe observable behavior is represented by the cited Go API and executable evidence."
"src/context.rs:166:function:v8::Context::set_microtask_queue","src/context.rs","v8::Context::set_microtask_queue","function","src/context.rs","166","matched","scope.go; context_residual.go; context_scopes_advanced.go","conformance/context-residual/conformance_test.go; conformance/context-scopes-advanced/conformance_test.go","Safe observable behavior is represented by the cited Go API and executable evidence."
"src/context.rs:259:function:v8::Context::get_slot","src/context.rs","v8::Context::get_slot","function","src/context.rs","259","matched","scope.go; context_residual.go; context_scopes_advanced.go","conformance/context-residual/conformance_test.go; conformance/context-scopes-advanced/conformance_test.go","Safe observable behavior is represented by the cited Go API and executable evidence."
"src/context.rs:283:function:v8::Context::set_slot","src/context.rs","v8::Context::set_slot","function","src/context.rs","283","matched","scope.go; context_residual.go; context_scopes_advanced.go","conformance/context-residual/conformance_test.go; conformance/context-scopes-advanced/conformance_test.go","Safe observable behavior is represented by the cited Go API and executable evidence."
"src/context.rs:299:function:v8::Context::remove_slot","src/context.rs","v8::Context::remove_slot","function","src/context.rs","299","matched","scope.go; context_residual.go; context_scopes_advanced.go","conformance/context-residual/conformance_test.go; conformance/context-scopes-advanced/conformance_test.go","Safe observable behavior is represented by the cited Go API and executable evidence."
"src/context.rs:319:function:v8::Context::clear_all_slots","src/context.rs","v8::Context::clear_all_slots","function","src/context.rs","319","matched","scope.go; context_residual.go; context_scopes_advanced.go","conformance/context-residual/conformance_test.go; conformance/context-scopes-advanced/conformance_test.go","Safe observable behavior is represented by the cited Go API and executable evidence."
"src/context.rs:337:function:v8::Context::set_embedder_data","src/context.rs","v8::Context::set_embedder_data","function","src/context.rs","337","matched","scope.go; context_residual.go; context_scopes_advanced.go","conformance/context-residual/conformance_test.go; conformance/context-scopes-advanced/conformance_test.go","Safe observable behavior is represented by the cited Go API and executable evidence."
"src/context.rs:353:function:v8::Context::get_embedder_data","src/context.rs","v8::Context::get_embedder_data","function","src/context.rs","353","matched","scope.go; context_residual.go; context_scopes_advanced.go","conformance/context-residual/conformance_test.go; conformance/context-scopes-advanced/conformance_test.go","Safe observable behavior is represented by the cited Go API and executable evidence."
"src/context.rs:366:function:v8::Context::set_aligned_pointer_in_embedder_data","src/context.rs","v8::Context::set_aligned_pointer_in_embedder_data","function","src/context.rs","366","matched","scope.go; context_residual.go; context_scopes_advanced.go","conformance/context-residual/conformance_test.go; conformance/context-scopes-advanced/conformance_test.go","Safe observable behavior is represented by the cited Go API and executable evidence."
"src/context.rs:384:function:v8::Context::get_aligned_pointer_from_embedder_data","src/context.rs","v8::Context::get_aligned_pointer_from_embedder_data","function","src/context.rs","384","matched","scope.go; context_residual.go; context_scopes_advanced.go","conformance/context-residual/conformance_test.go; conformance/context-scopes-advanced/conformance_test.go","Safe observable behavior is represented by the cited Go API and executable evidence."
"src/context.rs:399:function:v8::Context::from_snapshot","src/context.rs","v8::Context::from_snapshot","function","src/context.rs","399","matched","scope.go; context_residual.go; context_scopes_advanced.go","conformance/context-residual/conformance_test.go; conformance/context-scopes-advanced/conformance_test.go","Safe observable behavior is represented by the cited Go API and executable evidence."
"src/context.rs:417:function:v8::Context::get_security_token","src/context.rs","v8::Context::get_security_token","function","src/context.rs","417","matched","scope.go; context_residual.go; context_scopes_advanced.go","conformance/context-residual/conformance_test.go; conformance/context-scopes-advanced/conformance_test.go","Safe observable behavior is represented by the cited Go API and executable evidence."
"src/context.rs:426:function:v8::Context::set_security_token","src/context.rs","v8::Context::set_security_token","function","src/context.rs","426","matched","scope.go; context_residual.go; context_scopes_advanced.go","conformance/context-residual/conformance_test.go; conformance/context-scopes-advanced/conformance_test.go","Safe observable behavior is represented by the cited Go API and executable evidence."
"src/context.rs:433:function:v8::Context::use_default_security_token","src/context.rs","v8::Context::use_default_security_token","function","src/context.rs","433","matched","scope.go; context_residual.go; context_scopes_advanced.go","conformance/context-residual/conformance_test.go; conformance/context-scopes-advanced/conformance_test.go","Safe observable behavior is represented by the cited Go API and executable evidence."
"src/context.rs:439:function:v8::Context::set_allow_generation_from_strings","src/context.rs","v8::Context::set_allow_generation_from_strings","function","src/context.rs","439","matched","scope.go; context_residual.go; context_scopes_advanced.go","conformance/context-residual/conformance_test.go; conformance/context-scopes-advanced/conformance_test.go","Safe observable behavior is represented by the cited Go API and executable evidence."
"src/context.rs:445:function:v8::Context::is_code_generation_from_strings_allowed","src/context.rs","v8::Context::is_code_generation_from_strings_allowed","function","src/context.rs","445","matched","scope.go; context_residual.go; context_scopes_advanced.go","conformance/context-residual/conformance_test.go; conformance/context-scopes-advanced/conformance_test.go","Safe observable behavior is represented by the cited Go API and executable evidence."
"src/cppgc.rs:3:module:v8::cppgc","src/cppgc.rs","v8::cppgc","module","src/cppgc.rs","3","matched","cppgc.go; cppgc_member.go; cppgc_persistent.go; cppgc_generic_residual.go; cppgc_generic_graph.go","conformance/cppgc-generic-breadth/conformance_test.go; conformance/cppgc-member/conformance_test.go; conformance/cppgc-persistent/conformance_test.go","Safe observable behavior is represented by the cited Go API and executable evidence."
"src/cppgc.rs:120:function:v8::cppgc::initialize_process","src/cppgc.rs","v8::cppgc::initialize_process","function","src/cppgc.rs","120","matched","cppgc.go; cppgc_member.go; cppgc_persistent.go; cppgc_generic_residual.go; cppgc_generic_graph.go","conformance/cppgc-generic-breadth/conformance_test.go; conformance/cppgc-member/conformance_test.go; conformance/cppgc-persistent/conformance_test.go","Safe observable behavior is represented by the cited Go API and executable evidence."
"src/cppgc.rs:131:function:v8::cppgc::shutdown_process","src/cppgc.rs","v8::cppgc::shutdown_process","function","src/cppgc.rs","131","matched","cppgc.go; cppgc_member.go; cppgc_persistent.go; cppgc_generic_residual.go; cppgc_generic_graph.go","conformance/cppgc-generic-breadth/conformance_test.go; conformance/cppgc-member/conformance_test.go; conformance/cppgc-persistent/conformance_test.go","Safe observable behavior is represented by the cited Go API and executable evidence."
"src/cppgc.rs:158:struct:v8::cppgc::Visitor","src/cppgc.rs","v8::cppgc::Visitor","struct","src/cppgc.rs","158","partial","cppgc.go; cppgc_member.go; cppgc_generic_graph.go","conformance/cppgc-generic-breadth/conformance_test.go; conformance/cppgc-member/conformance_test.go","Behavior is matched through an owner-mediated Go facade; the literal borrowed or freely generic Rust type shape is intentionally absent."
"src/cppgc.rs:163:function:v8::cppgc::Visitor::trace","src/cppgc.rs","v8::cppgc::Visitor::trace","function","src/cppgc.rs","163","partial","cppgc.go; cppgc_member.go; cppgc_generic_graph.go","conformance/cppgc-generic-breadth/conformance_test.go; conformance/cppgc-member/conformance_test.go","Behavior is matched through an owner-mediated Go facade; the literal borrowed or freely generic Rust type shape is intentionally absent."
"src/cppgc.rs:170:trait:v8::cppgc::Traced","src/cppgc.rs","v8::cppgc::Traced","trait","src/cppgc.rs","170","partial","cppgc.go; cppgc_member.go; cppgc_generic_graph.go","conformance/cppgc-generic-breadth/conformance_test.go; conformance/cppgc-member/conformance_test.go","Behavior is matched through an owner-mediated Go facade; the literal borrowed or freely generic Rust type shape is intentionally absent."
"src/cppgc.rs:172:function:v8::cppgc::Traced::trace","src/cppgc.rs","v8::cppgc::Traced::trace","function","src/cppgc.rs","172","partial","cppgc.go; cppgc_member.go; cppgc_generic_graph.go","conformance/cppgc-generic-breadth/conformance_test.go; conformance/cppgc-member/conformance_test.go","Behavior is matched through an owner-mediated Go facade; the literal borrowed or freely generic Rust type shape is intentionally absent."
"src/cppgc.rs:195:enum:v8::cppgc::EmbedderStackState","src/cppgc.rs","v8::cppgc::EmbedderStackState","enum","src/cppgc.rs","195","matched","cppgc.go; cppgc_member.go; cppgc_persistent.go; cppgc_generic_residual.go; cppgc_generic_graph.go","conformance/cppgc-generic-breadth/conformance_test.go; conformance/cppgc-member/conformance_test.go; conformance/cppgc-persistent/conformance_test.go","Safe observable behavior is represented by the cited Go API and executable evidence."
"src/cppgc.rs:197:variant:v8::cppgc::EmbedderStackState::MayContainHeapPointers","src/cppgc.rs","v8::cppgc::EmbedderStackState::MayContainHeapPointers","variant","src/cppgc.rs","197","matched","cppgc.go; cppgc_member.go; cppgc_persistent.go; cppgc_generic_residual.go; cppgc_generic_graph.go","conformance/cppgc-generic-breadth/conformance_test.go; conformance/cppgc-member/conformance_test.go; conformance/cppgc-persistent/conformance_test.go","Safe observable behavior is represented by the cited Go API and executable evidence."
"src/cppgc.rs:199:variant:v8::cppgc::EmbedderStackState::NoHeapPointers","src/cppgc.rs","v8::cppgc::EmbedderStackState::NoHeapPointers","variant","src/cppgc.rs","199","matched","cppgc.go; cppgc_member.go; cppgc_persistent.go; cppgc_generic_residual.go; cppgc_generic_graph.go","conformance/cppgc-generic-breadth/conformance_test.go; conformance/cppgc-member/conformance_test.go; conformance/cppgc-persistent/conformance_test.go","Safe observable behavior is represented by the cited Go API and executable evidence."
"src/cppgc.rs:204:enum:v8::cppgc::MarkingType","src/cppgc.rs","v8::cppgc::MarkingType","enum","src/cppgc.rs","204","matched","cppgc.go; cppgc_member.go; cppgc_persistent.go; cppgc_generic_residual.go; cppgc_generic_graph.go","conformance/cppgc-generic-breadth/conformance_test.go; conformance/cppgc-member/conformance_test.go; conformance/cppgc-persistent/conformance_test.go","Safe observable behavior is represented by the cited Go API and executable evidence."
"src/cppgc.rs:206:variant:v8::cppgc::MarkingType::Atomic","src/cppgc.rs","v8::cppgc::MarkingType::Atomic","variant","src/cppgc.rs","206","matched","cppgc.go; cppgc_member.go; cppgc_persistent.go; cppgc_generic_residual.go; cppgc_generic_graph.go","conformance/cppgc-generic-breadth/conformance_test.go; conformance/cppgc-member/conformance_test.go; conformance/cppgc-persistent/conformance_test.go","Safe observable behavior is represented by the cited Go API and executable evidence."
"src/cppgc.rs:208:variant:v8::cppgc::MarkingType::Incremental","src/cppgc.rs","v8::cppgc::MarkingType::Incremental","variant","src/cppgc.rs","208","matched","cppgc.go; cppgc_member.go; cppgc_persistent.go; cppgc_generic_residual.go; cppgc_generic_graph.go","conformance/cppgc-generic-breadth/conformance_test.go; conformance/cppgc-member/conformance_test.go; conformance/cppgc-persistent/conformance_test.go","Safe observable behavior is represented by the cited Go API and executable evidence."
"src/cppgc.rs:210:variant:v8::cppgc::MarkingType::IncrementalAndConcurrent","src/cppgc.rs","v8::cppgc::MarkingType::IncrementalAndConcurrent","variant","src/cppgc.rs","210","matched","cppgc.go; cppgc_member.go; cppgc_persistent.go; cppgc_generic_residual.go; cppgc_generic_graph.go","conformance/cppgc-generic-breadth/conformance_test.go; conformance/cppgc-member/conformance_test.go; conformance/cppgc-persistent/conformance_test.go","Safe observable behavior is represented by the cited Go API and executable evidence."
"src/cppgc.rs:215:enum:v8::cppgc::SweepingType","src/cppgc.rs","v8::cppgc::SweepingType","enum","src/cppgc.rs","215","matched","cppgc.go; cppgc_member.go; cppgc_persistent.go; cppgc_generic_residual.go; cppgc_generic_graph.go","conformance/cppgc-generic-breadth/conformance_test.go; conformance/cppgc-member/conformance_test.go; conformance/cppgc-persistent/conformance_test.go","Safe observable behavior is represented by the cited Go API and executable evidence."
"src/cppgc.rs:217:variant:v8::cppgc::SweepingType::Atomic","src/cppgc.rs","v8::cppgc::SweepingType::Atomic","variant","src/cppgc.rs","217","matched","cppgc.go; cppgc_member.go; cppgc_persistent.go; cppgc_generic_residual.go; cppgc_generic_graph.go","conformance/cppgc-generic-breadth/conformance_test.go; conformance/cppgc-member/conformance_test.go; conformance/cppgc-persistent/conformance_test.go","Safe observable behavior is represented by the cited Go API and executable evidence."
"src/cppgc.rs:219:variant:v8::cppgc::SweepingType::Incremental","src/cppgc.rs","v8::cppgc::SweepingType::Incremental","variant","src/cppgc.rs","219","matched","cppgc.go; cppgc_member.go; cppgc_persistent.go; cppgc_generic_residual.go; cppgc_generic_graph.go","conformance/cppgc-generic-breadth/conformance_test.go; conformance/cppgc-member/conformance_test.go; conformance/cppgc-persistent/conformance_test.go","Safe observable behavior is represented by the cited Go API and executable evidence."
"src/cppgc.rs:221:variant:v8::cppgc::SweepingType::IncrementalAndConcurrent","src/cppgc.rs","v8::cppgc::SweepingType::IncrementalAndConcurrent","variant","src/cppgc.rs","221","matched","cppgc.go; cppgc_member.go; cppgc_persistent.go; cppgc_generic_residual.go; cppgc_generic_graph.go","conformance/cppgc-generic-breadth/conformance_test.go; conformance/cppgc-member/conformance_test.go; conformance/cppgc-persistent/conformance_test.go","Safe observable behavior is represented by the cited Go API and executable evidence."
"src/cppgc.rs:224:type_alias:v8::cppgc::InternalFieldIndex","src/cppgc.rs","v8::cppgc::InternalFieldIndex","type_alias","src/cppgc.rs","224","partial","cppgc.go; cppgc_member.go; cppgc_generic_graph.go","conformance/cppgc-generic-breadth/conformance_test.go; conformance/cppgc-member/conformance_test.go","Behavior is matched through an owner-mediated Go facade; the literal borrowed or freely generic Rust type shape is intentionally absent."
"src/cppgc.rs:226:struct:v8::cppgc::HeapCreateParams","src/cppgc.rs","v8::cppgc::HeapCreateParams","struct","src/cppgc.rs","226","matched","cppgc.go; cppgc_member.go; cppgc_persistent.go; cppgc_generic_residual.go; cppgc_generic_graph.go","conformance/cppgc-generic-breadth/conformance_test.go; conformance/cppgc-member/conformance_test.go; conformance/cppgc-persistent/conformance_test.go","Safe observable behavior is represented by the cited Go API and executable evidence."
"src/cppgc.rs:228:struct_field:v8::cppgc::HeapCreateParams::marking_support","src/cppgc.rs","v8::cppgc::HeapCreateParams::marking_support","struct_field","src/cppgc.rs","228","matched","cppgc.go; cppgc_member.go; cppgc_persistent.go; cppgc_generic_residual.go; cppgc_generic_graph.go","conformance/cppgc-generic-breadth/conformance_test.go; conformance/cppgc-member/conformance_test.go; conformance/cppgc-persistent/conformance_test.go","Safe observable behavior is represented by the cited Go API and executable evidence."
"src/cppgc.rs:230:struct_field:v8::cppgc::HeapCreateParams::sweeping_support","src/cppgc.rs","v8::cppgc::HeapCreateParams::sweeping_support","struct_field","src/cppgc.rs","230","matched","cppgc.go; cppgc_member.go; cppgc_persistent.go; cppgc_generic_residual.go; cppgc_generic_graph.go","conformance/cppgc-generic-breadth/conformance_test.go; conformance/cppgc-member/conformance_test.go; conformance/cppgc-persistent/conformance_test.go","Safe observable behavior is represented by the cited Go API and executable evidence."
"src/cppgc.rs:248:struct:v8::cppgc::Heap","src/cppgc.rs","v8::cppgc::Heap","struct","src/cppgc.rs","248","matched","cppgc.go; cppgc_member.go; cppgc_persistent.go; cppgc_generic_residual.go; cppgc_generic_graph.go","conformance/cppgc-generic-breadth/conformance_test.go; conformance/cppgc-member/conformance_test.go; conformance/cppgc-persistent/conformance_test.go","Safe observable behavior is represented by the cited Go API and executable evidence."
"src/cppgc.rs:259:function:v8::cppgc::Heap::create","src/cppgc.rs","v8::cppgc::Heap::create","function","src/cppgc.rs","259","matched","cppgc.go; cppgc_member.go; cppgc_persistent.go; cppgc_generic_residual.go; cppgc_generic_graph.go","conformance/cppgc-generic-breadth/conformance_test.go; conformance/cppgc-member/conformance_test.go; conformance/cppgc-persistent/conformance_test.go","Safe observable behavior is represented by the cited Go API and executable evidence."
"src/cppgc.rs:272:function:v8::cppgc::Heap::collect_garbage_for_testing","src/cppgc.rs","v8::cppgc::Heap::collect_garbage_for_testing","function","src/cppgc.rs","272","matched","cppgc.go; cppgc_member.go; cppgc_persistent.go; cppgc_generic_residual.go; cppgc_generic_graph.go","conformance/cppgc-generic-breadth/conformance_test.go; conformance/cppgc-member/conformance_test.go; conformance/cppgc-persistent/conformance_test.go","Safe observable behavior is represented by the cited Go API and executable evidence."
"src/cppgc.rs:284:function:v8::cppgc::Heap::enable_detached_garbage_collections_for_testing","src/cppgc.rs","v8::cppgc::Heap::enable_detached_garbage_collections_for_testing","function","src/cppgc.rs","284","matched","cppgc.go; cppgc_member.go; cppgc_persistent.go; cppgc_generic_residual.go; cppgc_generic_graph.go","conformance/cppgc-generic-breadth/conformance_test.go; conformance/cppgc-member/conformance_test.go; conformance/cppgc-persistent/conformance_test.go","Safe observable behavior is represented by the cited Go API and executable evidence."
"src/cppgc.rs:292:function:v8::cppgc::Heap::terminate","src/cppgc.rs","v8::cppgc::Heap::terminate","function","src/cppgc.rs","292","matched","cppgc.go; cppgc_member.go; cppgc_persistent.go; cppgc_generic_residual.go; cppgc_generic_graph.go","conformance/cppgc-generic-breadth/conformance_test.go; conformance/cppgc-member/conformance_test.go; conformance/cppgc-persistent/conformance_test.go","Safe observable behavior is represented by the cited Go API and executable evidence."
"src/cppgc.rs:307:trait:v8::cppgc::GarbageCollected","src/cppgc.rs","v8::cppgc::GarbageCollected","trait","src/cppgc.rs","307","matched","cppgc.go; cppgc_member.go; cppgc_persistent.go; cppgc_generic_residual.go; cppgc_generic_graph.go","conformance/cppgc-generic-breadth/conformance_test.go; conformance/cppgc-member/conformance_test.go; conformance/cppgc-persistent/conformance_test.go","Safe observable behavior is represented by the cited Go API and executable evidence."
"src/cppgc.rs:311:function:v8::cppgc::GarbageCollected::trace","src/cppgc.rs","v8::cppgc::GarbageCollected::trace","function","src/cppgc.rs","311","matched","cppgc.go; cppgc_member.go; cppgc_persistent.go; cppgc_generic_residual.go; cppgc_generic_graph.go","conformance/cppgc-generic-breadth/conformance_test.go; conformance/cppgc-member/conformance_test.go; conformance/cppgc-persistent/conformance_test.go","Safe observable behavior is represented by the cited Go API and executable evidence."
"src/cppgc.rs:322:function:v8::cppgc::GarbageCollected::get_name","src/cppgc.rs","v8::cppgc::GarbageCollected::get_name","function","src/cppgc.rs","322","matched","cppgc.go; cppgc_member.go; cppgc_persistent.go; cppgc_generic_residual.go; cppgc_generic_graph.go","conformance/cppgc-generic-breadth/conformance_test.go; conformance/cppgc-member/conformance_test.go; conformance/cppgc-persistent/conformance_test.go","Safe observable behavior is represented by the cited Go API and executable evidence."
"src/cppgc.rs:360:function:v8::cppgc::make_garbage_collected","src/cppgc.rs","v8::cppgc::make_garbage_collected","function","src/cppgc.rs","360","matched","cppgc.go; cppgc_member.go; cppgc_persistent.go; cppgc_generic_residual.go; cppgc_generic_graph.go","conformance/cppgc-generic-breadth/conformance_test.go; conformance/cppgc-member/conformance_test.go; conformance/cppgc-persistent/conformance_test.go","Safe observable behavior is represented by the cited Go API and executable evidence."
"src/cppgc.rs:413:struct:v8::cppgc::UnsafePtr","src/cppgc.rs","v8::cppgc::UnsafePtr","struct","src/cppgc.rs","413","partial","cppgc.go; cppgc_member.go; cppgc_generic_graph.go","conformance/cppgc-generic-breadth/conformance_test.go; conformance/cppgc-member/conformance_test.go","Behavior is matched through an owner-mediated Go facade; the literal borrowed or freely generic Rust type shape is intentionally absent."
"src/cppgc.rs:425:function:v8::cppgc::UnsafePtr::new","src/cppgc.rs","v8::cppgc::UnsafePtr::new","function","src/cppgc.rs","425","partial","cppgc.go; cppgc_member.go; cppgc_generic_graph.go","conformance/cppgc-generic-breadth/conformance_test.go; conformance/cppgc-member/conformance_test.go","Behavior is matched through an owner-mediated Go facade; the literal borrowed or freely generic Rust type shape is intentionally absent."
"src/cppgc.rs:432:function:v8::cppgc::UnsafePtr::as_ref","src/cppgc.rs","v8::cppgc::UnsafePtr::as_ref","function","src/cppgc.rs","432","partial","cppgc.go; cppgc_member.go; cppgc_generic_graph.go","conformance/cppgc-generic-breadth/conformance_test.go; conformance/cppgc-member/conformance_test.go","Behavior is matched through an owner-mediated Go facade; the literal borrowed or freely generic Rust type shape is intentionally absent."
"src/cppgc.rs:570:function:v8::cppgc::Member::empty","src/cppgc.rs","v8::cppgc::Member::empty","function","src/cppgc.rs","570","matched","cppgc.go; cppgc_member.go; cppgc_persistent.go; cppgc_generic_residual.go; cppgc_generic_graph.go","conformance/cppgc-generic-breadth/conformance_test.go; conformance/cppgc-member/conformance_test.go; conformance/cppgc-persistent/conformance_test.go","Safe observable behavior is represented by the cited Go API and executable evidence."
"src/cppgc.rs:570:function:v8::cppgc::Member::get","src/cppgc.rs","v8::cppgc::Member::get","function","src/cppgc.rs","570","matched","cppgc.go; cppgc_member.go; cppgc_persistent.go; cppgc_generic_residual.go; cppgc_generic_graph.go","conformance/cppgc-generic-breadth/conformance_test.go; conformance/cppgc-member/conformance_test.go; conformance/cppgc-persistent/conformance_test.go","Safe observable behavior is represented by the cited Go API and executable evidence."
"src/cppgc.rs:570:function:v8::cppgc::Member::new","src/cppgc.rs","v8::cppgc::Member::new","function","src/cppgc.rs","570","matched","cppgc.go; cppgc_member.go; cppgc_persistent.go; cppgc_generic_residual.go; cppgc_generic_graph.go","conformance/cppgc-generic-breadth/conformance_test.go; conformance/cppgc-member/conformance_test.go; conformance/cppgc-persistent/conformance_test.go","Safe observable behavior is represented by the cited Go API and executable evidence."
"src/cppgc.rs:570:function:v8::cppgc::Member::set","src/cppgc.rs","v8::cppgc::Member::set","function","src/cppgc.rs","570","matched","cppgc.go; cppgc_member.go; cppgc_persistent.go; cppgc_generic_residual.go; cppgc_generic_graph.go","conformance/cppgc-generic-breadth/conformance_test.go; conformance/cppgc-member/conformance_test.go; conformance/cppgc-persistent/conformance_test.go","Safe observable behavior is represented by the cited Go API and executable evidence."
"src/cppgc.rs:570:struct:v8::cppgc::Member","src/cppgc.rs","v8::cppgc::Member","struct","src/cppgc.rs","570","partial","cppgc.go; cppgc_member.go; cppgc_generic_graph.go","conformance/cppgc-generic-breadth/conformance_test.go; conformance/cppgc-member/conformance_test.go","Behavior is matched through an owner-mediated Go facade; the literal borrowed or freely generic Rust type shape is intentionally absent."
"src/cppgc.rs:577:function:v8::cppgc::WeakMember::empty","src/cppgc.rs","v8::cppgc::WeakMember::empty","function","src/cppgc.rs","577","matched","cppgc.go; cppgc_member.go; cppgc_persistent.go; cppgc_generic_residual.go; cppgc_generic_graph.go","conformance/cppgc-generic-breadth/conformance_test.go; conformance/cppgc-member/conformance_test.go; conformance/cppgc-persistent/conformance_test.go","Safe observable behavior is represented by the cited Go API and executable evidence."
"src/cppgc.rs:577:function:v8::cppgc::WeakMember::get","src/cppgc.rs","v8::cppgc::WeakMember::get","function","src/cppgc.rs","577","matched","cppgc.go; cppgc_member.go; cppgc_persistent.go; cppgc_generic_residual.go; cppgc_generic_graph.go","conformance/cppgc-generic-breadth/conformance_test.go; conformance/cppgc-member/conformance_test.go; conformance/cppgc-persistent/conformance_test.go","Safe observable behavior is represented by the cited Go API and executable evidence."
"src/cppgc.rs:577:function:v8::cppgc::WeakMember::new","src/cppgc.rs","v8::cppgc::WeakMember::new","function","src/cppgc.rs","577","matched","cppgc.go; cppgc_member.go; cppgc_persistent.go; cppgc_generic_residual.go; cppgc_generic_graph.go","conformance/cppgc-generic-breadth/conformance_test.go; conformance/cppgc-member/conformance_test.go; conformance/cppgc-persistent/conformance_test.go","Safe observable behavior is represented by the cited Go API and executable evidence."
"src/cppgc.rs:577:function:v8::cppgc::WeakMember::set","src/cppgc.rs","v8::cppgc::WeakMember::set","function","src/cppgc.rs","577","matched","cppgc.go; cppgc_member.go; cppgc_persistent.go; cppgc_generic_residual.go; cppgc_generic_graph.go","conformance/cppgc-generic-breadth/conformance_test.go; conformance/cppgc-member/conformance_test.go; conformance/cppgc-persistent/conformance_test.go","Safe observable behavior is represented by the cited Go API and executable evidence."
"src/cppgc.rs:577:struct:v8::cppgc::WeakMember","src/cppgc.rs","v8::cppgc::WeakMember","struct","src/cppgc.rs","577","partial","cppgc.go; cppgc_member.go; cppgc_generic_graph.go","conformance/cppgc-generic-breadth/conformance_test.go; conformance/cppgc-member/conformance_test.go","Behavior is matched through an owner-mediated Go facade; the literal borrowed or freely generic Rust type shape is intentionally absent."
"src/cppgc.rs:679:function:v8::cppgc::Persistent::empty","src/cppgc.rs","v8::cppgc::Persistent::empty","function","src/cppgc.rs","679","matched","cppgc.go; cppgc_member.go; cppgc_persistent.go; cppgc_generic_residual.go; cppgc_generic_graph.go","conformance/cppgc-generic-breadth/conformance_test.go; conformance/cppgc-member/conformance_test.go; conformance/cppgc-persistent/conformance_test.go","Safe observable behavior is represented by the cited Go API and executable evidence."
"src/cppgc.rs:679:function:v8::cppgc::Persistent::get","src/cppgc.rs","v8::cppgc::Persistent::get","function","src/cppgc.rs","679","matched","cppgc.go; cppgc_member.go; cppgc_persistent.go; cppgc_generic_residual.go; cppgc_generic_graph.go","conformance/cppgc-generic-breadth/conformance_test.go; conformance/cppgc-member/conformance_test.go; conformance/cppgc-persistent/conformance_test.go","Safe observable behavior is represented by the cited Go API and executable evidence."
"src/cppgc.rs:679:function:v8::cppgc::Persistent::new","src/cppgc.rs","v8::cppgc::Persistent::new","function","src/cppgc.rs","679","matched","cppgc.go; cppgc_member.go; cppgc_persistent.go; cppgc_generic_residual.go; cppgc_generic_graph.go","conformance/cppgc-generic-breadth/conformance_test.go; conformance/cppgc-member/conformance_test.go; conformance/cppgc-persistent/conformance_test.go","Safe observable behavior is represented by the cited Go API and executable evidence."
"src/cppgc.rs:679:function:v8::cppgc::Persistent::set","src/cppgc.rs","v8::cppgc::Persistent::set","function","src/cppgc.rs","679","matched","cppgc.go; cppgc_member.go; cppgc_persistent.go; cppgc_generic_residual.go; cppgc_generic_graph.go","conformance/cppgc-generic-breadth/conformance_test.go; conformance/cppgc-member/conformance_test.go; conformance/cppgc-persistent/conformance_test.go","Safe observable behavior is represented by the cited Go API and executable evidence."
"src/cppgc.rs:679:struct:v8::cppgc::Persistent","src/cppgc.rs","v8::cppgc::Persistent","struct","src/cppgc.rs","679","matched","cppgc.go; cppgc_member.go; cppgc_persistent.go; cppgc_generic_residual.go; cppgc_generic_graph.go","conformance/cppgc-generic-breadth/conformance_test.go; conformance/cppgc-member/conformance_test.go; conformance/cppgc-persistent/conformance_test.go","Safe observable behavior is represented by the cited Go API and executable evidence."
"src/cppgc.rs:688:function:v8::cppgc::WeakPersistent::empty","src/cppgc.rs","v8::cppgc::WeakPersistent::empty","function","src/cppgc.rs","688","matched","cppgc.go; cppgc_member.go; cppgc_persistent.go; cppgc_generic_residual.go; cppgc_generic_graph.go","conformance/cppgc-generic-breadth/conformance_test.go; conformance/cppgc-member/conformance_test.go; conformance/cppgc-persistent/conformance_test.go","Safe observable behavior is represented by the cited Go API and executable evidence."
"src/cppgc.rs:688:function:v8::cppgc::WeakPersistent::get","src/cppgc.rs","v8::cppgc::WeakPersistent::get","function","src/cppgc.rs","688","matched","cppgc.go; cppgc_member.go; cppgc_persistent.go; cppgc_generic_residual.go; cppgc_generic_graph.go","conformance/cppgc-generic-breadth/conformance_test.go; conformance/cppgc-member/conformance_test.go; conformance/cppgc-persistent/conformance_test.go","Safe observable behavior is represented by the cited Go API and executable evidence."
"src/cppgc.rs:688:function:v8::cppgc::WeakPersistent::new","src/cppgc.rs","v8::cppgc::WeakPersistent::new","function","src/cppgc.rs","688","matched","cppgc.go; cppgc_member.go; cppgc_persistent.go; cppgc_generic_residual.go; cppgc_generic_graph.go","conformance/cppgc-generic-breadth/conformance_test.go; conformance/cppgc-member/conformance_test.go; conformance/cppgc-persistent/conformance_test.go","Safe observable behavior is represented by the cited Go API and executable evidence."
"src/cppgc.rs:688:function:v8::cppgc::WeakPersistent::set","src/cppgc.rs","v8::cppgc::WeakPersistent::set","function","src/cppgc.rs","688","matched","cppgc.go; cppgc_member.go; cppgc_persistent.go; cppgc_generic_residual.go; cppgc_generic_graph.go","conformance/cppgc-generic-breadth/conformance_test.go; conformance/cppgc-member/conformance_test.go; conformance/cppgc-persistent/conformance_test.go","Safe observable behavior is represented by the cited Go API and executable evidence."
"src/cppgc.rs:688:struct:v8::cppgc::WeakPersistent","src/cppgc.rs","v8::cppgc::WeakPersistent","struct","src/cppgc.rs","688","matched","cppgc.go; cppgc_member.go; cppgc_persistent.go; cppgc_generic_residual.go; cppgc_generic_graph.go","conformance/cppgc-generic-breadth/conformance_test.go; conformance/cppgc-member/conformance_test.go; conformance/cppgc-persistent/conformance_test.go","Safe observable behavior is represented by the cited Go API and executable evidence."
"src/cppgc.rs:711:struct:v8::cppgc::GcCell","src/cppgc.rs","v8::cppgc::GcCell","struct","src/cppgc.rs","711","matched","cppgc.go; cppgc_member.go; cppgc_persistent.go; cppgc_generic_residual.go; cppgc_generic_graph.go","conformance/cppgc-generic-breadth/conformance_test.go; conformance/cppgc-member/conformance_test.go; conformance/cppgc-persistent/conformance_test.go","Safe observable behavior is represented by the cited Go API and executable evidence."
"src/cppgc.rs:726:function:v8::cppgc::GcCell::new","src/cppgc.rs","v8::cppgc::GcCell::new","function","src/cppgc.rs","726","matched","cppgc.go; cppgc_member.go; cppgc_persistent.go; cppgc_generic_residual.go; cppgc_generic_graph.go","conformance/cppgc-generic-breadth/conformance_test.go; conformance/cppgc-member/conformance_test.go; conformance/cppgc-persistent/conformance_test.go","Safe observable behavior is represented by the cited Go API and executable evidence."
"src/cppgc.rs:732:function:v8::cppgc::GcCell::set","src/cppgc.rs","v8::cppgc::GcCell::set","function","src/cppgc.rs","732","matched","cppgc.go; cppgc_member.go; cppgc_persistent.go; cppgc_generic_residual.go; cppgc_generic_graph.go","conformance/cppgc-generic-breadth/conformance_test.go; conformance/cppgc-member/conformance_test.go; conformance/cppgc-persistent/conformance_test.go","Safe observable behavior is represented by the cited Go API and executable evidence."
"src/cppgc.rs:743:function:v8::cppgc::GcCell::get","src/cppgc.rs","v8::cppgc::GcCell::get","function","src/cppgc.rs","743","matched","cppgc.go; cppgc_member.go; cppgc_persistent.go; cppgc_generic_residual.go; cppgc_generic_graph.go","conformance/cppgc-generic-breadth/conformance_test.go; conformance/cppgc-member/conformance_test.go; conformance/cppgc-persistent/conformance_test.go","Safe observable behavior is represented by the cited Go API and executable evidence."
"src/cppgc.rs:752:function:v8::cppgc::GcCell::get_mut","src/cppgc.rs","v8::cppgc::GcCell::get_mut","function","src/cppgc.rs","752","matched","cppgc.go; cppgc_member.go; cppgc_persistent.go; cppgc_generic_residual.go; cppgc_generic_graph.go","conformance/cppgc-generic-breadth/conformance_test.go; conformance/cppgc-member/conformance_test.go; conformance/cppgc-persistent/conformance_test.go","Safe observable behavior is represented by the cited Go API and executable evidence."
"src/cppgc.rs:761:function:v8::cppgc::GcCell::with","src/cppgc.rs","v8::cppgc::GcCell::with","function","src/cppgc.rs","761","matched","cppgc.go; cppgc_member.go; cppgc_persistent.go; cppgc_generic_residual.go; cppgc_generic_graph.go","conformance/cppgc-generic-breadth/conformance_test.go; conformance/cppgc-member/conformance_test.go; conformance/cppgc-persistent/conformance_test.go","Safe observable behavior is represented by the cited Go API and executable evidence."
"src/crdtp.rs:3:module:v8::crdtp","src/crdtp.rs","v8::crdtp","module","src/crdtp.rs","3","matched","crdtp.go; crdtp_dispatcher.go","conformance/crdtp-core/conformance_test.go; conformance/crdtp-dispatcher/conformance_test.go","Safe observable behavior is represented by the cited Go API and executable evidence."
"src/crdtp.rs:157:struct:v8::crdtp::Dispatchable","src/crdtp.rs","v8::crdtp::Dispatchable","struct","src/crdtp.rs","157","matched","crdtp.go; crdtp_dispatcher.go","conformance/crdtp-core/conformance_test.go; conformance/crdtp-dispatcher/conformance_test.go","Safe observable behavior is represented by the cited Go API and executable evidence."
"src/crdtp.rs:164:struct:v8::crdtp::OwnedDispatchable","src/crdtp.rs","v8::crdtp::OwnedDispatchable","struct","src/crdtp.rs","164","matched","crdtp.go; crdtp_dispatcher.go","conformance/crdtp-core/conformance_test.go; conformance/crdtp-dispatcher/conformance_test.go","Safe observable behavior is represented by the cited Go API and executable evidence."
"src/crdtp.rs:208:struct:v8::crdtp::UberDispatcher","src/crdtp.rs","v8::crdtp::UberDispatcher","struct","src/crdtp.rs","208","matched","crdtp.go; crdtp_dispatcher.go","conformance/crdtp-core/conformance_test.go; conformance/crdtp-dispatcher/conformance_test.go","Safe observable behavior is represented by the cited Go API and executable evidence."
"src/crdtp.rs:231:struct:v8::crdtp::Serializable","src/crdtp.rs","v8::crdtp::Serializable","struct","src/crdtp.rs","231","matched","crdtp.go; crdtp_dispatcher.go","conformance/crdtp-core/conformance_test.go; conformance/crdtp-dispatcher/conformance_test.go","Safe observable behavior is represented by the cited Go API and executable evidence."
"src/crdtp.rs:236:function:v8::crdtp::Serializable::to_bytes","src/crdtp.rs","v8::crdtp::Serializable::to_bytes","function","src/crdtp.rs","236","matched","crdtp.go; crdtp_dispatcher.go","conformance/crdtp-core/conformance_test.go; conformance/crdtp-dispatcher/conformance_test.go","Safe observable behavior is represented by the cited Go API and executable evidence."
"src/crdtp.rs:261:function:v8::crdtp::Dispatchable::new","src/crdtp.rs","v8::crdtp::Dispatchable::new","function","src/crdtp.rs","261","matched","crdtp.go; crdtp_dispatcher.go","conformance/crdtp-core/conformance_test.go; conformance/crdtp-dispatcher/conformance_test.go","Safe observable behavior is represented by the cited Go API and executable evidence."
"src/crdtp.rs:270:function:v8::crdtp::Dispatchable::new_with_fallthrough","src/crdtp.rs","v8::crdtp::Dispatchable::new_with_fallthrough","function","src/crdtp.rs","270","matched","crdtp.go; crdtp_dispatcher.go","conformance/crdtp-core/conformance_test.go; conformance/crdtp-dispatcher/conformance_test.go","Safe observable behavior is represented by the cited Go API and executable evidence."
"src/crdtp.rs:305:function:v8::crdtp::Dispatchable::ok","src/crdtp.rs","v8::crdtp::Dispatchable::ok","function","src/crdtp.rs","305","matched","crdtp.go; crdtp_dispatcher.go","conformance/crdtp-core/conformance_test.go; conformance/crdtp-dispatcher/conformance_test.go","Safe observable behavior is represented by the cited Go API and executable evidence."
"src/crdtp.rs:309:function:v8::crdtp::Dispatchable::call_id","src/crdtp.rs","v8::crdtp::Dispatchable::call_id","function","src/crdtp.rs","309","matched","crdtp.go; crdtp_dispatcher.go","conformance/crdtp-core/conformance_test.go; conformance/crdtp-dispatcher/conformance_test.go","Safe observable behavior is represented by the cited Go API and executable evidence."
"src/crdtp.rs:313:function:v8::crdtp::Dispatchable::has_call_id","src/crdtp.rs","v8::crdtp::Dispatchable::has_call_id","function","src/crdtp.rs","313","matched","crdtp.go; crdtp_dispatcher.go","conformance/crdtp-core/conformance_test.go; conformance/crdtp-dispatcher/conformance_test.go","Safe observable behavior is represented by the cited Go API and executable evidence."
"src/crdtp.rs:317:function:v8::crdtp::Dispatchable::method","src/crdtp.rs","v8::crdtp::Dispatchable::method","function","src/crdtp.rs","317","matched","crdtp.go; crdtp_dispatcher.go","conformance/crdtp-core/conformance_test.go; conformance/crdtp-dispatcher/conformance_test.go","Safe observable behavior is represented by the cited Go API and executable evidence."
"src/crdtp.rs:326:function:v8::crdtp::Dispatchable::method_str","src/crdtp.rs","v8::crdtp::Dispatchable::method_str","function","src/crdtp.rs","326","matched","crdtp.go; crdtp_dispatcher.go","conformance/crdtp-core/conformance_test.go; conformance/crdtp-dispatcher/conformance_test.go","Safe observable behavior is represented by the cited Go API and executable evidence."
"src/crdtp.rs:330:function:v8::crdtp::Dispatchable::session_id","src/crdtp.rs","v8::crdtp::Dispatchable::session_id","function","src/crdtp.rs","330","matched","crdtp.go; crdtp_dispatcher.go","conformance/crdtp-core/conformance_test.go; conformance/crdtp-dispatcher/conformance_test.go","Safe observable behavior is represented by the cited Go API and executable evidence."
"src/crdtp.rs:339:function:v8::crdtp::Dispatchable::params","src/crdtp.rs","v8::crdtp::Dispatchable::params","function","src/crdtp.rs","339","matched","crdtp.go; crdtp_dispatcher.go","conformance/crdtp-core/conformance_test.go; conformance/crdtp-dispatcher/conformance_test.go","Safe observable behavior is represented by the cited Go API and executable evidence."
"src/crdtp.rs:348:function:v8::crdtp::Dispatchable::associated_data","src/crdtp.rs","v8::crdtp::Dispatchable::associated_data","function","src/crdtp.rs","348","matched","crdtp.go; crdtp_dispatcher.go","conformance/crdtp-core/conformance_test.go; conformance/crdtp-dispatcher/conformance_test.go","Safe observable behavior is represented by the cited Go API and executable evidence."
"src/crdtp.rs:401:struct:v8::crdtp::DispatchResponse","src/crdtp.rs","v8::crdtp::DispatchResponse","struct","src/crdtp.rs","401","matched","crdtp.go; crdtp_dispatcher.go","conformance/crdtp-core/conformance_test.go; conformance/crdtp-dispatcher/conformance_test.go","Safe observable behavior is represented by the cited Go API and executable evidence."
"src/crdtp.rs:406:function:v8::crdtp::DispatchResponse::success","src/crdtp.rs","v8::crdtp::DispatchResponse::success","function","src/crdtp.rs","406","matched","crdtp.go; crdtp_dispatcher.go","conformance/crdtp-core/conformance_test.go; conformance/crdtp-dispatcher/conformance_test.go","Safe observable behavior is represented by the cited Go API and executable evidence."
"src/crdtp.rs:414:function:v8::crdtp::DispatchResponse::fall_through","src/crdtp.rs","v8::crdtp::DispatchResponse::fall_through","function","src/crdtp.rs","414","matched","crdtp.go; crdtp_dispatcher.go","conformance/crdtp-core/conformance_test.go; conformance/crdtp-dispatcher/conformance_test.go","Safe observable behavior is represented by the cited Go API and executable evidence."
"src/crdtp.rs:422:function:v8::crdtp::DispatchResponse::parse_error","src/crdtp.rs","v8::crdtp::DispatchResponse::parse_error","function","src/crdtp.rs","422","matched","crdtp.go; crdtp_dispatcher.go","conformance/crdtp-core/conformance_test.go; conformance/crdtp-dispatcher/conformance_test.go","Safe observable behavior is represented by the cited Go API and executable evidence."
"src/crdtp.rs:433:function:v8::crdtp::DispatchResponse::invalid_request","src/crdtp.rs","v8::crdtp::DispatchResponse::invalid_request","function","src/crdtp.rs","433","matched","crdtp.go; crdtp_dispatcher.go","conformance/crdtp-core/conformance_test.go; conformance/crdtp-dispatcher/conformance_test.go","Safe observable behavior is represented by the cited Go API and executable evidence."
"src/crdtp.rs:444:function:v8::crdtp::DispatchResponse::method_not_found","src/crdtp.rs","v8::crdtp::DispatchResponse::method_not_found","function","src/crdtp.rs","444","matched","crdtp.go; crdtp_dispatcher.go","conformance/crdtp-core/conformance_test.go; conformance/crdtp-dispatcher/conformance_test.go","Safe observable behavior is represented by the cited Go API and executable evidence."
"src/crdtp.rs:455:function:v8::crdtp::DispatchResponse::invalid_params","src/crdtp.rs","v8::crdtp::DispatchResponse::invalid_params","function","src/crdtp.rs","455","matched","crdtp.go; crdtp_dispatcher.go","conformance/crdtp-core/conformance_test.go; conformance/crdtp-dispatcher/conformance_test.go","Safe observable behavior is represented by the cited Go API and executable evidence."
"src/crdtp.rs:466:function:v8::crdtp::DispatchResponse::server_error","src/crdtp.rs","v8::crdtp::DispatchResponse::server_error","function","src/crdtp.rs","466","matched","crdtp.go; crdtp_dispatcher.go","conformance/crdtp-core/conformance_test.go; conformance/crdtp-dispatcher/conformance_test.go","Safe observable behavior is represented by the cited Go API and executable evidence."
"src/crdtp.rs:477:function:v8::crdtp::DispatchResponse::is_success","src/crdtp.rs","v8::crdtp::DispatchResponse::is_success","function","src/crdtp.rs","477","matched","crdtp.go; crdtp_dispatcher.go","conformance/crdtp-core/conformance_test.go; conformance/crdtp-dispatcher/conformance_test.go","Safe observable behavior is represented by the cited Go API and executable evidence."
"src/crdtp.rs:481:function:v8::crdtp::DispatchResponse::is_error","src/crdtp.rs","v8::crdtp::DispatchResponse::is_error","function","src/crdtp.rs","481","matched","crdtp.go; crdtp_dispatcher.go","conformance/crdtp-core/conformance_test.go; conformance/crdtp-dispatcher/conformance_test.go","Safe observable behavior is represented by the cited Go API and executable evidence."
"src/crdtp.rs:486:function:v8::crdtp::DispatchResponse::is_fall_through","src/crdtp.rs","v8::crdtp::DispatchResponse::is_fall_through","function","src/crdtp.rs","486","matched","crdtp.go; crdtp_dispatcher.go","conformance/crdtp-core/conformance_test.go; conformance/crdtp-dispatcher/conformance_test.go","Safe observable behavior is represented by the cited Go API and executable evidence."
"src/crdtp.rs:491:function:v8::crdtp::DispatchResponse::code","src/crdtp.rs","v8::crdtp::DispatchResponse::code","function","src/crdtp.rs","491","matched","crdtp.go; crdtp_dispatcher.go","conformance/crdtp-core/conformance_test.go; conformance/crdtp-dispatcher/conformance_test.go","Safe observable behavior is represented by the cited Go API and executable evidence."
"src/crdtp.rs:496:function:v8::crdtp::DispatchResponse::message","src/crdtp.rs","v8::crdtp::DispatchResponse::message","function","src/crdtp.rs","496","matched","crdtp.go; crdtp_dispatcher.go","conformance/crdtp-core/conformance_test.go; conformance/crdtp-dispatcher/conformance_test.go","Safe observable behavior is represented by the cited Go API and executable evidence."
"src/crdtp.rs:521:trait:v8::crdtp::FrontendChannelImpl","src/crdtp.rs","v8::crdtp::FrontendChannelImpl","trait","src/crdtp.rs","521","matched","crdtp.go; crdtp_dispatcher.go","conformance/crdtp-core/conformance_test.go; conformance/crdtp-dispatcher/conformance_test.go","Safe observable behavior is represented by the cited Go API and executable evidence."
"src/crdtp.rs:523:function:v8::crdtp::FrontendChannelImpl::send_protocol_response","src/crdtp.rs","v8::crdtp::FrontendChannelImpl::send_protocol_response","function","src/crdtp.rs","523","matched","crdtp.go; crdtp_dispatcher.go","conformance/crdtp-core/conformance_test.go; conformance/crdtp-dispatcher/conformance_test.go","Safe observable behavior is represented by the cited Go API and executable evidence."
"src/crdtp.rs:525:function:v8::crdtp::FrontendChannelImpl::send_protocol_notification","src/crdtp.rs","v8::crdtp::FrontendChannelImpl::send_protocol_notification","function","src/crdtp.rs","525","matched","crdtp.go; crdtp_dispatcher.go","conformance/crdtp-core/conformance_test.go; conformance/crdtp-dispatcher/conformance_test.go","Safe observable behavior is represented by the cited Go API and executable evidence."
"src/crdtp.rs:527:function:v8::crdtp::FrontendChannelImpl::flush_protocol_notifications","src/crdtp.rs","v8::crdtp::FrontendChannelImpl::flush_protocol_notifications","function","src/crdtp.rs","527","matched","crdtp.go; crdtp_dispatcher.go","conformance/crdtp-core/conformance_test.go; conformance/crdtp-dispatcher/conformance_test.go","Safe observable behavior is represented by the cited Go API and executable evidence."
"src/crdtp.rs:536:struct:v8::crdtp::FrontendChannel","src/crdtp.rs","v8::crdtp::FrontendChannel","struct","src/crdtp.rs","536","matched","crdtp.go; crdtp_dispatcher.go","conformance/crdtp-core/conformance_test.go; conformance/crdtp-dispatcher/conformance_test.go","Safe observable behavior is represented by the cited Go API and executable evidence."
"src/crdtp.rs:543:function:v8::crdtp::FrontendChannel::new","src/crdtp.rs","v8::crdtp::FrontendChannel::new","function","src/crdtp.rs","543","matched","crdtp.go; crdtp_dispatcher.go","conformance/crdtp-core/conformance_test.go; conformance/crdtp-dispatcher/conformance_test.go","Safe observable behavior is represented by the cited Go API and executable evidence."
"src/crdtp.rs:607:function:v8::crdtp::UberDispatcher::new","src/crdtp.rs","v8::crdtp::UberDispatcher::new","function","src/crdtp.rs","607","matched","crdtp.go; crdtp_dispatcher.go","conformance/crdtp-core/conformance_test.go; conformance/crdtp-dispatcher/conformance_test.go","Safe observable behavior is represented by the cited Go API and executable evidence."
"src/crdtp.rs:615:function:v8::crdtp::UberDispatcher::dispatch","src/crdtp.rs","v8::crdtp::UberDispatcher::dispatch","function","src/crdtp.rs","615","matched","crdtp.go; crdtp_dispatcher.go","conformance/crdtp-core/conformance_test.go; conformance/crdtp-dispatcher/conformance_test.go","Safe observable behavior is represented by the cited Go API and executable evidence."
"src/crdtp.rs:631:function:v8::crdtp::json_to_cbor","src/crdtp.rs","v8::crdtp::json_to_cbor","function","src/crdtp.rs","631","matched","crdtp.go; crdtp_dispatcher.go","conformance/crdtp-core/conformance_test.go; conformance/crdtp-dispatcher/conformance_test.go","Safe observable behavior is represented by the cited Go API and executable evidence."
"src/crdtp.rs:645:function:v8::crdtp::cbor_to_json","src/crdtp.rs","v8::crdtp::cbor_to_json","function","src/crdtp.rs","645","matched","crdtp.go; crdtp_dispatcher.go","conformance/crdtp-core/conformance_test.go; conformance/crdtp-dispatcher/conformance_test.go","Safe observable behavior is represented by the cited Go API and executable evidence."
"src/crdtp.rs:659:function:v8::crdtp::create_error_response","src/crdtp.rs","v8::crdtp::create_error_response","function","src/crdtp.rs","659","matched","crdtp.go; crdtp_dispatcher.go","conformance/crdtp-core/conformance_test.go; conformance/crdtp-dispatcher/conformance_test.go","Safe observable behavior is represented by the cited Go API and executable evidence."
"src/crdtp.rs:670:function:v8::crdtp::create_error_notification","src/crdtp.rs","v8::crdtp::create_error_notification","function","src/crdtp.rs","670","matched","crdtp.go; crdtp_dispatcher.go","conformance/crdtp-core/conformance_test.go; conformance/crdtp-dispatcher/conformance_test.go","Safe observable behavior is represented by the cited Go API and executable evidence."
"src/crdtp.rs:678:function:v8::crdtp::create_response","src/crdtp.rs","v8::crdtp::create_response","function","src/crdtp.rs","678","matched","crdtp.go; crdtp_dispatcher.go","conformance/crdtp-core/conformance_test.go; conformance/crdtp-dispatcher/conformance_test.go","Safe observable behavior is represented by the cited Go API and executable evidence."
"src/crdtp.rs:696:function:v8::crdtp::create_notification","src/crdtp.rs","v8::crdtp::create_notification","function","src/crdtp.rs","696","matched","crdtp.go; crdtp_dispatcher.go","conformance/crdtp-core/conformance_test.go; conformance/crdtp-dispatcher/conformance_test.go","Safe observable behavior is represented by the cited Go API and executable evidence."
"src/crdtp.rs:716:trait:v8::crdtp::DomainDispatcherImpl","src/crdtp.rs","v8::crdtp::DomainDispatcherImpl","trait","src/crdtp.rs","716","matched","crdtp.go; crdtp_dispatcher.go","conformance/crdtp-core/conformance_test.go; conformance/crdtp-dispatcher/conformance_test.go","Safe observable behavior is represented by the cited Go API and executable evidence."
"src/crdtp.rs:717:function:v8::crdtp::DomainDispatcherImpl::dispatch","src/crdtp.rs","v8::crdtp::DomainDispatcherImpl::dispatch","function","src/crdtp.rs","717","matched","crdtp.go; crdtp_dispatcher.go","conformance/crdtp-core/conformance_test.go; conformance/crdtp-dispatcher/conformance_test.go","Safe observable behavior is represented by the cited Go API and executable evidence."
"src/crdtp.rs:726:struct:v8::crdtp::DomainDispatcherHandle","src/crdtp.rs","v8::crdtp::DomainDispatcherHandle","struct","src/crdtp.rs","726","matched","crdtp.go; crdtp_dispatcher.go","conformance/crdtp-core/conformance_test.go; conformance/crdtp-dispatcher/conformance_test.go","Safe observable behavior is represented by the cited Go API and executable evidence."
"src/crdtp.rs:732:function:v8::crdtp::DomainDispatcherHandle::send_response","src/crdtp.rs","v8::crdtp::DomainDispatcherHandle::send_response","function","src/crdtp.rs","732","matched","crdtp.go; crdtp_dispatcher.go","conformance/crdtp-core/conformance_test.go; conformance/crdtp-dispatcher/conformance_test.go","Safe observable behavior is represented by the cited Go API and executable evidence."
"src/crdtp.rs:766:struct:v8::crdtp::DomainDispatcher","src/crdtp.rs","v8::crdtp::DomainDispatcher","struct","src/crdtp.rs","766","matched","crdtp.go; crdtp_dispatcher.go","conformance/crdtp-core/conformance_test.go; conformance/crdtp-dispatcher/conformance_test.go","Safe observable behavior is represented by the cited Go API and executable evidence."
"src/crdtp.rs:774:function:v8::crdtp::DomainDispatcher::wire","src/crdtp.rs","v8::crdtp::DomainDispatcher::wire","function","src/crdtp.rs","774","matched","crdtp.go; crdtp_dispatcher.go","conformance/crdtp-core/conformance_test.go; conformance/crdtp-dispatcher/conformance_test.go","Safe observable behavior is represented by the cited Go API and executable evidence."
"src/data.rs:54:function:v8::Data::is_big_int","src/data.rs","v8::Data::is_big_int","function","src/data.rs","54","matched","value.go; runtime_values.go; object_ops.go","conformance/runtime-values/conformance_test.go; conformance/object-ops/runner_test.go","Safe observable behavior is represented by the cited Go API and executable evidence."
"src/data.rs:60:function:v8::Data::is_boolean","src/data.rs","v8::Data::is_boolean","function","src/data.rs","60","matched","value.go; runtime_values.go; object_ops.go","conformance/runtime-values/conformance_test.go; conformance/object-ops/runner_test.go","Safe observable behavior is represented by the cited Go API and executable evidence."
"src/data.rs:66:function:v8::Data::is_context","src/data.rs","v8::Data::is_context","function","src/data.rs","66","matched","value.go; runtime_values.go; object_ops.go","conformance/runtime-values/conformance_test.go; conformance/object-ops/runner_test.go","Safe observable behavior is represented by the cited Go API and executable evidence."
"src/data.rs:72:function:v8::Data::is_fixed_array","src/data.rs","v8::Data::is_fixed_array","function","src/data.rs","72","matched","value.go; runtime_values.go; object_ops.go","conformance/runtime-values/conformance_test.go; conformance/object-ops/runner_test.go","Safe observable behavior is represented by the cited Go API and executable evidence."
"src/data.rs:78:function:v8::Data::is_function_template","src/data.rs","v8::Data::is_function_template","function","src/data.rs","78","matched","value.go; runtime_values.go; object_ops.go","conformance/runtime-values/conformance_test.go; conformance/object-ops/runner_test.go","Safe observable behavior is represented by the cited Go API and executable evidence."
"src/data.rs:84:function:v8::Data::is_module","src/data.rs","v8::Data::is_module","function","src/data.rs","84","matched","value.go; runtime_values.go; object_ops.go","conformance/runtime-values/conformance_test.go; conformance/object-ops/runner_test.go","Safe observable behavior is represented by the cited Go API and executable evidence."
"src/data.rs:90:function:v8::Data::is_module_request","src/data.rs","v8::Data::is_module_request","function","src/data.rs","90","matched","value.go; runtime_values.go; object_ops.go","conformance/runtime-values/conformance_test.go; conformance/object-ops/runner_test.go","Safe observable behavior is represented by the cited Go API and executable evidence."
"src/data.rs:96:function:v8::Data::is_name","src/data.rs","v8::Data::is_name","function","src/data.rs","96","matched","value.go; runtime_values.go; object_ops.go","conformance/runtime-values/conformance_test.go; conformance/object-ops/runner_test.go","Safe observable behavior is represented by the cited Go API and executable evidence."
"src/data.rs:102:function:v8::Data::is_number","src/data.rs","v8::Data::is_number","function","src/data.rs","102","matched","value.go; runtime_values.go; object_ops.go","conformance/runtime-values/conformance_test.go; conformance/object-ops/runner_test.go","Safe observable behavior is represented by the cited Go API and executable evidence."
"src/data.rs:108:function:v8::Data::is_object_template","src/data.rs","v8::Data::is_object_template","function","src/data.rs","108","matched","value.go; runtime_values.go; object_ops.go","conformance/runtime-values/conformance_test.go; conformance/object-ops/runner_test.go","Safe observable behavior is represented by the cited Go API and executable evidence."
"src/data.rs:114:function:v8::Data::is_primitive","src/data.rs","v8::Data::is_primitive","function","src/data.rs","114","matched","value.go; runtime_values.go; object_ops.go","conformance/runtime-values/conformance_test.go; conformance/object-ops/runner_test.go","Safe observable behavior is represented by the cited Go API and executable evidence."
"src/data.rs:120:function:v8::Data::is_private","src/data.rs","v8::Data::is_private","function","src/data.rs","120","matched","value.go; runtime_values.go; object_ops.go","conformance/runtime-values/conformance_test.go; conformance/object-ops/runner_test.go","Safe observable behavior is represented by the cited Go API and executable evidence."
"src/data.rs:126:function:v8::Data::is_string","src/data.rs","v8::Data::is_string","function","src/data.rs","126","matched","value.go; runtime_values.go; object_ops.go","conformance/runtime-values/conformance_test.go; conformance/object-ops/runner_test.go","Safe observable behavior is represented by the cited Go API and executable evidence."
"src/data.rs:132:function:v8::Data::is_symbol","src/data.rs","v8::Data::is_symbol","function","src/data.rs","132","matched","value.go; runtime_values.go; object_ops.go","conformance/runtime-values/conformance_test.go; conformance/object-ops/runner_test.go","Safe observable behavior is represented by the cited Go API and executable evidence."
"src/data.rs:138:function:v8::Data::is_value","src/data.rs","v8::Data::is_value","function","src/data.rs","138","matched","value.go; runtime_values.go; object_ops.go","conformance/runtime-values/conformance_test.go; conformance/object-ops/runner_test.go","Safe observable behavior is represented by the cited Go API and executable evidence."
"src/data.rs:245:enum:v8::data::DataError","src/data.rs","v8::data::DataError","enum","src/data.rs","245","matched","value.go; runtime_values.go; object_ops.go","conformance/runtime-values/conformance_test.go; conformance/object-ops/runner_test.go","Safe observable behavior is represented by the cited Go API and executable evidence."
"src/data.rs:246:variant:v8::data::DataError::BadType","src/data.rs","v8::data::DataError::BadType","variant","src/data.rs","246","matched","value.go; runtime_values.go; object_ops.go","conformance/runtime-values/conformance_test.go; conformance/object-ops/runner_test.go","Safe observable behavior is represented by the cited Go API and executable evidence."
"src/data.rs:250:variant:v8::data::DataError::NoData","src/data.rs","v8::data::DataError::NoData","variant","src/data.rs","250","matched","value.go; runtime_values.go; object_ops.go","conformance/runtime-values/conformance_test.go; conformance/object-ops/runner_test.go","Safe observable behavior is represented by the cited Go API and executable evidence."
"src/data.rs:289:struct:v8::data::Data","src/data.rs","v8::data::Data","struct","src/data.rs","289","matched","value.go; runtime_values.go; object_ops.go","conformance/runtime-values/conformance_test.go; conformance/object-ops/runner_test.go","Safe observable behavior is represented by the cited Go API and executable evidence."
"src/data.rs:402:struct:v8::data::AccessorSignature","src/data.rs","v8::data::AccessorSignature","struct","src/data.rs","402","matched","value.go; runtime_values.go; object_ops.go","conformance/runtime-values/conformance_test.go; conformance/object-ops/runner_test.go","Safe observable behavior is represented by the cited Go API and executable evidence."
"src/data.rs:413:struct:v8::data::Context","src/data.rs","v8::data::Context","struct","src/data.rs","413","matched","value.go; runtime_values.go; object_ops.go","conformance/runtime-values/conformance_test.go; conformance/object-ops/runner_test.go","Safe observable behavior is represented by the cited Go API and executable evidence."
"src/data.rs:424:struct:v8::data::FixedArray","src/data.rs","v8::data::FixedArray","struct","src/data.rs","424","matched","value.go; runtime_values.go; object_ops.go","conformance/runtime-values/conformance_test.go; conformance/object-ops/runner_test.go","Safe observable behavior is represented by the cited Go API and executable evidence."
"src/data.rs:435:struct:v8::data::Message","src/data.rs","v8::data::Message","struct","src/data.rs","435","matched","value.go; runtime_values.go; object_ops.go","conformance/runtime-values/conformance_test.go; conformance/object-ops/runner_test.go","Safe observable behavior is represented by the cited Go API and executable evidence."
"src/data.rs:443:struct:v8::data::Module","src/data.rs","v8::data::Module","struct","src/data.rs","443","matched","value.go; runtime_values.go; object_ops.go","conformance/runtime-values/conformance_test.go; conformance/object-ops/runner_test.go","Safe observable behavior is represented by the cited Go API and executable evidence."
"src/data.rs:454:struct:v8::data::ModuleRequest","src/data.rs","v8::data::ModuleRequest","struct","src/data.rs","454","matched","value.go; runtime_values.go; object_ops.go","conformance/runtime-values/conformance_test.go; conformance/object-ops/runner_test.go","Safe observable behavior is represented by the cited Go API and executable evidence."
"src/data.rs:469:struct:v8::data::PrimitiveArray","src/data.rs","v8::data::PrimitiveArray","struct","src/data.rs","469","matched","value.go; runtime_values.go; object_ops.go","conformance/runtime-values/conformance_test.go; conformance/object-ops/runner_test.go","Safe observable behavior is represented by the cited Go API and executable evidence."
"src/data.rs:481:struct:v8::data::Private","src/data.rs","v8::data::Private","struct","src/data.rs","481","matched","value.go; runtime_values.go; object_ops.go","conformance/runtime-values/conformance_test.go; conformance/object-ops/runner_test.go","Safe observable behavior is represented by the cited Go API and executable evidence."
"src/data.rs:493:struct:v8::data::Script","src/data.rs","v8::data::Script","struct","src/data.rs","493","matched","value.go; runtime_values.go; object_ops.go","conformance/runtime-values/conformance_test.go; conformance/object-ops/runner_test.go","Safe observable behavior is represented by the cited Go API and executable evidence."
"src/data.rs:504:struct:v8::data::ScriptOrModule","src/data.rs","v8::data::ScriptOrModule","struct","src/data.rs","504","matched","value.go; runtime_values.go; object_ops.go","conformance/runtime-values/conformance_test.go; conformance/object-ops/runner_test.go","Safe observable behavior is represented by the cited Go API and executable evidence."
"src/data.rs:517:struct:v8::data::Signature","src/data.rs","v8::data::Signature","struct","src/data.rs","517","matched","value.go; runtime_values.go; object_ops.go","conformance/runtime-values/conformance_test.go; conformance/object-ops/runner_test.go","Safe observable behavior is represented by the cited Go API and executable evidence."
"src/data.rs:527:struct:v8::data::StackFrame","src/data.rs","v8::data::StackFrame","struct","src/data.rs","527","matched","value.go; runtime_values.go; object_ops.go","conformance/runtime-values/conformance_test.go; conformance/object-ops/runner_test.go","Safe observable behavior is represented by the cited Go API and executable evidence."
"src/data.rs:537:struct:v8::data::StackTrace","src/data.rs","v8::data::StackTrace","struct","src/data.rs","537","matched","value.go; runtime_values.go; object_ops.go","conformance/runtime-values/conformance_test.go; conformance/object-ops/runner_test.go","Safe observable behavior is represented by the cited Go API and executable evidence."
"src/data.rs:545:struct:v8::data::Template","src/data.rs","v8::data::Template","struct","src/data.rs","545","matched","value.go; runtime_values.go; object_ops.go","conformance/runtime-values/conformance_test.go; conformance/object-ops/runner_test.go","Safe observable behavior is represented by the cited Go API and executable evidence."
"src/data.rs:664:struct:v8::data::FunctionTemplate","src/data.rs","v8::data::FunctionTemplate","struct","src/data.rs","664","matched","value.go; runtime_values.go; object_ops.go","conformance/runtime-values/conformance_test.go; conformance/object-ops/runner_test.go","Safe observable behavior is represented by the cited Go API and executable evidence."
"src/data.rs:680:struct:v8::data::ObjectTemplate","src/data.rs","v8::data::ObjectTemplate","struct","src/data.rs","680","matched","value.go; runtime_values.go; object_ops.go","conformance/runtime-values/conformance_test.go; conformance/object-ops/runner_test.go","Safe observable behavior is represented by the cited Go API and executable evidence."
"src/data.rs:693:struct:v8::data::UnboundModuleScript","src/data.rs","v8::data::UnboundModuleScript","struct","src/data.rs","693","matched","value.go; runtime_values.go; object_ops.go","conformance/runtime-values/conformance_test.go; conformance/object-ops/runner_test.go","Safe observable behavior is represented by the cited Go API and executable evidence."
"src/data.rs:703:struct:v8::data::UnboundScript","src/data.rs","v8::data::UnboundScript","struct","src/data.rs","703","matched","value.go; runtime_values.go; object_ops.go","conformance/runtime-values/conformance_test.go; conformance/object-ops/runner_test.go","Safe observable behavior is represented by the cited Go API and executable evidence."
"src/data.rs:711:struct:v8::data::Value","src/data.rs","v8::data::Value","struct","src/data.rs","711","matched","value.go; runtime_values.go; object_ops.go","conformance/runtime-values/conformance_test.go; conformance/object-ops/runner_test.go","Safe observable behavior is represented by the cited Go API and executable evidence."
"src/data.rs:811:struct:v8::data::External","src/data.rs","v8::data::External","struct","src/data.rs","811","matched","value.go; runtime_values.go; object_ops.go","conformance/runtime-values/conformance_test.go; conformance/object-ops/runner_test.go","Safe observable behavior is represented by the cited Go API and executable evidence."
"src/data.rs:825:struct:v8::data::Object","src/data.rs","v8::data::Object","struct","src/data.rs","825","matched","value.go; runtime_values.go; object_ops.go","conformance/runtime-values/conformance_test.go; conformance/object-ops/runner_test.go","Safe observable behavior is represented by the cited Go API and executable evidence."
"src/data.rs:903:struct:v8::data::Array","src/data.rs","v8::data::Array","struct","src/data.rs","903","matched","value.go; runtime_values.go; object_ops.go","conformance/runtime-values/conformance_test.go; conformance/object-ops/runner_test.go","Safe observable behavior is represented by the cited Go API and executable evidence."
"src/data.rs:919:struct:v8::data::ArrayBuffer","src/data.rs","v8::data::ArrayBuffer","struct","src/data.rs","919","matched","value.go; runtime_values.go; object_ops.go","conformance/runtime-values/conformance_test.go; conformance/object-ops/runner_test.go","Safe observable behavior is represented by the cited Go API and executable evidence."
"src/data.rs:936:struct:v8::data::ArrayBufferView","src/data.rs","v8::data::ArrayBufferView","struct","src/data.rs","936","matched","value.go; runtime_values.go; object_ops.go","conformance/runtime-values/conformance_test.go; conformance/object-ops/runner_test.go","Safe observable behavior is represented by the cited Go API and executable evidence."
"src/data.rs:978:struct:v8::data::DataView","src/data.rs","v8::data::DataView","struct","src/data.rs","978","matched","value.go; runtime_values.go; object_ops.go","conformance/runtime-values/conformance_test.go; conformance/object-ops/runner_test.go","Safe observable behavior is represented by the cited Go API and executable evidence."
"src/data.rs:997:struct:v8::data::TypedArray","src/data.rs","v8::data::TypedArray","struct","src/data.rs","997","matched","value.go; runtime_values.go; object_ops.go","conformance/runtime-values/conformance_test.go; conformance/object-ops/runner_test.go","Safe observable behavior is represented by the cited Go API and executable evidence."
"src/data.rs:1037:struct:v8::data::BigInt64Array","src/data.rs","v8::data::BigInt64Array","struct","src/data.rs","1037","matched","value.go; runtime_values.go; object_ops.go","conformance/runtime-values/conformance_test.go; conformance/object-ops/runner_test.go","Safe observable behavior is represented by the cited Go API and executable evidence."
"src/data.rs:1057:struct:v8::data::BigUint64Array","src/data.rs","v8::data::BigUint64Array","struct","src/data.rs","1057","matched","value.go; runtime_values.go; object_ops.go","conformance/runtime-values/conformance_test.go; conformance/object-ops/runner_test.go","Safe observable behavior is represented by the cited Go API and executable evidence."
"src/data.rs:1077:struct:v8::data::Float16Array","src/data.rs","v8::data::Float16Array","struct","src/data.rs","1077","matched","value.go; runtime_values.go; object_ops.go","conformance/runtime-values/conformance_test.go; conformance/object-ops/runner_test.go","Safe observable behavior is represented by the cited Go API and executable evidence."
"src/data.rs:1097:struct:v8::data::Float32Array","src/data.rs","v8::data::Float32Array","struct","src/data.rs","1097","matched","value.go; runtime_values.go; object_ops.go","conformance/runtime-values/conformance_test.go; conformance/object-ops/runner_test.go","Safe observable behavior is represented by the cited Go API and executable evidence."
"src/data.rs:1117:struct:v8::data::Float64Array","src/data.rs","v8::data::Float64Array","struct","src/data.rs","1117","matched","value.go; runtime_values.go; object_ops.go","conformance/runtime-values/conformance_test.go; conformance/object-ops/runner_test.go","Safe observable behavior is represented by the cited Go API and executable evidence."
"src/data.rs:1137:struct:v8::data::Int16Array","src/data.rs","v8::data::Int16Array","struct","src/data.rs","1137","matched","value.go; runtime_values.go; object_ops.go","conformance/runtime-values/conformance_test.go; conformance/object-ops/runner_test.go","Safe observable behavior is represented by the cited Go API and executable evidence."
"src/data.rs:1157:struct:v8::data::Int32Array","src/data.rs","v8::data::Int32Array","struct","src/data.rs","1157","matched","value.go; runtime_values.go; object_ops.go","conformance/runtime-values/conformance_test.go; conformance/object-ops/runner_test.go","Safe observable behavior is represented by the cited Go API and executable evidence."
"src/data.rs:1177:struct:v8::data::Int8Array","src/data.rs","v8::data::Int8Array","struct","src/data.rs","1177","matched","value.go; runtime_values.go; object_ops.go","conformance/runtime-values/conformance_test.go; conformance/object-ops/runner_test.go","Safe observable behavior is represented by the cited Go API and executable evidence."
"src/data.rs:1197:struct:v8::data::Uint16Array","src/data.rs","v8::data::Uint16Array","struct","src/data.rs","1197","matched","value.go; runtime_values.go; object_ops.go","conformance/runtime-values/conformance_test.go; conformance/object-ops/runner_test.go","Safe observable behavior is represented by the cited Go API and executable evidence."
"src/data.rs:1217:struct:v8::data::Uint32Array","src/data.rs","v8::data::Uint32Array","struct","src/data.rs","1217","matched","value.go; runtime_values.go; object_ops.go","conformance/runtime-values/conformance_test.go; conformance/object-ops/runner_test.go","Safe observable behavior is represented by the cited Go API and executable evidence."
"src/data.rs:1237:struct:v8::data::Uint8Array","src/data.rs","v8::data::Uint8Array","struct","src/data.rs","1237","matched","value.go; runtime_values.go; object_ops.go","conformance/runtime-values/conformance_test.go; conformance/object-ops/runner_test.go","Safe observable behavior is represented by the cited Go API and executable evidence."
"src/data.rs:1257:struct:v8::data::Uint8ClampedArray","src/data.rs","v8::data::Uint8ClampedArray","struct","src/data.rs","1257","matched","value.go; runtime_values.go; object_ops.go","conformance/runtime-values/conformance_test.go; conformance/object-ops/runner_test.go","Safe observable behavior is represented by the cited Go API and executable evidence."
"src/data.rs:1277:struct:v8::data::BigIntObject","src/data.rs","v8::data::BigIntObject","struct","src/data.rs","1277","matched","value.go; runtime_values.go; object_ops.go","conformance/runtime-values/conformance_test.go; conformance/object-ops/runner_test.go","Safe observable behavior is represented by the cited Go API and executable evidence."
"src/data.rs:1293:struct:v8::data::BooleanObject","src/data.rs","v8::data::BooleanObject","struct","src/data.rs","1293","matched","value.go; runtime_values.go; object_ops.go","conformance/runtime-values/conformance_test.go; conformance/object-ops/runner_test.go","Safe observable behavior is represented by the cited Go API and executable evidence."
"src/data.rs:1309:struct:v8::data::Date","src/data.rs","v8::data::Date","struct","src/data.rs","1309","matched","value.go; runtime_values.go; object_ops.go","conformance/runtime-values/conformance_test.go; conformance/object-ops/runner_test.go","Safe observable behavior is represented by the cited Go API and executable evidence."
"src/data.rs:1325:struct:v8::data::Function","src/data.rs","v8::data::Function","struct","src/data.rs","1325","matched","value.go; runtime_values.go; object_ops.go","conformance/runtime-values/conformance_test.go; conformance/object-ops/runner_test.go","Safe observable behavior is represented by the cited Go API and executable evidence."
"src/data.rs:1341:struct:v8::data::Map","src/data.rs","v8::data::Map","struct","src/data.rs","1341","matched","value.go; runtime_values.go; object_ops.go","conformance/runtime-values/conformance_test.go; conformance/object-ops/runner_test.go","Safe observable behavior is represented by the cited Go API and executable evidence."
"src/data.rs:1357:struct:v8::data::NumberObject","src/data.rs","v8::data::NumberObject","struct","src/data.rs","1357","matched","value.go; runtime_values.go; object_ops.go","conformance/runtime-values/conformance_test.go; conformance/object-ops/runner_test.go","Safe observable behavior is represented by the cited Go API and executable evidence."
"src/data.rs:1373:struct:v8::data::Promise","src/data.rs","v8::data::Promise","struct","src/data.rs","1373","matched","value.go; runtime_values.go; object_ops.go","conformance/runtime-values/conformance_test.go; conformance/object-ops/runner_test.go","Safe observable behavior is represented by the cited Go API and executable evidence."
"src/data.rs:1388:struct:v8::data::PromiseResolver","src/data.rs","v8::data::PromiseResolver","struct","src/data.rs","1388","matched","value.go; runtime_values.go; object_ops.go","conformance/runtime-values/conformance_test.go; conformance/object-ops/runner_test.go","Safe observable behavior is represented by the cited Go API and executable evidence."
"src/data.rs:1402:struct:v8::data::Proxy","src/data.rs","v8::data::Proxy","struct","src/data.rs","1402","matched","value.go; runtime_values.go; object_ops.go","conformance/runtime-values/conformance_test.go; conformance/object-ops/runner_test.go","Safe observable behavior is represented by the cited Go API and executable evidence."
"src/data.rs:1418:struct:v8::data::RegExp","src/data.rs","v8::data::RegExp","struct","src/data.rs","1418","matched","value.go; runtime_values.go; object_ops.go","conformance/runtime-values/conformance_test.go; conformance/object-ops/runner_test.go","Safe observable behavior is represented by the cited Go API and executable evidence."
"src/data.rs:1434:struct:v8::data::Set","src/data.rs","v8::data::Set","struct","src/data.rs","1434","matched","value.go; runtime_values.go; object_ops.go","conformance/runtime-values/conformance_test.go; conformance/object-ops/runner_test.go","Safe observable behavior is represented by the cited Go API and executable evidence."
"src/data.rs:1450:struct:v8::data::SharedArrayBuffer","src/data.rs","v8::data::SharedArrayBuffer","struct","src/data.rs","1450","matched","value.go; runtime_values.go; object_ops.go","conformance/runtime-values/conformance_test.go; conformance/object-ops/runner_test.go","Safe observable behavior is represented by the cited Go API and executable evidence."
"src/data.rs:1466:struct:v8::data::StringObject","src/data.rs","v8::data::StringObject","struct","src/data.rs","1466","matched","value.go; runtime_values.go; object_ops.go","conformance/runtime-values/conformance_test.go; conformance/object-ops/runner_test.go","Safe observable behavior is represented by the cited Go API and executable evidence."
"src/data.rs:1482:struct:v8::data::SymbolObject","src/data.rs","v8::data::SymbolObject","struct","src/data.rs","1482","matched","value.go; runtime_values.go; object_ops.go","conformance/runtime-values/conformance_test.go; conformance/object-ops/runner_test.go","Safe observable behavior is represented by the cited Go API and executable evidence."
"src/data.rs:1497:struct:v8::data::WasmMemoryObject","src/data.rs","v8::data::WasmMemoryObject","struct","src/data.rs","1497","matched","value.go; runtime_values.go; object_ops.go","conformance/runtime-values/conformance_test.go; conformance/object-ops/runner_test.go","Safe observable behavior is represented by the cited Go API and executable evidence."
"src/data.rs:1512:struct:v8::data::WasmModuleObject","src/data.rs","v8::data::WasmModuleObject","struct","src/data.rs","1512","matched","value.go; runtime_values.go; object_ops.go","conformance/runtime-values/conformance_test.go; conformance/object-ops/runner_test.go","Safe observable behavior is represented by the cited Go API and executable evidence."
"src/data.rs:1528:struct:v8::data::Primitive","src/data.rs","v8::data::Primitive","struct","src/data.rs","1528","matched","value.go; runtime_values.go; object_ops.go","conformance/runtime-values/conformance_test.go; conformance/object-ops/runner_test.go","Safe observable behavior is represented by the cited Go API and executable evidence."
"src/data.rs:1559:struct:v8::data::BigInt","src/data.rs","v8::data::BigInt","struct","src/data.rs","1559","matched","value.go; runtime_values.go; object_ops.go","conformance/runtime-values/conformance_test.go; conformance/object-ops/runner_test.go","Safe observable behavior is represented by the cited Go API and executable evidence."
"src/data.rs:1575:struct:v8::data::Boolean","src/data.rs","v8::data::Boolean","struct","src/data.rs","1575","matched","value.go; runtime_values.go; object_ops.go","conformance/runtime-values/conformance_test.go; conformance/object-ops/runner_test.go","Safe observable behavior is represented by the cited Go API and executable evidence."
"src/data.rs:1591:struct:v8::data::Name","src/data.rs","v8::data::Name","struct","src/data.rs","1591","matched","value.go; runtime_values.go; object_ops.go","conformance/runtime-values/conformance_test.go; conformance/object-ops/runner_test.go","Safe observable behavior is represented by the cited Go API and executable evidence."
"src/data.rs:1610:struct:v8::data::String","src/data.rs","v8::data::String","struct","src/data.rs","1610","matched","value.go; runtime_values.go; object_ops.go","conformance/runtime-values/conformance_test.go; conformance/object-ops/runner_test.go","Safe observable behavior is represented by the cited Go API and executable evidence."
"src/data.rs:1627:struct:v8::data::Symbol","src/data.rs","v8::data::Symbol","struct","src/data.rs","1627","matched","value.go; runtime_values.go; object_ops.go","conformance/runtime-values/conformance_test.go; conformance/object-ops/runner_test.go","Safe observable behavior is represented by the cited Go API and executable evidence."
"src/data.rs:1645:struct:v8::data::Number","src/data.rs","v8::data::Number","struct","src/data.rs","1645","matched","value.go; runtime_values.go; object_ops.go","conformance/runtime-values/conformance_test.go; conformance/object-ops/runner_test.go","Safe observable behavior is represented by the cited Go API and executable evidence."
"src/data.rs:1666:struct:v8::data::Integer","src/data.rs","v8::data::Integer","struct","src/data.rs","1666","matched","value.go; runtime_values.go; object_ops.go","conformance/runtime-values/conformance_test.go; conformance/object-ops/runner_test.go","Safe observable behavior is represented by the cited Go API and executable evidence."
"src/data.rs:1687:struct:v8::data::Int32","src/data.rs","v8::data::Int32","struct","src/data.rs","1687","matched","value.go; runtime_values.go; object_ops.go","conformance/runtime-values/conformance_test.go; conformance/object-ops/runner_test.go","Safe observable behavior is represented by the cited Go API and executable evidence."
"src/data.rs:1706:struct:v8::data::Uint32","src/data.rs","v8::data::Uint32","struct","src/data.rs","1706","matched","value.go; runtime_values.go; object_ops.go","conformance/runtime-values/conformance_test.go; conformance/object-ops/runner_test.go","Safe observable behavior is represented by the cited Go API and executable evidence."
"src/date.rs:16:function:v8::Date::new","src/date.rs","v8::Date::new","function","src/date.rs","16","matched","runtime_values.go","conformance/runtime-values/conformance_test.go","Safe observable behavior is represented by the cited Go API and executable evidence."
"src/date.rs:28:function:v8::Date::value_of","src/date.rs","v8::Date::value_of","function","src/date.rs","28","matched","runtime_values.go","conformance/runtime-values/conformance_test.go","Safe observable behavior is represented by the cited Go API and executable evidence."
"src/exception.rs:91:function:v8::StackTrace::current_stack_trace","src/exception.rs","v8::StackTrace::current_stack_trace","function","src/exception.rs","91","matched","message.go; trycatch.go; exception_constructors.go; trycatch_listener_residual.go","conformance/exceptions-advanced/runner_test.go; conformance/exception-constructors/conformance_test.go; conformance/trycatch-listener-residual/conformance_test.go","Safe observable behavior is represented by the cited Go API and executable evidence."
"src/exception.rs:113:function:v8::StackTrace::current_script_name_or_source_url","src/exception.rs","v8::StackTrace::current_script_name_or_source_url","function","src/exception.rs","113","matched","message.go; trycatch.go; exception_constructors.go; trycatch_listener_residual.go","conformance/exceptions-advanced/runner_test.go; conformance/exception-constructors/conformance_test.go; conformance/trycatch-listener-residual/conformance_test.go","Safe observable behavior is represented by the cited Go API and executable evidence."
"src/exception.rs:125:function:v8::StackTrace::get_frame_count","src/exception.rs","v8::StackTrace::get_frame_count","function","src/exception.rs","125","matched","message.go; trycatch.go; exception_constructors.go; trycatch_listener_residual.go","conformance/exceptions-advanced/runner_test.go; conformance/exception-constructors/conformance_test.go; conformance/trycatch-listener-residual/conformance_test.go","Safe observable behavior is represented by the cited Go API and executable evidence."
"src/exception.rs:131:function:v8::StackTrace::get_frame","src/exception.rs","v8::StackTrace::get_frame","function","src/exception.rs","131","matched","message.go; trycatch.go; exception_constructors.go; trycatch_listener_residual.go","conformance/exceptions-advanced/runner_test.go; conformance/exception-constructors/conformance_test.go; conformance/trycatch-listener-residual/conformance_test.go","Safe observable behavior is represented by the cited Go API and executable evidence."
"src/exception.rs:150:function:v8::StackFrame::get_line_number","src/exception.rs","v8::StackFrame::get_line_number","function","src/exception.rs","150","matched","message.go; trycatch.go; exception_constructors.go; trycatch_listener_residual.go","conformance/exceptions-advanced/runner_test.go; conformance/exception-constructors/conformance_test.go; conformance/trycatch-listener-residual/conformance_test.go","Safe observable behavior is represented by the cited Go API and executable evidence."
"src/exception.rs:160:function:v8::StackFrame::get_column","src/exception.rs","v8::StackFrame::get_column","function","src/exception.rs","160","matched","message.go; trycatch.go; exception_constructors.go; trycatch_listener_residual.go","conformance/exceptions-advanced/runner_test.go; conformance/exception-constructors/conformance_test.go; conformance/trycatch-listener-residual/conformance_test.go","Safe observable behavior is represented by the cited Go API and executable evidence."
"src/exception.rs:169:function:v8::StackFrame::get_script_id","src/exception.rs","v8::StackFrame::get_script_id","function","src/exception.rs","169","matched","message.go; trycatch.go; exception_constructors.go; trycatch_listener_residual.go","conformance/exceptions-advanced/runner_test.go; conformance/exception-constructors/conformance_test.go; conformance/trycatch-listener-residual/conformance_test.go","Safe observable behavior is represented by the cited Go API and executable evidence."
"src/exception.rs:176:function:v8::StackFrame::get_script_name","src/exception.rs","v8::StackFrame::get_script_name","function","src/exception.rs","176","matched","message.go; trycatch.go; exception_constructors.go; trycatch_listener_residual.go","conformance/exceptions-advanced/runner_test.go; conformance/exception-constructors/conformance_test.go; conformance/trycatch-listener-residual/conformance_test.go","Safe observable behavior is represented by the cited Go API and executable evidence."
"src/exception.rs:188:function:v8::StackFrame::get_script_name_or_source_url","src/exception.rs","v8::StackFrame::get_script_name_or_source_url","function","src/exception.rs","188","matched","message.go; trycatch.go; exception_constructors.go; trycatch_listener_residual.go","conformance/exceptions-advanced/runner_test.go; conformance/exception-constructors/conformance_test.go; conformance/trycatch-listener-residual/conformance_test.go","Safe observable behavior is represented by the cited Go API and executable evidence."
"src/exception.rs:199:function:v8::StackFrame::get_script_source","src/exception.rs","v8::StackFrame::get_script_source","function","src/exception.rs","199","matched","message.go; trycatch.go; exception_constructors.go; trycatch_listener_residual.go","conformance/exceptions-advanced/runner_test.go; conformance/exception-constructors/conformance_test.go; conformance/trycatch-listener-residual/conformance_test.go","Safe observable behavior is represented by the cited Go API and executable evidence."
"src/exception.rs:209:function:v8::StackFrame::get_script_source_mapping_url","src/exception.rs","v8::StackFrame::get_script_source_mapping_url","function","src/exception.rs","209","matched","message.go; trycatch.go; exception_constructors.go; trycatch_listener_residual.go","conformance/exceptions-advanced/runner_test.go; conformance/exception-constructors/conformance_test.go; conformance/trycatch-listener-residual/conformance_test.go","Safe observable behavior is represented by the cited Go API and executable evidence."
"src/exception.rs:220:function:v8::StackFrame::get_function_name","src/exception.rs","v8::StackFrame::get_function_name","function","src/exception.rs","220","matched","message.go; trycatch.go; exception_constructors.go; trycatch_listener_residual.go","conformance/exceptions-advanced/runner_test.go; conformance/exception-constructors/conformance_test.go; conformance/trycatch-listener-residual/conformance_test.go","Safe observable behavior is represented by the cited Go API and executable evidence."
"src/exception.rs:230:function:v8::StackFrame::is_eval","src/exception.rs","v8::StackFrame::is_eval","function","src/exception.rs","230","matched","message.go; trycatch.go; exception_constructors.go; trycatch_listener_residual.go","conformance/exceptions-advanced/runner_test.go; conformance/exception-constructors/conformance_test.go; conformance/trycatch-listener-residual/conformance_test.go","Safe observable behavior is represented by the cited Go API and executable evidence."
"src/exception.rs:237:function:v8::StackFrame::is_constructor","src/exception.rs","v8::StackFrame::is_constructor","function","src/exception.rs","237","matched","message.go; trycatch.go; exception_constructors.go; trycatch_listener_residual.go","conformance/exceptions-advanced/runner_test.go; conformance/exception-constructors/conformance_test.go; conformance/trycatch-listener-residual/conformance_test.go","Safe observable behavior is represented by the cited Go API and executable evidence."
"src/exception.rs:243:function:v8::StackFrame::is_wasm","src/exception.rs","v8::StackFrame::is_wasm","function","src/exception.rs","243","matched","message.go; trycatch.go; exception_constructors.go; trycatch_listener_residual.go","conformance/exceptions-advanced/runner_test.go; conformance/exception-constructors/conformance_test.go; conformance/trycatch-listener-residual/conformance_test.go","Safe observable behavior is represented by the cited Go API and executable evidence."
"src/exception.rs:249:function:v8::StackFrame::is_user_javascript","src/exception.rs","v8::StackFrame::is_user_javascript","function","src/exception.rs","249","matched","message.go; trycatch.go; exception_constructors.go; trycatch_listener_residual.go","conformance/exceptions-advanced/runner_test.go; conformance/exception-constructors/conformance_test.go; conformance/trycatch-listener-residual/conformance_test.go","Safe observable behavior is represented by the cited Go API and executable evidence."
"src/exception.rs:256:function:v8::Message::get","src/exception.rs","v8::Message::get","function","src/exception.rs","256","matched","message.go; trycatch.go; exception_constructors.go; trycatch_listener_residual.go","conformance/exceptions-advanced/runner_test.go; conformance/exception-constructors/conformance_test.go; conformance/trycatch-listener-residual/conformance_test.go","Safe observable behavior is represented by the cited Go API and executable evidence."
"src/exception.rs:264:function:v8::Message::get_stack_trace","src/exception.rs","v8::Message::get_stack_trace","function","src/exception.rs","264","matched","message.go; trycatch.go; exception_constructors.go; trycatch_listener_residual.go","conformance/exceptions-advanced/runner_test.go; conformance/exception-constructors/conformance_test.go; conformance/trycatch-listener-residual/conformance_test.go","Safe observable behavior is represented by the cited Go API and executable evidence."
"src/exception.rs:272:function:v8::Message::get_source_line","src/exception.rs","v8::Message::get_source_line","function","src/exception.rs","272","matched","message.go; trycatch.go; exception_constructors.go; trycatch_listener_residual.go","conformance/exceptions-advanced/runner_test.go; conformance/exception-constructors/conformance_test.go; conformance/trycatch-listener-residual/conformance_test.go","Safe observable behavior is represented by the cited Go API and executable evidence."
"src/exception.rs:286:function:v8::Message::get_script_resource_name","src/exception.rs","v8::Message::get_script_resource_name","function","src/exception.rs","286","matched","message.go; trycatch.go; exception_constructors.go; trycatch_listener_residual.go","conformance/exceptions-advanced/runner_test.go; conformance/exception-constructors/conformance_test.go; conformance/trycatch-listener-residual/conformance_test.go","Safe observable behavior is represented by the cited Go API and executable evidence."
"src/exception.rs:295:function:v8::Message::get_line_number","src/exception.rs","v8::Message::get_line_number","function","src/exception.rs","295","matched","message.go; trycatch.go; exception_constructors.go; trycatch_listener_residual.go","conformance/exceptions-advanced/runner_test.go; conformance/exception-constructors/conformance_test.go; conformance/trycatch-listener-residual/conformance_test.go","Safe observable behavior is represented by the cited Go API and executable evidence."
"src/exception.rs:305:function:v8::Message::get_start_position","src/exception.rs","v8::Message::get_start_position","function","src/exception.rs","305","matched","message.go; trycatch.go; exception_constructors.go; trycatch_listener_residual.go","conformance/exceptions-advanced/runner_test.go; conformance/exception-constructors/conformance_test.go; conformance/trycatch-listener-residual/conformance_test.go","Safe observable behavior is represented by the cited Go API and executable evidence."
"src/exception.rs:312:function:v8::Message::get_end_position","src/exception.rs","v8::Message::get_end_position","function","src/exception.rs","312","matched","message.go; trycatch.go; exception_constructors.go; trycatch_listener_residual.go","conformance/exceptions-advanced/runner_test.go; conformance/exception-constructors/conformance_test.go; conformance/trycatch-listener-residual/conformance_test.go","Safe observable behavior is represented by the cited Go API and executable evidence."
"src/exception.rs:319:function:v8::Message::get_wasm_function_index","src/exception.rs","v8::Message::get_wasm_function_index","function","src/exception.rs","319","matched","message.go; trycatch.go; exception_constructors.go; trycatch_listener_residual.go","conformance/exceptions-advanced/runner_test.go; conformance/exception-constructors/conformance_test.go; conformance/trycatch-listener-residual/conformance_test.go","Safe observable behavior is represented by the cited Go API and executable evidence."
"src/exception.rs:325:function:v8::Message::error_level","src/exception.rs","v8::Message::error_level","function","src/exception.rs","325","matched","message.go; trycatch.go; exception_constructors.go; trycatch_listener_residual.go","conformance/exceptions-advanced/runner_test.go; conformance/exception-constructors/conformance_test.go; conformance/trycatch-listener-residual/conformance_test.go","Safe observable behavior is represented by the cited Go API and executable evidence."
"src/exception.rs:332:function:v8::Message::get_start_column","src/exception.rs","v8::Message::get_start_column","function","src/exception.rs","332","matched","message.go; trycatch.go; exception_constructors.go; trycatch_listener_residual.go","conformance/exceptions-advanced/runner_test.go; conformance/exception-constructors/conformance_test.go; conformance/trycatch-listener-residual/conformance_test.go","Safe observable behavior is represented by the cited Go API and executable evidence."
"src/exception.rs:339:function:v8::Message::get_end_column","src/exception.rs","v8::Message::get_end_column","function","src/exception.rs","339","matched","message.go; trycatch.go; exception_constructors.go; trycatch_listener_residual.go","conformance/exceptions-advanced/runner_test.go; conformance/exception-constructors/conformance_test.go; conformance/trycatch-listener-residual/conformance_test.go","Safe observable behavior is represented by the cited Go API and executable evidence."
"src/exception.rs:346:function:v8::Message::is_shared_cross_origin","src/exception.rs","v8::Message::is_shared_cross_origin","function","src/exception.rs","346","matched","message.go; trycatch.go; exception_constructors.go; trycatch_listener_residual.go","conformance/exceptions-advanced/runner_test.go; conformance/exception-constructors/conformance_test.go; conformance/trycatch-listener-residual/conformance_test.go","Safe observable behavior is represented by the cited Go API and executable evidence."
"src/exception.rs:351:function:v8::Message::is_opaque","src/exception.rs","v8::Message::is_opaque","function","src/exception.rs","351","matched","message.go; trycatch.go; exception_constructors.go; trycatch_listener_residual.go","conformance/exceptions-advanced/runner_test.go; conformance/exception-constructors/conformance_test.go; conformance/trycatch-listener-residual/conformance_test.go","Safe observable behavior is represented by the cited Go API and executable evidence."
"src/exception.rs:359:struct:v8::exception::Exception","src/exception.rs","v8::exception::Exception","struct","src/exception.rs","359","matched","message.go; trycatch.go; exception_constructors.go; trycatch_listener_residual.go","conformance/exceptions-advanced/runner_test.go; conformance/exception-constructors/conformance_test.go; conformance/trycatch-listener-residual/conformance_test.go","Safe observable behavior is represented by the cited Go API and executable evidence."
"src/exception.rs:363:function:v8::Exception::error","src/exception.rs","v8::Exception::error","function","src/exception.rs","363","matched","message.go; trycatch.go; exception_constructors.go; trycatch_listener_residual.go","conformance/exceptions-advanced/runner_test.go; conformance/exception-constructors/conformance_test.go; conformance/trycatch-listener-residual/conformance_test.go","Safe observable behavior is represented by the cited Go API and executable evidence."
"src/exception.rs:371:function:v8::Exception::range_error","src/exception.rs","v8::Exception::range_error","function","src/exception.rs","371","matched","message.go; trycatch.go; exception_constructors.go; trycatch_listener_residual.go","conformance/exceptions-advanced/runner_test.go; conformance/exception-constructors/conformance_test.go; conformance/trycatch-listener-residual/conformance_test.go","Safe observable behavior is represented by the cited Go API and executable evidence."
"src/exception.rs:379:function:v8::Exception::reference_error","src/exception.rs","v8::Exception::reference_error","function","src/exception.rs","379","matched","message.go; trycatch.go; exception_constructors.go; trycatch_listener_residual.go","conformance/exceptions-advanced/runner_test.go; conformance/exception-constructors/conformance_test.go; conformance/trycatch-listener-residual/conformance_test.go","Safe observable behavior is represented by the cited Go API and executable evidence."
"src/exception.rs:387:function:v8::Exception::syntax_error","src/exception.rs","v8::Exception::syntax_error","function","src/exception.rs","387","matched","message.go; trycatch.go; exception_constructors.go; trycatch_listener_residual.go","conformance/exceptions-advanced/runner_test.go; conformance/exception-constructors/conformance_test.go; conformance/trycatch-listener-residual/conformance_test.go","Safe observable behavior is represented by the cited Go API and executable evidence."
"src/exception.rs:395:function:v8::Exception::type_error","src/exception.rs","v8::Exception::type_error","function","src/exception.rs","395","matched","message.go; trycatch.go; exception_constructors.go; trycatch_listener_residual.go","conformance/exceptions-advanced/runner_test.go; conformance/exception-constructors/conformance_test.go; conformance/trycatch-listener-residual/conformance_test.go","Safe observable behavior is represented by the cited Go API and executable evidence."
"src/exception.rs:421:function:v8::Exception::create_message","src/exception.rs","v8::Exception::create_message","function","src/exception.rs","421","matched","message.go; trycatch.go; exception_constructors.go; trycatch_listener_residual.go","conformance/exceptions-advanced/runner_test.go; conformance/exception-constructors/conformance_test.go; conformance/trycatch-listener-residual/conformance_test.go","Safe observable behavior is represented by the cited Go API and executable evidence."
"src/exception.rs:436:function:v8::Exception::get_stack_trace","src/exception.rs","v8::Exception::get_stack_trace","function","src/exception.rs","436","matched","message.go; trycatch.go; exception_constructors.go; trycatch_listener_residual.go","conformance/exceptions-advanced/runner_test.go; conformance/exception-constructors/conformance_test.go; conformance/trycatch-listener-residual/conformance_test.go","Safe observable behavior is represented by the cited Go API and executable evidence."
"src/exception.rs:446:function:v8::Exception::capture_stack_trace","src/exception.rs","v8::Exception::capture_stack_trace","function","src/exception.rs","446","matched","message.go; trycatch.go; exception_constructors.go; trycatch_listener_residual.go","conformance/exceptions-advanced/runner_test.go; conformance/exception-constructors/conformance_test.go; conformance/trycatch-listener-residual/conformance_test.go","Safe observable behavior is represented by the cited Go API and executable evidence."
"src/external.rs:21:function:v8::External::new","src/external.rs","v8::External::new","function","src/external.rs","21","matched","external.go","external_references_test.go","Safe observable behavior is represented by the cited Go API and executable evidence."
"src/external.rs:32:function:v8::External::value","src/external.rs","v8::External::value","function","src/external.rs","32","matched","external.go","external_references_test.go","Safe observable behavior is represented by the cited Go API and executable evidence."
"src/external_references.rs:21:union:v8::external_references::ExternalReference","src/external_references.rs","v8::external_references::ExternalReference","union","src/external_references.rs","21","matched","external_references.go","conformance/external-references/conformance_test.go","Safe observable behavior is represented by the cited Go API and executable evidence."
"src/external_references.rs:22:struct_field:v8::ExternalReference::function","src/external_references.rs","v8::ExternalReference::function","struct_field","src/external_references.rs","22","matched","external_references.go","conformance/external-references/conformance_test.go","Safe observable behavior is represented by the cited Go API and executable evidence."
"src/external_references.rs:23:struct_field:v8::ExternalReference::named_getter","src/external_references.rs","v8::ExternalReference::named_getter","struct_field","src/external_references.rs","23","matched","external_references.go","conformance/external-references/conformance_test.go","Safe observable behavior is represented by the cited Go API and executable evidence."
"src/external_references.rs:24:struct_field:v8::ExternalReference::named_setter","src/external_references.rs","v8::ExternalReference::named_setter","struct_field","src/external_references.rs","24","matched","external_references.go","conformance/external-references/conformance_test.go","Safe observable behavior is represented by the cited Go API and executable evidence."
"src/external_references.rs:25:struct_field:v8::ExternalReference::named_definer","src/external_references.rs","v8::ExternalReference::named_definer","struct_field","src/external_references.rs","25","matched","external_references.go","conformance/external-references/conformance_test.go","Safe observable behavior is represented by the cited Go API and executable evidence."
"src/external_references.rs:26:struct_field:v8::ExternalReference::named_deleter","src/external_references.rs","v8::ExternalReference::named_deleter","struct_field","src/external_references.rs","26","matched","external_references.go","conformance/external-references/conformance_test.go","Safe observable behavior is represented by the cited Go API and executable evidence."
"src/external_references.rs:27:struct_field:v8::ExternalReference::named_query","src/external_references.rs","v8::ExternalReference::named_query","struct_field","src/external_references.rs","27","matched","external_references.go","conformance/external-references/conformance_test.go","Safe observable behavior is represented by the cited Go API and executable evidence."
"src/external_references.rs:28:struct_field:v8::ExternalReference::indexed_getter","src/external_references.rs","v8::ExternalReference::indexed_getter","struct_field","src/external_references.rs","28","matched","external_references.go","conformance/external-references/conformance_test.go","Safe observable behavior is represented by the cited Go API and executable evidence."
"src/external_references.rs:29:struct_field:v8::ExternalReference::indexed_setter","src/external_references.rs","v8::ExternalReference::indexed_setter","struct_field","src/external_references.rs","29","matched","external_references.go","conformance/external-references/conformance_test.go","Safe observable behavior is represented by the cited Go API and executable evidence."
"src/external_references.rs:30:struct_field:v8::ExternalReference::indexed_definer","src/external_references.rs","v8::ExternalReference::indexed_definer","struct_field","src/external_references.rs","30","matched","external_references.go","conformance/external-references/conformance_test.go","Safe observable behavior is represented by the cited Go API and executable evidence."
"src/external_references.rs:31:struct_field:v8::ExternalReference::indexed_deleter","src/external_references.rs","v8::ExternalReference::indexed_deleter","struct_field","src/external_references.rs","31","matched","external_references.go","conformance/external-references/conformance_test.go","Safe observable behavior is represented by the cited Go API and executable evidence."
"src/external_references.rs:32:struct_field:v8::ExternalReference::indexed_query","src/external_references.rs","v8::ExternalReference::indexed_query","struct_field","src/external_references.rs","32","matched","external_references.go","conformance/external-references/conformance_test.go","Safe observable behavior is represented by the cited Go API and executable evidence."
"src/external_references.rs:33:struct_field:v8::ExternalReference::enumerator","src/external_references.rs","v8::ExternalReference::enumerator","struct_field","src/external_references.rs","33","matched","external_references.go","conformance/external-references/conformance_test.go","Safe observable behavior is represented by the cited Go API and executable evidence."
"src/external_references.rs:34:struct_field:v8::ExternalReference::message","src/external_references.rs","v8::ExternalReference::message","struct_field","src/external_references.rs","34","matched","external_references.go","conformance/external-references/conformance_test.go","Safe observable behavior is represented by the cited Go API and executable evidence."
"src/external_references.rs:35:struct_field:v8::ExternalReference::pointer","src/external_references.rs","v8::ExternalReference::pointer","struct_field","src/external_references.rs","35","matched","external_references.go","conformance/external-references/conformance_test.go","Safe observable behavior is represented by the cited Go API and executable evidence."
"src/external_references.rs:36:struct_field:v8::ExternalReference::type_info","src/external_references.rs","v8::ExternalReference::type_info","struct_field","src/external_references.rs","36","matched","external_references.go","conformance/external-references/conformance_test.go","Safe observable behavior is represented by the cited Go API and executable evidence."
"src/fast_api.rs:1:module:v8::fast_api","src/fast_api.rs","v8::fast_api","module","src/fast_api.rs","1","matched","fast_api.go","conformance/fast-api-substrate/conformance_test.go; conformance/fast-api-residual/conformance_test.go","Safe observable behavior is represented by the cited Go API and executable evidence."
"src/fast_api.rs:11:struct:v8::fast_api::CFunction","src/fast_api.rs","v8::fast_api::CFunction","struct","src/fast_api.rs","11","matched","fast_api.go","conformance/fast-api-substrate/conformance_test.go; conformance/fast-api-residual/conformance_test.go","Safe observable behavior is represented by the cited Go API and executable evidence."
"src/fast_api.rs:39:function:v8::fast_api::CFunction::new","src/fast_api.rs","v8::fast_api::CFunction::new","function","src/fast_api.rs","39","matched","fast_api.go","conformance/fast-api-substrate/conformance_test.go; conformance/fast-api-residual/conformance_test.go","Safe observable behavior is represented by the cited Go API and executable evidence."
"src/fast_api.rs:49:function:v8::fast_api::CFunction::address","src/fast_api.rs","v8::fast_api::CFunction::address","function","src/fast_api.rs","49","matched","fast_api.go","conformance/fast-api-substrate/conformance_test.go; conformance/fast-api-residual/conformance_test.go","Safe observable behavior is represented by the cited Go API and executable evidence."
"src/fast_api.rs:53:function:v8::fast_api::CFunction::type_info","src/fast_api.rs","v8::fast_api::CFunction::type_info","function","src/fast_api.rs","53","matched","fast_api.go","conformance/fast-api-substrate/conformance_test.go; conformance/fast-api-residual/conformance_test.go","Safe observable behavior is represented by the cited Go API and executable evidence."
"src/fast_api.rs:61:struct:v8::fast_api::CFunctionInfo","src/fast_api.rs","v8::fast_api::CFunctionInfo","struct","src/fast_api.rs","61","matched","fast_api.go","conformance/fast-api-substrate/conformance_test.go; conformance/fast-api-residual/conformance_test.go","Safe observable behavior is represented by the cited Go API and executable evidence."
"src/fast_api.rs:75:function:v8::fast_api::CFunctionInfo::new","src/fast_api.rs","v8::fast_api::CFunctionInfo::new","function","src/fast_api.rs","75","matched","fast_api.go","conformance/fast-api-substrate/conformance_test.go; conformance/fast-api-residual/conformance_test.go","Safe observable behavior is represented by the cited Go API and executable evidence."
"src/fast_api.rs:91:enum:v8::fast_api::Int64Representation","src/fast_api.rs","v8::fast_api::Int64Representation","enum","src/fast_api.rs","91","matched","fast_api.go","conformance/fast-api-substrate/conformance_test.go; conformance/fast-api-residual/conformance_test.go","Safe observable behavior is represented by the cited Go API and executable evidence."
"src/fast_api.rs:93:variant:v8::fast_api::Int64Representation::Number","src/fast_api.rs","v8::fast_api::Int64Representation::Number","variant","src/fast_api.rs","93","matched","fast_api.go","conformance/fast-api-substrate/conformance_test.go; conformance/fast-api-residual/conformance_test.go","Safe observable behavior is represented by the cited Go API and executable evidence."
"src/fast_api.rs:95:variant:v8::fast_api::Int64Representation::BigInt","src/fast_api.rs","v8::fast_api::Int64Representation::BigInt","variant","src/fast_api.rs","95","matched","fast_api.go","conformance/fast-api-substrate/conformance_test.go; conformance/fast-api-residual/conformance_test.go","Safe observable behavior is represented by the cited Go API and executable evidence."
"src/fast_api.rs:100:struct:v8::fast_api::CTypeInfo","src/fast_api.rs","v8::fast_api::CTypeInfo","struct","src/fast_api.rs","100","matched","fast_api.go","conformance/fast-api-substrate/conformance_test.go; conformance/fast-api-residual/conformance_test.go","Safe observable behavior is represented by the cited Go API and executable evidence."
"src/fast_api.rs:103:function:v8::fast_api::CTypeInfo::new","src/fast_api.rs","v8::fast_api::CTypeInfo::new","function","src/fast_api.rs","103","matched","fast_api.go","conformance/fast-api-substrate/conformance_test.go; conformance/fast-api-residual/conformance_test.go","Safe observable behavior is represented by the cited Go API and executable evidence."
"src/fast_api.rs:113:enum:v8::fast_api::Type","src/fast_api.rs","v8::fast_api::Type","enum","src/fast_api.rs","113","matched","fast_api.go","conformance/fast-api-substrate/conformance_test.go; conformance/fast-api-residual/conformance_test.go","Safe observable behavior is represented by the cited Go API and executable evidence."
"src/fast_api.rs:114:variant:v8::fast_api::Type::Void","src/fast_api.rs","v8::fast_api::Type::Void","variant","src/fast_api.rs","114","matched","fast_api.go","conformance/fast-api-substrate/conformance_test.go; conformance/fast-api-residual/conformance_test.go","Safe observable behavior is represented by the cited Go API and executable evidence."
"src/fast_api.rs:115:variant:v8::fast_api::Type::Bool","src/fast_api.rs","v8::fast_api::Type::Bool","variant","src/fast_api.rs","115","matched","fast_api.go","conformance/fast-api-substrate/conformance_test.go; conformance/fast-api-residual/conformance_test.go","Safe observable behavior is represented by the cited Go API and executable evidence."
"src/fast_api.rs:116:variant:v8::fast_api::Type::Uint8","src/fast_api.rs","v8::fast_api::Type::Uint8","variant","src/fast_api.rs","116","matched","fast_api.go","conformance/fast-api-substrate/conformance_test.go; conformance/fast-api-residual/conformance_test.go","Safe observable behavior is represented by the cited Go API and executable evidence."
"src/fast_api.rs:117:variant:v8::fast_api::Type::Int32","src/fast_api.rs","v8::fast_api::Type::Int32","variant","src/fast_api.rs","117","matched","fast_api.go","conformance/fast-api-substrate/conformance_test.go; conformance/fast-api-residual/conformance_test.go","Safe observable behavior is represented by the cited Go API and executable evidence."
"src/fast_api.rs:118:variant:v8::fast_api::Type::Uint32","src/fast_api.rs","v8::fast_api::Type::Uint32","variant","src/fast_api.rs","118","matched","fast_api.go","conformance/fast-api-substrate/conformance_test.go; conformance/fast-api-residual/conformance_test.go","Safe observable behavior is represented by the cited Go API and executable evidence."
"src/fast_api.rs:119:variant:v8::fast_api::Type::Int64","src/fast_api.rs","v8::fast_api::Type::Int64","variant","src/fast_api.rs","119","matched","fast_api.go","conformance/fast-api-substrate/conformance_test.go; conformance/fast-api-residual/conformance_test.go","Safe observable behavior is represented by the cited Go API and executable evidence."
"src/fast_api.rs:120:variant:v8::fast_api::Type::Uint64","src/fast_api.rs","v8::fast_api::Type::Uint64","variant","src/fast_api.rs","120","matched","fast_api.go","conformance/fast-api-substrate/conformance_test.go; conformance/fast-api-residual/conformance_test.go","Safe observable behavior is represented by the cited Go API and executable evidence."
"src/fast_api.rs:121:variant:v8::fast_api::Type::Float32","src/fast_api.rs","v8::fast_api::Type::Float32","variant","src/fast_api.rs","121","matched","fast_api.go","conformance/fast-api-substrate/conformance_test.go; conformance/fast-api-residual/conformance_test.go","Safe observable behavior is represented by the cited Go API and executable evidence."
"src/fast_api.rs:122:variant:v8::fast_api::Type::Float64","src/fast_api.rs","v8::fast_api::Type::Float64","variant","src/fast_api.rs","122","matched","fast_api.go","conformance/fast-api-substrate/conformance_test.go; conformance/fast-api-residual/conformance_test.go","Safe observable behavior is represented by the cited Go API and executable evidence."
"src/fast_api.rs:123:variant:v8::fast_api::Type::Pointer","src/fast_api.rs","v8::fast_api::Type::Pointer","variant","src/fast_api.rs","123","matched","fast_api.go","conformance/fast-api-substrate/conformance_test.go; conformance/fast-api-residual/conformance_test.go","Safe observable behavior is represented by the cited Go API and executable evidence."
"src/fast_api.rs:124:variant:v8::fast_api::Type::V8Value","src/fast_api.rs","v8::fast_api::Type::V8Value","variant","src/fast_api.rs","124","matched","fast_api.go","conformance/fast-api-substrate/conformance_test.go; conformance/fast-api-residual/conformance_test.go","Safe observable behavior is represented by the cited Go API and executable evidence."
"src/fast_api.rs:125:variant:v8::fast_api::Type::SeqOneByteString","src/fast_api.rs","v8::fast_api::Type::SeqOneByteString","variant","src/fast_api.rs","125","matched","fast_api.go","conformance/fast-api-substrate/conformance_test.go; conformance/fast-api-residual/conformance_test.go","Safe observable behavior is represented by the cited Go API and executable evidence."
"src/fast_api.rs:126:variant:v8::fast_api::Type::ApiObject","src/fast_api.rs","v8::fast_api::Type::ApiObject","variant","src/fast_api.rs","126","matched","fast_api.go","conformance/fast-api-substrate/conformance_test.go; conformance/fast-api-residual/conformance_test.go","Safe observable behavior is represented by the cited Go API and executable evidence."
"src/fast_api.rs:127:variant:v8::fast_api::Type::Any","src/fast_api.rs","v8::fast_api::Type::Any","variant","src/fast_api.rs","127","matched","fast_api.go","conformance/fast-api-substrate/conformance_test.go; conformance/fast-api-residual/conformance_test.go","Safe observable behavior is represented by the cited Go API and executable evidence."
"src/fast_api.rs:128:variant:v8::fast_api::Type::CallbackOptions","src/fast_api.rs","v8::fast_api::Type::CallbackOptions","variant","src/fast_api.rs","128","matched","fast_api.go","conformance/fast-api-substrate/conformance_test.go; conformance/fast-api-residual/conformance_test.go","Safe observable behavior is represented by the cited Go API and executable evidence."
"src/fast_api.rs:133:function:v8::fast_api::Type::as_info","src/fast_api.rs","v8::fast_api::Type::as_info","function","src/fast_api.rs","133","matched","fast_api.go","conformance/fast-api-substrate/conformance_test.go; conformance/fast-api-residual/conformance_test.go","Safe observable behavior is represented by the cited Go API and executable evidence."
"src/fast_api.rs:144:assoc_const:v8::fast_api::Flags::AllowShared","src/fast_api.rs","v8::fast_api::Flags::AllowShared","assoc_const","src/fast_api.rs","144","matched","fast_api.go","conformance/fast-api-substrate/conformance_test.go; conformance/fast-api-residual/conformance_test.go","Safe observable behavior is represented by the cited Go API and executable evidence."
"src/fast_api.rs:144:assoc_const:v8::fast_api::Flags::Clamp","src/fast_api.rs","v8::fast_api::Flags::Clamp","assoc_const","src/fast_api.rs","144","matched","fast_api.go","conformance/fast-api-substrate/conformance_test.go; conformance/fast-api-residual/conformance_test.go","Safe observable behavior is represented by the cited Go API and executable evidence."
"src/fast_api.rs:144:assoc_const:v8::fast_api::Flags::EnforceRange","src/fast_api.rs","v8::fast_api::Flags::EnforceRange","assoc_const","src/fast_api.rs","144","matched","fast_api.go","conformance/fast-api-substrate/conformance_test.go; conformance/fast-api-residual/conformance_test.go","Safe observable behavior is represented by the cited Go API and executable evidence."
"src/fast_api.rs:144:assoc_const:v8::fast_api::Flags::IsRestricted","src/fast_api.rs","v8::fast_api::Flags::IsRestricted","assoc_const","src/fast_api.rs","144","matched","fast_api.go","conformance/fast-api-substrate/conformance_test.go; conformance/fast-api-residual/conformance_test.go","Safe observable behavior is represented by the cited Go API and executable evidence."
"src/fast_api.rs:144:function:v8::fast_api::Flags::all","src/fast_api.rs","v8::fast_api::Flags::all","function","src/fast_api.rs","144","matched","fast_api.go","conformance/fast-api-substrate/conformance_test.go; conformance/fast-api-residual/conformance_test.go","Safe observable behavior is represented by the cited Go API and executable evidence."
"src/fast_api.rs:144:function:v8::fast_api::Flags::bits","src/fast_api.rs","v8::fast_api::Flags::bits","function","src/fast_api.rs","144","matched","fast_api.go","conformance/fast-api-substrate/conformance_test.go; conformance/fast-api-residual/conformance_test.go","Safe observable behavior is represented by the cited Go API and executable evidence."
"src/fast_api.rs:144:function:v8::fast_api::Flags::complement","src/fast_api.rs","v8::fast_api::Flags::complement","function","src/fast_api.rs","144","matched","fast_api.go","conformance/fast-api-substrate/conformance_test.go; conformance/fast-api-residual/conformance_test.go","Safe observable behavior is represented by the cited Go API and executable evidence."
"src/fast_api.rs:144:function:v8::fast_api::Flags::contains","src/fast_api.rs","v8::fast_api::Flags::contains","function","src/fast_api.rs","144","matched","fast_api.go","conformance/fast-api-substrate/conformance_test.go; conformance/fast-api-residual/conformance_test.go","Safe observable behavior is represented by the cited Go API and executable evidence."
"src/fast_api.rs:144:function:v8::fast_api::Flags::difference","src/fast_api.rs","v8::fast_api::Flags::difference","function","src/fast_api.rs","144","matched","fast_api.go","conformance/fast-api-substrate/conformance_test.go; conformance/fast-api-residual/conformance_test.go","Safe observable behavior is represented by the cited Go API and executable evidence."
"src/fast_api.rs:144:function:v8::fast_api::Flags::empty","src/fast_api.rs","v8::fast_api::Flags::empty","function","src/fast_api.rs","144","matched","fast_api.go","conformance/fast-api-substrate/conformance_test.go; conformance/fast-api-residual/conformance_test.go","Safe observable behavior is represented by the cited Go API and executable evidence."
"src/fast_api.rs:144:function:v8::fast_api::Flags::from_bits","src/fast_api.rs","v8::fast_api::Flags::from_bits","function","src/fast_api.rs","144","matched","fast_api.go","conformance/fast-api-substrate/conformance_test.go; conformance/fast-api-residual/conformance_test.go","Safe observable behavior is represented by the cited Go API and executable evidence."
"src/fast_api.rs:144:function:v8::fast_api::Flags::from_bits_retain","src/fast_api.rs","v8::fast_api::Flags::from_bits_retain","function","src/fast_api.rs","144","matched","fast_api.go","conformance/fast-api-substrate/conformance_test.go; conformance/fast-api-residual/conformance_test.go","Safe observable behavior is represented by the cited Go API and executable evidence."
"src/fast_api.rs:144:function:v8::fast_api::Flags::from_bits_truncate","src/fast_api.rs","v8::fast_api::Flags::from_bits_truncate","function","src/fast_api.rs","144","matched","fast_api.go","conformance/fast-api-substrate/conformance_test.go; conformance/fast-api-residual/conformance_test.go","Safe observable behavior is represented by the cited Go API and executable evidence."
"src/fast_api.rs:144:function:v8::fast_api::Flags::from_name","src/fast_api.rs","v8::fast_api::Flags::from_name","function","src/fast_api.rs","144","matched","fast_api.go","conformance/fast-api-substrate/conformance_test.go; conformance/fast-api-residual/conformance_test.go","Safe observable behavior is represented by the cited Go API and executable evidence."
"src/fast_api.rs:144:function:v8::fast_api::Flags::insert","src/fast_api.rs","v8::fast_api::Flags::insert","function","src/fast_api.rs","144","matched","fast_api.go","conformance/fast-api-substrate/conformance_test.go; conformance/fast-api-residual/conformance_test.go","Safe observable behavior is represented by the cited Go API and executable evidence."
"src/fast_api.rs:144:function:v8::fast_api::Flags::intersection","src/fast_api.rs","v8::fast_api::Flags::intersection","function","src/fast_api.rs","144","matched","fast_api.go","conformance/fast-api-substrate/conformance_test.go; conformance/fast-api-residual/conformance_test.go","Safe observable behavior is represented by the cited Go API and executable evidence."
"src/fast_api.rs:144:function:v8::fast_api::Flags::intersects","src/fast_api.rs","v8::fast_api::Flags::intersects","function","src/fast_api.rs","144","matched","fast_api.go","conformance/fast-api-substrate/conformance_test.go; conformance/fast-api-residual/conformance_test.go","Safe observable behavior is represented by the cited Go API and executable evidence."
"src/fast_api.rs:144:function:v8::fast_api::Flags::is_all","src/fast_api.rs","v8::fast_api::Flags::is_all","function","src/fast_api.rs","144","matched","fast_api.go","conformance/fast-api-substrate/conformance_test.go; conformance/fast-api-residual/conformance_test.go","Safe observable behavior is represented by the cited Go API and executable evidence."
"src/fast_api.rs:144:function:v8::fast_api::Flags::is_empty","src/fast_api.rs","v8::fast_api::Flags::is_empty","function","src/fast_api.rs","144","matched","fast_api.go","conformance/fast-api-substrate/conformance_test.go; conformance/fast-api-residual/conformance_test.go","Safe observable behavior is represented by the cited Go API and executable evidence."
"src/fast_api.rs:144:function:v8::fast_api::Flags::iter","src/fast_api.rs","v8::fast_api::Flags::iter","function","src/fast_api.rs","144","matched","fast_api.go","conformance/fast-api-substrate/conformance_test.go; conformance/fast-api-residual/conformance_test.go","Safe observable behavior is represented by the cited Go API and executable evidence."
"src/fast_api.rs:144:function:v8::fast_api::Flags::iter_names","src/fast_api.rs","v8::fast_api::Flags::iter_names","function","src/fast_api.rs","144","matched","fast_api.go","conformance/fast-api-substrate/conformance_test.go; conformance/fast-api-residual/conformance_test.go","Safe observable behavior is represented by the cited Go API and executable evidence."
"src/fast_api.rs:144:function:v8::fast_api::Flags::remove","src/fast_api.rs","v8::fast_api::Flags::remove","function","src/fast_api.rs","144","matched","fast_api.go","conformance/fast-api-substrate/conformance_test.go; conformance/fast-api-residual/conformance_test.go","Safe observable behavior is represented by the cited Go API and executable evidence."
"src/fast_api.rs:144:function:v8::fast_api::Flags::set","src/fast_api.rs","v8::fast_api::Flags::set","function","src/fast_api.rs","144","matched","fast_api.go","conformance/fast-api-substrate/conformance_test.go; conformance/fast-api-residual/conformance_test.go","Safe observable behavior is represented by the cited Go API and executable evidence."
"src/fast_api.rs:144:function:v8::fast_api::Flags::symmetric_difference","src/fast_api.rs","v8::fast_api::Flags::symmetric_difference","function","src/fast_api.rs","144","matched","fast_api.go","conformance/fast-api-substrate/conformance_test.go; conformance/fast-api-residual/conformance_test.go","Safe observable behavior is represented by the cited Go API and executable evidence."
"src/fast_api.rs:144:function:v8::fast_api::Flags::toggle","src/fast_api.rs","v8::fast_api::Flags::toggle","function","src/fast_api.rs","144","matched","fast_api.go","conformance/fast-api-substrate/conformance_test.go; conformance/fast-api-residual/conformance_test.go","Safe observable behavior is represented by the cited Go API and executable evidence."
"src/fast_api.rs:144:function:v8::fast_api::Flags::union","src/fast_api.rs","v8::fast_api::Flags::union","function","src/fast_api.rs","144","matched","fast_api.go","conformance/fast-api-substrate/conformance_test.go; conformance/fast-api-residual/conformance_test.go","Safe observable behavior is represented by the cited Go API and executable evidence."
"src/fast_api.rs:144:struct:v8::fast_api::Flags","src/fast_api.rs","v8::fast_api::Flags","struct","src/fast_api.rs","144","matched","fast_api.go","conformance/fast-api-substrate/conformance_test.go; conformance/fast-api-residual/conformance_test.go","Safe observable behavior is represented by the cited Go API and executable evidence."
"src/fast_api.rs:162:struct:v8::fast_api::FastApiCallbackOptions","src/fast_api.rs","v8::fast_api::FastApiCallbackOptions","struct","src/fast_api.rs","162","unsafe","No raw Go equivalent, safe higher-level behavior is exposed where applicable.","API_AUDIT.md#classification-boundary","Callback-borrowed Fast API ABI shape; behavior is native and copied in Go"
"src/fast_api.rs:165:struct_field:v8::fast_api::FastApiCallbackOptions::data","src/fast_api.rs","v8::fast_api::FastApiCallbackOptions::data","struct_field","src/fast_api.rs","165","unsafe","No raw Go equivalent, safe higher-level behavior is exposed where applicable.","API_AUDIT.md#classification-boundary","Callback-borrowed Fast API ABI shape; behavior is native and copied in Go"
"src/fast_api.rs:169:function:v8::fast_api::FastApiCallbackOptions::isolate_unchecked","src/fast_api.rs","v8::fast_api::FastApiCallbackOptions::isolate_unchecked","function","src/fast_api.rs","169","unsafe","No raw Go equivalent, safe higher-level behavior is exposed where applicable.","API_AUDIT.md#classification-boundary","Callback-borrowed Fast API ABI shape; behavior is native and copied in Go"
"src/fast_api.rs:178:function:v8::fast_api::FastApiCallbackOptions::isolate_unchecked_mut","src/fast_api.rs","v8::fast_api::FastApiCallbackOptions::isolate_unchecked_mut","function","src/fast_api.rs","178","unsafe","No raw Go equivalent, safe higher-level behavior is exposed where applicable.","API_AUDIT.md#classification-boundary","Callback-borrowed Fast API ABI shape; behavior is native and copied in Go"
"src/fast_api.rs:188:type_alias:v8::fast_api::FastApiOneByteString","src/fast_api.rs","v8::fast_api::FastApiOneByteString","type_alias","src/fast_api.rs","188","unsafe","No raw Go equivalent, safe higher-level behavior is exposed where applicable.","API_AUDIT.md#classification-boundary","Callback-borrowed Fast API ABI shape; behavior is native and copied in Go"
"src/fast_api.rs:192:function:v8::fast_api::FastApiOneByteString::as_bytes","src/fast_api.rs","v8::fast_api::FastApiOneByteString::as_bytes","function","src/fast_api.rs","192","unsafe","No raw Go equivalent, safe higher-level behavior is exposed where applicable.","API_AUDIT.md#classification-boundary","Callback-borrowed Fast API ABI shape; behavior is native and copied in Go"
"src/fixed_array.rs:17:function:v8::FixedArray::length","src/fixed_array.rs","v8::FixedArray::length","function","src/fixed_array.rs","17","matched","fixed_primitive_arrays.go","conformance/fixed-primitive-arrays/runner_test.go","Safe observable behavior is represented by the cited Go API and executable evidence."
"src/fixed_array.rs:22:function:v8::FixedArray::get","src/fixed_array.rs","v8::FixedArray::get","function","src/fixed_array.rs","22","matched","fixed_primitive_arrays.go","conformance/fixed-primitive-arrays/runner_test.go","Safe observable behavior is represented by the cited Go API and executable evidence."
"src/function.rs:138:enum:v8::function::ConstructorBehavior","src/function.rs","v8::function::ConstructorBehavior","enum","src/function.rs","138","matched","core_advanced.go; template.go","conformance/functions-advanced/conformance_test.go; conformance/core-advanced/runner_test.go","Safe observable behavior is represented by the cited Go API and executable evidence."
"src/function.rs:139:variant:v8::function::ConstructorBehavior::Throw","src/function.rs","v8::function::ConstructorBehavior::Throw","variant","src/function.rs","139","matched","core_advanced.go; template.go","conformance/functions-advanced/conformance_test.go; conformance/core-advanced/runner_test.go","Safe observable behavior is represented by the cited Go API and executable evidence."
"src/function.rs:140:variant:v8::function::ConstructorBehavior::Allow","src/function.rs","v8::function::ConstructorBehavior::Allow","variant","src/function.rs","140","matched","core_advanced.go; template.go","conformance/functions-advanced/conformance_test.go; conformance/core-advanced/runner_test.go","Safe observable behavior is represented by the cited Go API and executable evidence."
"src/function.rs:152:enum:v8::function::SideEffectType","src/function.rs","v8::function::SideEffectType","enum","src/function.rs","152","matched","core_advanced.go; template.go","conformance/functions-advanced/conformance_test.go; conformance/core-advanced/runner_test.go","Safe observable behavior is represented by the cited Go API and executable evidence."
"src/function.rs:153:variant:v8::function::SideEffectType::HasSideEffect","src/function.rs","v8::function::SideEffectType::HasSideEffect","variant","src/function.rs","153","matched","core_advanced.go; template.go","conformance/functions-advanced/conformance_test.go; conformance/core-advanced/runner_test.go","Safe observable behavior is represented by the cited Go API and executable evidence."
"src/function.rs:154:variant:v8::function::SideEffectType::HasNoSideEffect","src/function.rs","v8::function::SideEffectType::HasNoSideEffect","variant","src/function.rs","154","matched","core_advanced.go; template.go","conformance/functions-advanced/conformance_test.go; conformance/core-advanced/runner_test.go","Safe observable behavior is represented by the cited Go API and executable evidence."
"src/function.rs:155:variant:v8::function::SideEffectType::HasSideEffectToReceiver","src/function.rs","v8::function::SideEffectType::HasSideEffectToReceiver","variant","src/function.rs","155","matched","core_advanced.go; template.go","conformance/functions-advanced/conformance_test.go; conformance/core-advanced/runner_test.go","Safe observable behavior is represented by the cited Go API and executable evidence."
"src/function.rs:175:struct:v8::function::ReturnValue","src/function.rs","v8::function::ReturnValue","struct","src/function.rs","175","matched","core_advanced.go; template.go","conformance/functions-advanced/conformance_test.go; conformance/core-advanced/runner_test.go","Safe observable behavior is represented by the cited Go API and executable evidence."
"src/function.rs:192:function:v8::ReturnValue::from_property_callback_info","src/function.rs","v8::ReturnValue::from_property_callback_info","function","src/function.rs","192","matched","core_advanced.go; template.go","conformance/functions-advanced/conformance_test.go; conformance/core-advanced/runner_test.go","Safe observable behavior is represented by the cited Go API and executable evidence."
"src/function.rs:206:function:v8::ReturnValue::from_function_callback_info","src/function.rs","v8::ReturnValue::from_function_callback_info","function","src/function.rs","206","matched","core_advanced.go; template.go","conformance/functions-advanced/conformance_test.go; conformance/core-advanced/runner_test.go","Safe observable behavior is represented by the cited Go API and executable evidence."
"src/function.rs:216:function:v8::ReturnValue::set_bool","src/function.rs","v8::ReturnValue::set_bool","function","src/function.rs","216","matched","core_advanced.go; template.go","conformance/functions-advanced/conformance_test.go; conformance/core-advanced/runner_test.go","Safe observable behavior is represented by the cited Go API and executable evidence."
"src/function.rs:226:function:v8::ReturnValue::set","src/function.rs","v8::ReturnValue::set","function","src/function.rs","226","matched","core_advanced.go; template.go","conformance/functions-advanced/conformance_test.go; conformance/core-advanced/runner_test.go","Safe observable behavior is represented by the cited Go API and executable evidence."
"src/function.rs:231:function:v8::ReturnValue::set_bool","src/function.rs","v8::ReturnValue::set_bool","function","src/function.rs","231","matched","core_advanced.go; template.go","conformance/functions-advanced/conformance_test.go; conformance/core-advanced/runner_test.go","Safe observable behavior is represented by the cited Go API and executable evidence."
"src/function.rs:236:function:v8::ReturnValue::set_int32","src/function.rs","v8::ReturnValue::set_int32","function","src/function.rs","236","matched","core_advanced.go; template.go","conformance/functions-advanced/conformance_test.go; conformance/core-advanced/runner_test.go","Safe observable behavior is represented by the cited Go API and executable evidence."
"src/function.rs:241:function:v8::ReturnValue::set_uint32","src/function.rs","v8::ReturnValue::set_uint32","function","src/function.rs","241","matched","core_advanced.go; template.go","conformance/functions-advanced/conformance_test.go; conformance/core-advanced/runner_test.go","Safe observable behavior is represented by the cited Go API and executable evidence."
"src/function.rs:246:function:v8::ReturnValue::set_double","src/function.rs","v8::ReturnValue::set_double","function","src/function.rs","246","matched","core_advanced.go; template.go","conformance/functions-advanced/conformance_test.go; conformance/core-advanced/runner_test.go","Safe observable behavior is represented by the cited Go API and executable evidence."
"src/function.rs:251:function:v8::ReturnValue::set_null","src/function.rs","v8::ReturnValue::set_null","function","src/function.rs","251","matched","core_advanced.go; template.go","conformance/functions-advanced/conformance_test.go; conformance/core-advanced/runner_test.go","Safe observable behavior is represented by the cited Go API and executable evidence."
"src/function.rs:256:function:v8::ReturnValue::set_undefined","src/function.rs","v8::ReturnValue::set_undefined","function","src/function.rs","256","matched","core_advanced.go; template.go","conformance/functions-advanced/conformance_test.go; conformance/core-advanced/runner_test.go","Safe observable behavior is represented by the cited Go API and executable evidence."
"src/function.rs:261:function:v8::ReturnValue::set_empty_string","src/function.rs","v8::ReturnValue::set_empty_string","function","src/function.rs","261","matched","core_advanced.go; template.go","conformance/functions-advanced/conformance_test.go; conformance/core-advanced/runner_test.go","Safe observable behavior is represented by the cited Go API and executable evidence."
"src/function.rs:269:function:v8::ReturnValue::get","src/function.rs","v8::ReturnValue::get","function","src/function.rs","269","matched","core_advanced.go; template.go","conformance/functions-advanced/conformance_test.go; conformance/core-advanced/runner_test.go","Safe observable behavior is represented by the cited Go API and executable evidence."
"src/function.rs:281:struct:v8::function::FunctionCallbackInfo","src/function.rs","v8::function::FunctionCallbackInfo","struct","src/function.rs","281","matched","core_advanced.go; template.go","conformance/functions-advanced/conformance_test.go; conformance/core-advanced/runner_test.go","Safe observable behavior is represented by the cited Go API and executable evidence."
"src/function.rs:291:struct:v8::function::FunctionCallbackInfoParts","src/function.rs","v8::function::FunctionCallbackInfoParts","struct","src/function.rs","291","matched","core_advanced.go; template.go","conformance/functions-advanced/conformance_test.go; conformance/core-advanced/runner_test.go","Safe observable behavior is represented by the cited Go API and executable evidence."
"src/function.rs:292:struct_field:v8::FunctionCallbackInfoParts::isolate","src/function.rs","v8::FunctionCallbackInfoParts::isolate","struct_field","src/function.rs","292","matched","core_advanced.go; template.go","conformance/functions-advanced/conformance_test.go; conformance/core-advanced/runner_test.go","Safe observable behavior is represented by the cited Go API and executable evidence."
"src/function.rs:293:struct_field:v8::FunctionCallbackInfoParts::return_value","src/function.rs","v8::FunctionCallbackInfoParts::return_value","struct_field","src/function.rs","293","matched","core_advanced.go; template.go","conformance/functions-advanced/conformance_test.go; conformance/core-advanced/runner_test.go","Safe observable behavior is represented by the cited Go API and executable evidence."
"src/function.rs:294:struct_field:v8::FunctionCallbackInfoParts::data","src/function.rs","v8::FunctionCallbackInfoParts::data","struct_field","src/function.rs","294","matched","core_advanced.go; template.go","conformance/functions-advanced/conformance_test.go; conformance/core-advanced/runner_test.go","Safe observable behavior is represented by the cited Go API and executable evidence."
"src/function.rs:295:struct_field:v8::FunctionCallbackInfoParts::length","src/function.rs","v8::FunctionCallbackInfoParts::length","struct_field","src/function.rs","295","matched","core_advanced.go; template.go","conformance/functions-advanced/conformance_test.go; conformance/core-advanced/runner_test.go","Safe observable behavior is represented by the cited Go API and executable evidence."
"src/function.rs:306:function:v8::FunctionCallbackInfo::get_parts","src/function.rs","v8::FunctionCallbackInfo::get_parts","function","src/function.rs","306","matched","core_advanced.go; template.go","conformance/functions-advanced/conformance_test.go; conformance/core-advanced/runner_test.go","Safe observable behavior is represented by the cited Go API and executable evidence."
"src/function.rs:337:function:v8::FunctionCallbackInfo::is_construct_call","src/function.rs","v8::FunctionCallbackInfo::is_construct_call","function","src/function.rs","337","matched","core_advanced.go; template.go","conformance/functions-advanced/conformance_test.go; conformance/core-advanced/runner_test.go","Safe observable behavior is represented by the cited Go API and executable evidence."
"src/function.rs:373:struct:v8::function::PropertyCallbackInfo","src/function.rs","v8::function::PropertyCallbackInfo","struct","src/function.rs","373","matched","core_advanced.go; template.go","conformance/functions-advanced/conformance_test.go; conformance/core-advanced/runner_test.go","Safe observable behavior is represented by the cited Go API and executable evidence."
"src/function.rs:383:struct:v8::function::FunctionCallbackArguments","src/function.rs","v8::function::FunctionCallbackArguments","struct","src/function.rs","383","matched","core_advanced.go; template.go","conformance/functions-advanced/conformance_test.go; conformance/core-advanced/runner_test.go","Safe observable behavior is represented by the cited Go API and executable evidence."
"src/function.rs:391:function:v8::FunctionCallbackArguments::from_function_callback_info","src/function.rs","v8::FunctionCallbackArguments::from_function_callback_info","function","src/function.rs","391","matched","core_advanced.go; template.go","conformance/functions-advanced/conformance_test.go; conformance/core-advanced/runner_test.go","Safe observable behavior is represented by the cited Go API and executable evidence."
"src/function.rs:402:function:v8::FunctionCallbackArguments::from_function_callback_info_parts","src/function.rs","v8::FunctionCallbackArguments::from_function_callback_info_parts","function","src/function.rs","402","matched","core_advanced.go; template.go","conformance/functions-advanced/conformance_test.go; conformance/core-advanced/runner_test.go","Safe observable behavior is represented by the cited Go API and executable evidence."
"src/function.rs:418:function:v8::FunctionCallbackArguments::get_isolate","src/function.rs","v8::FunctionCallbackArguments::get_isolate","function","src/function.rs","418","matched","core_advanced.go; template.go","conformance/functions-advanced/conformance_test.go; conformance/core-advanced/runner_test.go","Safe observable behavior is represented by the cited Go API and executable evidence."
"src/function.rs:426:function:v8::FunctionCallbackArguments::new_target","src/function.rs","v8::FunctionCallbackArguments::new_target","function","src/function.rs","426","matched","core_advanced.go; template.go","conformance/functions-advanced/conformance_test.go; conformance/core-advanced/runner_test.go","Safe observable behavior is represented by the cited Go API and executable evidence."
"src/function.rs:433:function:v8::FunctionCallbackArguments::is_construct_call","src/function.rs","v8::FunctionCallbackArguments::is_construct_call","function","src/function.rs","433","matched","core_advanced.go; template.go","conformance/functions-advanced/conformance_test.go; conformance/core-advanced/runner_test.go","Safe observable behavior is represented by the cited Go API and executable evidence."
"src/function.rs:439:function:v8::FunctionCallbackArguments::this","src/function.rs","v8::FunctionCallbackArguments::this","function","src/function.rs","439","matched","core_advanced.go; template.go","conformance/functions-advanced/conformance_test.go; conformance/core-advanced/runner_test.go","Safe observable behavior is represented by the cited Go API and executable evidence."
"src/function.rs:445:function:v8::FunctionCallbackArguments::data","src/function.rs","v8::FunctionCallbackArguments::data","function","src/function.rs","445","matched","core_advanced.go; template.go","conformance/functions-advanced/conformance_test.go; conformance/core-advanced/runner_test.go","Safe observable behavior is represented by the cited Go API and executable evidence."
"src/function.rs:451:function:v8::FunctionCallbackArguments::length","src/function.rs","v8::FunctionCallbackArguments::length","function","src/function.rs","451","matched","core_advanced.go; template.go","conformance/functions-advanced/conformance_test.go; conformance/core-advanced/runner_test.go","Safe observable behavior is represented by the cited Go API and executable evidence."
"src/function.rs:458:function:v8::FunctionCallbackArguments::get","src/function.rs","v8::FunctionCallbackArguments::get","function","src/function.rs","458","matched","core_advanced.go; template.go","conformance/functions-advanced/conformance_test.go; conformance/core-advanced/runner_test.go","Safe observable behavior is represented by the cited Go API and executable evidence."
"src/function.rs:464:struct:v8::function::PropertyCallbackArguments","src/function.rs","v8::function::PropertyCallbackArguments","struct","src/function.rs","464","matched","core_advanced.go; template.go","conformance/functions-advanced/conformance_test.go; conformance/core-advanced/runner_test.go","Safe observable behavior is represented by the cited Go API and executable evidence."
"src/function.rs:480:function:v8::PropertyCallbackArguments::holder","src/function.rs","v8::PropertyCallbackArguments::holder","function","src/function.rs","480","matched","core_advanced.go; template.go","conformance/functions-advanced/conformance_test.go; conformance/core-advanced/runner_test.go","Safe observable behavior is represented by the cited Go API and executable evidence."
"src/function.rs:491:function:v8::PropertyCallbackArguments::data","src/function.rs","v8::PropertyCallbackArguments::data","function","src/function.rs","491","matched","core_advanced.go; template.go","conformance/functions-advanced/conformance_test.go; conformance/core-advanced/runner_test.go","Safe observable behavior is represented by the cited Go API and executable evidence."
"src/function.rs:503:function:v8::PropertyCallbackArguments::should_throw_on_error","src/function.rs","v8::PropertyCallbackArguments::should_throw_on_error","function","src/function.rs","503","matched","core_advanced.go; template.go","conformance/functions-advanced/conformance_test.go; conformance/core-advanced/runner_test.go","Safe observable behavior is represented by the cited Go API and executable evidence."
"src/function.rs:508:type_alias:v8::function::FunctionCallback","src/function.rs","v8::function::FunctionCallback","type_alias","src/function.rs","508","matched","core_advanced.go; template.go","conformance/functions-advanced/conformance_test.go; conformance/core-advanced/runner_test.go","Safe observable behavior is represented by the cited Go API and executable evidence."
"src/function.rs:914:struct:v8::function::FunctionBuilder","src/function.rs","v8::function::FunctionBuilder","struct","src/function.rs","914","matched","core_advanced.go; template.go","conformance/functions-advanced/conformance_test.go; conformance/core-advanced/runner_test.go","Safe observable behavior is represented by the cited Go API and executable evidence."
"src/function.rs:927:function:v8::FunctionBuilder::new","src/function.rs","v8::FunctionBuilder::new","function","src/function.rs","927","matched","core_advanced.go; template.go","conformance/functions-advanced/conformance_test.go; conformance/core-advanced/runner_test.go","Safe observable behavior is represented by the cited Go API and executable evidence."
"src/function.rs:932:function:v8::FunctionBuilder::new_raw","src/function.rs","v8::FunctionBuilder::new_raw","function","src/function.rs","932","matched","core_advanced.go; template.go","conformance/functions-advanced/conformance_test.go; conformance/core-advanced/runner_test.go","Safe observable behavior is represented by the cited Go API and executable evidence."
"src/function.rs:946:function:v8::FunctionBuilder::data","src/function.rs","v8::FunctionBuilder::data","function","src/function.rs","946","matched","core_advanced.go; template.go","conformance/functions-advanced/conformance_test.go; conformance/core-advanced/runner_test.go","Safe observable behavior is represented by the cited Go API and executable evidence."
"src/function.rs:953:function:v8::FunctionBuilder::length","src/function.rs","v8::FunctionBuilder::length","function","src/function.rs","953","matched","core_advanced.go; template.go","conformance/functions-advanced/conformance_test.go; conformance/core-advanced/runner_test.go","Safe observable behavior is represented by the cited Go API and executable evidence."
"src/function.rs:960:function:v8::FunctionBuilder::constructor_behavior","src/function.rs","v8::FunctionBuilder::constructor_behavior","function","src/function.rs","960","matched","core_advanced.go; template.go","conformance/functions-advanced/conformance_test.go; conformance/core-advanced/runner_test.go","Safe observable behavior is represented by the cited Go API and executable evidence."
"src/function.rs:970:function:v8::FunctionBuilder::side_effect_type","src/function.rs","v8::FunctionBuilder::side_effect_type","function","src/function.rs","970","matched","core_advanced.go; template.go","conformance/functions-advanced/conformance_test.go; conformance/core-advanced/runner_test.go","Safe observable behavior is represented by the cited Go API and executable evidence."
"src/function.rs:979:function:v8::FunctionBuilder::build","src/function.rs","v8::FunctionBuilder::build","function","src/function.rs","979","matched","core_advanced.go; template.go","conformance/functions-advanced/conformance_test.go; conformance/core-advanced/runner_test.go","Safe observable behavior is represented by the cited Go API and executable evidence."
"src/function.rs:1002:function:v8::Function::builder","src/function.rs","v8::Function::builder","function","src/function.rs","1002","matched","core_advanced.go; template.go","conformance/functions-advanced/conformance_test.go; conformance/core-advanced/runner_test.go","Safe observable behavior is represented by the cited Go API and executable evidence."
"src/function.rs:1009:function:v8::Function::builder_raw","src/function.rs","v8::Function::builder_raw","function","src/function.rs","1009","matched","core_advanced.go; template.go","conformance/functions-advanced/conformance_test.go; conformance/core-advanced/runner_test.go","Safe observable behavior is represented by the cited Go API and executable evidence."
"src/function.rs:1018:function:v8::Function::new","src/function.rs","v8::Function::new","function","src/function.rs","1018","matched","core_advanced.go; template.go","conformance/functions-advanced/conformance_test.go; conformance/core-advanced/runner_test.go","Safe observable behavior is represented by the cited Go API and executable evidence."
"src/function.rs:1026:function:v8::Function::new_raw","src/function.rs","v8::Function::new_raw","function","src/function.rs","1026","matched","core_advanced.go; template.go","conformance/functions-advanced/conformance_test.go; conformance/core-advanced/runner_test.go","Safe observable behavior is represented by the cited Go API and executable evidence."
"src/function.rs:1035:function:v8::Function::call","src/function.rs","v8::Function::call","function","src/function.rs","1035","matched","core_advanced.go; template.go","conformance/functions-advanced/conformance_test.go; conformance/core-advanced/runner_test.go","Safe observable behavior is represented by the cited Go API and executable evidence."
"src/function.rs:1053:function:v8::Function::call_with_context","src/function.rs","v8::Function::call_with_context","function","src/function.rs","1053","matched","core_advanced.go; template.go","conformance/functions-advanced/conformance_test.go; conformance/core-advanced/runner_test.go","Safe observable behavior is represented by the cited Go API and executable evidence."
"src/function.rs:1080:function:v8::Function::new_instance","src/function.rs","v8::Function::new_instance","function","src/function.rs","1080","matched","core_advanced.go; template.go","conformance/functions-advanced/conformance_test.go; conformance/core-advanced/runner_test.go","Safe observable behavior is represented by the cited Go API and executable evidence."
"src/function.rs:1096:function:v8::Function::get_name","src/function.rs","v8::Function::get_name","function","src/function.rs","1096","matched","core_advanced.go; template.go","conformance/functions-advanced/conformance_test.go; conformance/core-advanced/runner_test.go","Safe observable behavior is represented by the cited Go API and executable evidence."
"src/function.rs:1101:function:v8::Function::set_name","src/function.rs","v8::Function::set_name","function","src/function.rs","1101","matched","core_advanced.go; template.go","conformance/functions-advanced/conformance_test.go; conformance/core-advanced/runner_test.go","Safe observable behavior is represented by the cited Go API and executable evidence."
"src/function.rs:1107:function:v8::Function::get_script_column_number","src/function.rs","v8::Function::get_script_column_number","function","src/function.rs","1107","matched","core_advanced.go; template.go","conformance/functions-advanced/conformance_test.go; conformance/core-advanced/runner_test.go","Safe observable behavior is represented by the cited Go API and executable evidence."
"src/function.rs:1114:function:v8::Function::get_script_line_number","src/function.rs","v8::Function::get_script_line_number","function","src/function.rs","1114","matched","core_advanced.go; template.go","conformance/functions-advanced/conformance_test.go; conformance/core-advanced/runner_test.go","Safe observable behavior is represented by the cited Go API and executable evidence."
"src/function.rs:1120:function:v8::Function::get_script_origin","src/function.rs","v8::Function::get_script_origin","function","src/function.rs","1120","matched","core_advanced.go; template.go","conformance/functions-advanced/conformance_test.go; conformance/core-advanced/runner_test.go","Safe observable behavior is represented by the cited Go API and executable evidence."
"src/function.rs:1134:function:v8::Function::script_id","src/function.rs","v8::Function::script_id","function","src/function.rs","1134","matched","core_advanced.go; template.go","conformance/functions-advanced/conformance_test.go; conformance/core-advanced/runner_test.go","Safe observable behavior is represented by the cited Go API and executable evidence."
"src/function.rs:1142:function:v8::Function::create_code_cache","src/function.rs","v8::Function::create_code_cache","function","src/function.rs","1142","matched","core_advanced.go; template.go","conformance/functions-advanced/conformance_test.go; conformance/core-advanced/runner_test.go","Safe observable behavior is represented by the cited Go API and executable evidence."
"src/get_property_names_args_builder.rs:5:enum:v8::get_property_names_args_builder::KeyConversionMode","src/get_property_names_args_builder.rs","v8::get_property_names_args_builder::KeyConversionMode","enum","src/get_property_names_args_builder.rs","5","matched","runtime_values.go; object_ops.go","conformance/runtime-values/conformance_test.go; object_ops_test.go","Safe observable behavior is represented by the cited Go API and executable evidence."
"src/get_property_names_args_builder.rs:7:variant:v8::get_property_names_args_builder::KeyConversionMode::ConvertToString","src/get_property_names_args_builder.rs","v8::get_property_names_args_builder::KeyConversionMode::ConvertToString","variant","src/get_property_names_args_builder.rs","7","matched","runtime_values.go; object_ops.go","conformance/runtime-values/conformance_test.go; object_ops_test.go","Safe observable behavior is represented by the cited Go API and executable evidence."
"src/get_property_names_args_builder.rs:9:variant:v8::get_property_names_args_builder::KeyConversionMode::KeepNumbers","src/get_property_names_args_builder.rs","v8::get_property_names_args_builder::KeyConversionMode::KeepNumbers","variant","src/get_property_names_args_builder.rs","9","matched","runtime_values.go; object_ops.go","conformance/runtime-values/conformance_test.go; object_ops_test.go","Safe observable behavior is represented by the cited Go API and executable evidence."
"src/get_property_names_args_builder.rs:10:variant:v8::get_property_names_args_builder::KeyConversionMode::NoNumbers","src/get_property_names_args_builder.rs","v8::get_property_names_args_builder::KeyConversionMode::NoNumbers","variant","src/get_property_names_args_builder.rs","10","matched","runtime_values.go; object_ops.go","conformance/runtime-values/conformance_test.go; object_ops_test.go","Safe observable behavior is represented by the cited Go API and executable evidence."
"src/get_property_names_args_builder.rs:20:enum:v8::get_property_names_args_builder::KeyCollectionMode","src/get_property_names_args_builder.rs","v8::get_property_names_args_builder::KeyCollectionMode","enum","src/get_property_names_args_builder.rs","20","matched","runtime_values.go; object_ops.go","conformance/runtime-values/conformance_test.go; object_ops_test.go","Safe observable behavior is represented by the cited Go API and executable evidence."
"src/get_property_names_args_builder.rs:22:variant:v8::get_property_names_args_builder::KeyCollectionMode::OwnOnly","src/get_property_names_args_builder.rs","v8::get_property_names_args_builder::KeyCollectionMode::OwnOnly","variant","src/get_property_names_args_builder.rs","22","matched","runtime_values.go; object_ops.go","conformance/runtime-values/conformance_test.go; object_ops_test.go","Safe observable behavior is represented by the cited Go API and executable evidence."
"src/get_property_names_args_builder.rs:25:variant:v8::get_property_names_args_builder::KeyCollectionMode::IncludePrototypes","src/get_property_names_args_builder.rs","v8::get_property_names_args_builder::KeyCollectionMode::IncludePrototypes","variant","src/get_property_names_args_builder.rs","25","matched","runtime_values.go; object_ops.go","conformance/runtime-values/conformance_test.go; object_ops_test.go","Safe observable behavior is represented by the cited Go API and executable evidence."
"src/get_property_names_args_builder.rs:30:enum:v8::get_property_names_args_builder::IndexFilter","src/get_property_names_args_builder.rs","v8::get_property_names_args_builder::IndexFilter","enum","src/get_property_names_args_builder.rs","30","matched","runtime_values.go; object_ops.go","conformance/runtime-values/conformance_test.go; object_ops_test.go","Safe observable behavior is represented by the cited Go API and executable evidence."
"src/get_property_names_args_builder.rs:32:variant:v8::get_property_names_args_builder::IndexFilter::IncludeIndices","src/get_property_names_args_builder.rs","v8::get_property_names_args_builder::IndexFilter::IncludeIndices","variant","src/get_property_names_args_builder.rs","32","matched","runtime_values.go; object_ops.go","conformance/runtime-values/conformance_test.go; object_ops_test.go","Safe observable behavior is represented by the cited Go API and executable evidence."
"src/get_property_names_args_builder.rs:34:variant:v8::get_property_names_args_builder::IndexFilter::SkipIndices","src/get_property_names_args_builder.rs","v8::get_property_names_args_builder::IndexFilter::SkipIndices","variant","src/get_property_names_args_builder.rs","34","matched","runtime_values.go; object_ops.go","conformance/runtime-values/conformance_test.go; object_ops_test.go","Safe observable behavior is represented by the cited Go API and executable evidence."
"src/get_property_names_args_builder.rs:37:struct:v8::get_property_names_args_builder::GetPropertyNamesArgs","src/get_property_names_args_builder.rs","v8::get_property_names_args_builder::GetPropertyNamesArgs","struct","src/get_property_names_args_builder.rs","37","matched","runtime_values.go; object_ops.go","conformance/runtime-values/conformance_test.go; object_ops_test.go","Safe observable behavior is represented by the cited Go API and executable evidence."
"src/get_property_names_args_builder.rs:38:struct_field:v8::GetPropertyNamesArgs::mode","src/get_property_names_args_builder.rs","v8::GetPropertyNamesArgs::mode","struct_field","src/get_property_names_args_builder.rs","38","matched","runtime_values.go; object_ops.go","conformance/runtime-values/conformance_test.go; object_ops_test.go","Safe observable behavior is represented by the cited Go API and executable evidence."
"src/get_property_names_args_builder.rs:39:struct_field:v8::GetPropertyNamesArgs::property_filter","src/get_property_names_args_builder.rs","v8::GetPropertyNamesArgs::property_filter","struct_field","src/get_property_names_args_builder.rs","39","matched","runtime_values.go; object_ops.go","conformance/runtime-values/conformance_test.go; object_ops_test.go","Safe observable behavior is represented by the cited Go API and executable evidence."
"src/get_property_names_args_builder.rs:40:struct_field:v8::GetPropertyNamesArgs::index_filter","src/get_property_names_args_builder.rs","v8::GetPropertyNamesArgs::index_filter","struct_field","src/get_property_names_args_builder.rs","40","matched","runtime_values.go; object_ops.go","conformance/runtime-values/conformance_test.go; object_ops_test.go","Safe observable behavior is represented by the cited Go API and executable evidence."
"src/get_property_names_args_builder.rs:41:struct_field:v8::GetPropertyNamesArgs::key_conversion","src/get_property_names_args_builder.rs","v8::GetPropertyNamesArgs::key_conversion","struct_field","src/get_property_names_args_builder.rs","41","matched","runtime_values.go; object_ops.go","conformance/runtime-values/conformance_test.go; object_ops_test.go","Safe observable behavior is represented by the cited Go API and executable evidence."
"src/get_property_names_args_builder.rs:56:struct:v8::get_property_names_args_builder::GetPropertyNamesArgsBuilder","src/get_property_names_args_builder.rs","v8::get_property_names_args_builder::GetPropertyNamesArgsBuilder","struct","src/get_property_names_args_builder.rs","56","matched","runtime_values.go; object_ops.go","conformance/runtime-values/conformance_test.go; object_ops_test.go","Safe observable behavior is represented by the cited Go API and executable evidence."
"src/get_property_names_args_builder.rs:71:function:v8::GetPropertyNamesArgsBuilder::new","src/get_property_names_args_builder.rs","v8::GetPropertyNamesArgsBuilder::new","function","src/get_property_names_args_builder.rs","71","matched","runtime_values.go; object_ops.go","conformance/runtime-values/conformance_test.go; object_ops_test.go","Safe observable behavior is represented by the cited Go API and executable evidence."
"src/get_property_names_args_builder.rs:82:function:v8::GetPropertyNamesArgsBuilder::build","src/get_property_names_args_builder.rs","v8::GetPropertyNamesArgsBuilder::build","function","src/get_property_names_args_builder.rs","82","matched","runtime_values.go; object_ops.go","conformance/runtime-values/conformance_test.go; object_ops_test.go","Safe observable behavior is represented by the cited Go API and executable evidence."
"src/get_property_names_args_builder.rs:92:function:v8::GetPropertyNamesArgsBuilder::mode","src/get_property_names_args_builder.rs","v8::GetPropertyNamesArgsBuilder::mode","function","src/get_property_names_args_builder.rs","92","matched","runtime_values.go; object_ops.go","conformance/runtime-values/conformance_test.go; object_ops_test.go","Safe observable behavior is represented by the cited Go API and executable evidence."
"src/get_property_names_args_builder.rs:101:function:v8::GetPropertyNamesArgsBuilder::property_filter","src/get_property_names_args_builder.rs","v8::GetPropertyNamesArgsBuilder::property_filter","function","src/get_property_names_args_builder.rs","101","matched","runtime_values.go; object_ops.go","conformance/runtime-values/conformance_test.go; object_ops_test.go","Safe observable behavior is represented by the cited Go API and executable evidence."
"src/get_property_names_args_builder.rs:110:function:v8::GetPropertyNamesArgsBuilder::index_filter","src/get_property_names_args_builder.rs","v8::GetPropertyNamesArgsBuilder::index_filter","function","src/get_property_names_args_builder.rs","110","matched","runtime_values.go; object_ops.go","conformance/runtime-values/conformance_test.go; object_ops_test.go","Safe observable behavior is represented by the cited Go API and executable evidence."
"src/get_property_names_args_builder.rs:119:function:v8::GetPropertyNamesArgsBuilder::key_conversion","src/get_property_names_args_builder.rs","v8::GetPropertyNamesArgsBuilder::key_conversion","function","src/get_property_names_args_builder.rs","119","matched","runtime_values.go; object_ops.go","conformance/runtime-values/conformance_test.go; object_ops_test.go","Safe observable behavior is represented by the cited Go API and executable evidence."
"src/handle.rs:110:struct:v8::handle::Local","src/handle.rs","v8::handle::Local","struct","src/handle.rs","110","unsafe","No raw Go equivalent, safe higher-level behavior is exposed where applicable.","API_AUDIT.md#classification-boundary","Rust raw local/global handle or unchecked lifetime machinery"
"src/handle.rs:113:trait:v8::handle::sealed::Sealed","src/handle.rs","v8::handle::sealed::Sealed","trait","src/handle.rs","113","unsafe","No raw Go equivalent, safe higher-level behavior is exposed where applicable.","API_AUDIT.md#classification-boundary","Rust raw local/global handle or unchecked lifetime machinery"
"src/handle.rs:119:trait:v8::handle::ExtendLifetime","src/handle.rs","v8::handle::ExtendLifetime","trait","src/handle.rs","119","unsafe","No raw Go equivalent, safe higher-level behavior is exposed where applicable.","API_AUDIT.md#classification-boundary","Rust raw local/global handle or unchecked lifetime machinery"
"src/handle.rs:120:assoc_type:v8::ExtendLifetime::Input","src/handle.rs","v8::ExtendLifetime::Input","assoc_type","src/handle.rs","120","unsafe","No raw Go equivalent, safe higher-level behavior is exposed where applicable.","API_AUDIT.md#classification-boundary","Rust raw local/global handle or unchecked lifetime machinery"
"src/handle.rs:121:function:v8::ExtendLifetime::extend_lifetime_unchecked_from","src/handle.rs","v8::ExtendLifetime::extend_lifetime_unchecked_from","function","src/handle.rs","121","unsafe","No raw Go equivalent, safe higher-level behavior is exposed where applicable.","API_AUDIT.md#classification-boundary","Rust raw local/global handle or unchecked lifetime machinery"
"src/handle.rs:136:function:v8::Local::new","src/handle.rs","v8::Local::new","function","src/handle.rs","136","unsafe","No raw Go equivalent, safe higher-level behavior is exposed where applicable.","API_AUDIT.md#classification-boundary","Rust raw local/global handle or unchecked lifetime machinery"
"src/handle.rs:153:function:v8::Local::cast_unchecked","src/handle.rs","v8::Local::cast_unchecked","function","src/handle.rs","153","unsafe","No raw Go equivalent, safe higher-level behavior is exposed where applicable.","API_AUDIT.md#classification-boundary","Rust raw local/global handle or unchecked lifetime machinery"
"src/handle.rs:182:function:v8::Local::extend_lifetime_unchecked","src/handle.rs","v8::Local::extend_lifetime_unchecked","function","src/handle.rs","182","unsafe","No raw Go equivalent, safe higher-level behavior is exposed where applicable.","API_AUDIT.md#classification-boundary","Rust raw local/global handle or unchecked lifetime machinery"
"src/handle.rs:247:function:v8::Local::try_cast","src/handle.rs","v8::Local::try_cast","function","src/handle.rs","247","matched","value.go; object_ops.go; promise.go","promise_conversion_test.go; conformance/runtime-values/conformance_test.go; conformance/host-promises/conformance_test.go","Safe checked casts are represented by typed Go conversions, including Value-to-Promise conversion for JavaScript-created promises."
"src/handle.rs:267:function:v8::Local::cast","src/handle.rs","v8::Local::cast","function","src/handle.rs","267","matched","value.go; object_ops.go; promise.go","promise_conversion_test.go; conformance/runtime-values/conformance_test.go; conformance/host-promises/conformance_test.go","Safe checked casts are represented by typed Go conversions, including Value-to-Promise conversion for JavaScript-created promises."
"src/handle.rs:315:struct:v8::handle::Global","src/handle.rs","v8::handle::Global","struct","src/handle.rs","315","unsafe","No raw Go equivalent, safe higher-level behavior is exposed where applicable.","API_AUDIT.md#classification-boundary","Rust raw local/global handle or unchecked lifetime machinery"
"src/handle.rs:330:function:v8::Global::new","src/handle.rs","v8::Global::new","function","src/handle.rs","330","matched","handle.go; handles_residual.go","handle_test.go; conformance/handles-residual/conformance_test.go","Safe observable behavior is represented by the cited Go API and executable evidence."
"src/handle.rs:365:function:v8::Global::into_raw","src/handle.rs","v8::Global::into_raw","function","src/handle.rs","365","matched","handle.go","handle_test.go; conformance/snapshots/checks.go","Safe observable behavior is represented by the cited Go API and executable evidence."
"src/handle.rs:374:function:v8::Global::from_raw","src/handle.rs","v8::Global::from_raw","function","src/handle.rs","374","matched","handle.go","handle_test.go; conformance/snapshots/checks.go","Safe observable behavior is represented by the cited Go API and executable evidence."
"src/handle.rs:402:function:v8::Global::open","src/handle.rs","v8::Global::open","function","src/handle.rs","402","unsafe","No raw Go equivalent, safe higher-level behavior is exposed where applicable.","API_AUDIT.md#classification-boundary","Rust raw local/global handle or unchecked lifetime machinery"
"src/handle.rs:480:trait:v8::handle::Handle","src/handle.rs","v8::handle::Handle","trait","src/handle.rs","480","unsafe","No raw Go equivalent, safe higher-level behavior is exposed where applicable.","API_AUDIT.md#classification-boundary","Rust raw local/global handle or unchecked lifetime machinery"
"src/handle.rs:481:assoc_type:v8::Handle::Data","src/handle.rs","v8::Handle::Data","assoc_type","src/handle.rs","481","unsafe","No raw Go equivalent, safe higher-level behavior is exposed where applicable.","API_AUDIT.md#classification-boundary","Rust raw local/global handle or unchecked lifetime machinery"
"src/handle.rs:509:function:v8::Handle::get_unchecked","src/handle.rs","v8::Handle::get_unchecked","function","src/handle.rs","509","unsafe","No raw Go equivalent, safe higher-level behavior is exposed where applicable.","API_AUDIT.md#classification-boundary","Rust raw local/global handle or unchecked lifetime machinery"
"src/handle.rs:651:struct:v8::handle::HandleInfo","src/handle.rs","v8::handle::HandleInfo","struct","src/handle.rs","651","unsafe","No raw Go equivalent, safe higher-level behavior is exposed where applicable.","API_AUDIT.md#classification-boundary","Rust raw local/global handle or unchecked lifetime machinery"
"src/handle.rs:785:struct:v8::handle::Weak","src/handle.rs","v8::handle::Weak","struct","src/handle.rs","785","unsafe","No raw Go equivalent, safe higher-level behavior is exposed where applicable.","API_AUDIT.md#classification-boundary","Rust raw local/global handle or unchecked lifetime machinery"
"src/handle.rs:791:function:v8::Weak::new","src/handle.rs","v8::Weak::new","function","src/handle.rs","791","matched","handle.go; handles_residual.go","handle_test.go; conformance/handles-residual/conformance_test.go","Safe observable behavior is represented by the cited Go API and executable evidence."
"src/handle.rs:807:function:v8::Weak::with_finalizer","src/handle.rs","v8::Weak::with_finalizer","function","src/handle.rs","807","matched","handle.go; handles_residual.go","handle_test.go; conformance/handles-residual/conformance_test.go","Safe observable behavior is represented by the cited Go API and executable evidence."
"src/handle.rs:835:function:v8::Weak::with_guaranteed_finalizer","src/handle.rs","v8::Weak::with_guaranteed_finalizer","function","src/handle.rs","835","matched","handle.go; handles_residual.go","handle_test.go; conformance/handles-residual/conformance_test.go","Safe observable behavior is represented by the cited Go API and executable evidence."
"src/handle.rs:891:function:v8::Weak::empty","src/handle.rs","v8::Weak::empty","function","src/handle.rs","891","matched","handle.go; handles_residual.go","handle_test.go; conformance/handles-residual/conformance_test.go","Safe observable behavior is represented by the cited Go API and executable evidence."
"src/handle.rs:903:function:v8::Weak::clone_with_finalizer","src/handle.rs","v8::Weak::clone_with_finalizer","function","src/handle.rs","903","matched","handle.go; handles_residual.go","handle_test.go; conformance/handles-residual/conformance_test.go","Safe observable behavior is represented by the cited Go API and executable evidence."
"src/handle.rs:915:function:v8::Weak::clone_with_guaranteed_finalizer","src/handle.rs","v8::Weak::clone_with_guaranteed_finalizer","function","src/handle.rs","915","matched","handle.go; handles_residual.go","handle_test.go; conformance/handles-residual/conformance_test.go","Safe observable behavior is represented by the cited Go API and executable evidence."
"src/handle.rs:954:function:v8::Weak::from_raw","src/handle.rs","v8::Weak::from_raw","function","src/handle.rs","954","unsafe","No raw Go equivalent, safe higher-level behavior is exposed where applicable.","API_AUDIT.md#classification-boundary","Rust raw local/global handle or unchecked lifetime machinery"
"src/handle.rs:977:function:v8::Weak::into_raw","src/handle.rs","v8::Weak::into_raw","function","src/handle.rs","977","unsafe","No raw Go equivalent, safe higher-level behavior is exposed where applicable.","API_AUDIT.md#classification-boundary","Rust raw local/global handle or unchecked lifetime machinery"
"src/handle.rs:1030:function:v8::Weak::is_empty","src/handle.rs","v8::Weak::is_empty","function","src/handle.rs","1030","matched","handle.go; handles_residual.go","handle_test.go; conformance/handles-residual/conformance_test.go","Safe observable behavior is represented by the cited Go API and executable evidence."
"src/handle.rs:1034:function:v8::Weak::to_global","src/handle.rs","v8::Weak::to_global","function","src/handle.rs","1034","matched","handle.go; handles_residual.go","handle_test.go; conformance/handles-residual/conformance_test.go","Safe observable behavior is represented by the cited Go API and executable evidence."
"src/handle.rs:1044:function:v8::Weak::to_local","src/handle.rs","v8::Weak::to_local","function","src/handle.rs","1044","matched","handle.go; handles_residual.go","handle_test.go; conformance/handles-residual/conformance_test.go","Safe observable behavior is represented by the cited Go API and executable evidence."
"src/handle.rs:1225:struct:v8::handle::WeakData","src/handle.rs","v8::handle::WeakData","struct","src/handle.rs","1225","unsafe","No raw Go equivalent, safe higher-level behavior is exposed where applicable.","API_AUDIT.md#classification-boundary","Rust raw local/global handle or unchecked lifetime machinery"
"src/handle.rs:1279:struct:v8::handle::TracedReference","src/handle.rs","v8::handle::TracedReference","struct","src/handle.rs","1279","unsafe","No raw Go equivalent, safe higher-level behavior is exposed where applicable.","API_AUDIT.md#classification-boundary","Rust raw local/global handle or unchecked lifetime machinery"
"src/handle.rs:1286:function:v8::TracedReference::empty","src/handle.rs","v8::TracedReference::empty","function","src/handle.rs","1286","matched","handle.go; handles_residual.go","handle_test.go; conformance/handles-residual/conformance_test.go","Safe observable behavior is represented by the cited Go API and executable evidence."
"src/handle.rs:1297:function:v8::TracedReference::new","src/handle.rs","v8::TracedReference::new","function","src/handle.rs","1297","matched","handle.go; handles_residual.go","handle_test.go; conformance/handles-residual/conformance_test.go","Safe observable behavior is represented by the cited Go API and executable evidence."
"src/handle.rs:1303:function:v8::TracedReference::get","src/handle.rs","v8::TracedReference::get","function","src/handle.rs","1303","matched","handle.go; handles_residual.go","handle_test.go; conformance/handles-residual/conformance_test.go","Safe observable behavior is represented by the cited Go API and executable evidence."
"src/handle.rs:1316:function:v8::TracedReference::reset","src/handle.rs","v8::TracedReference::reset","function","src/handle.rs","1316","matched","handle.go; handles_residual.go","handle_test.go; conformance/handles-residual/conformance_test.go","Safe observable behavior is represented by the cited Go API and executable evidence."
"src/handle.rs:1345:struct:v8::handle::Eternal","src/handle.rs","v8::handle::Eternal","struct","src/handle.rs","1345","unsafe","No raw Go equivalent, safe higher-level behavior is exposed where applicable.","API_AUDIT.md#classification-boundary","Rust raw local/global handle or unchecked lifetime machinery"
"src/handle.rs:1351:function:v8::Eternal::empty","src/handle.rs","v8::Eternal::empty","function","src/handle.rs","1351","matched","handle.go; handles_residual.go","handle_test.go; conformance/handles-residual/conformance_test.go","Safe observable behavior is represented by the cited Go API and executable evidence."
"src/handle.rs:1359:function:v8::Eternal::clear","src/handle.rs","v8::Eternal::clear","function","src/handle.rs","1359","matched","handle.go; handles_residual.go","handle_test.go; conformance/handles-residual/conformance_test.go","Safe observable behavior is represented by the cited Go API and executable evidence."
"src/handle.rs:1365:function:v8::Eternal::set","src/handle.rs","v8::Eternal::set","function","src/handle.rs","1365","matched","handle.go; handles_residual.go","handle_test.go; conformance/handles-residual/conformance_test.go","Safe observable behavior is represented by the cited Go API and executable evidence."
"src/handle.rs:1375:function:v8::Eternal::get","src/handle.rs","v8::Eternal::get","function","src/handle.rs","1375","matched","handle.go; handles_residual.go","handle_test.go; conformance/handles-residual/conformance_test.go","Safe observable behavior is represented by the cited Go API and executable evidence."
"src/handle.rs:1386:function:v8::Eternal::is_empty","src/handle.rs","v8::Eternal::is_empty","function","src/handle.rs","1386","matched","handle.go; handles_residual.go","handle_test.go; conformance/handles-residual/conformance_test.go","Safe observable behavior is represented by the cited Go API and executable evidence."
"src/handle.rs:1404:struct:v8::handle::SealedLocal","src/handle.rs","v8::handle::SealedLocal","struct","src/handle.rs","1404","unsafe","No raw Go equivalent, safe higher-level behavior is exposed where applicable.","API_AUDIT.md#classification-boundary","Rust raw local/global handle or unchecked lifetime machinery"
"src/icu.rs:1:module:v8::icu","src/icu.rs","v8::icu","module","src/icu.rs","1","matched","icu.go","conformance/icu/conformance_test.go","Safe observable behavior is represented by the cited Go API and executable evidence."
"src/icu.rs:47:function:v8::icu::set_common_data_78","src/icu.rs","v8::icu::set_common_data_78","function","src/icu.rs","47","matched","icu.go","conformance/icu/conformance_test.go","Safe observable behavior is represented by the cited Go API and executable evidence."
"src/icu.rs:60:function:v8::icu::get_language_tag","src/icu.rs","v8::icu::get_language_tag","function","src/icu.rs","60","matched","icu.go","conformance/icu/conformance_test.go","Safe observable behavior is represented by the cited Go API and executable evidence."
"src/icu.rs:68:function:v8::icu::set_default_locale","src/icu.rs","v8::icu::set_default_locale","function","src/icu.rs","68","matched","icu.go","conformance/icu/conformance_test.go","Safe observable behavior is represented by the cited Go API and executable evidence."
"src/icu.rs:83:function:v8::icu::get_default_time_zone","src/icu.rs","v8::icu::get_default_time_zone","function","src/icu.rs","83","matched","icu.go","conformance/icu/conformance_test.go","Safe observable behavior is represented by the cited Go API and executable evidence."
"src/icu.rs:108:function:v8::icu::set_default_time_zone","src/icu.rs","v8::icu::set_default_time_zone","function","src/icu.rs","108","matched","icu.go","conformance/icu/conformance_test.go","Safe observable behavior is represented by the cited Go API and executable evidence."
"src/inspector.rs:3:module:v8::inspector","src/inspector.rs","v8::inspector","module","src/inspector.rs","3","matched","inspector_transport.go; inspector_session_controls.go; inspector_object_wrapping.go; inspector_runtime_events.go","conformance/inspector-transport/conformance_test.go; conformance/inspector-session-controls/conformance_test.go; conformance/inspector-object-wrapping/conformance_test.go","Safe observable behavior is represented by the cited Go API and executable evidence."
"src/inspector.rs:382:struct:v8::inspector::Channel","src/inspector.rs","v8::inspector::Channel","struct","src/inspector.rs","382","matched","inspector_transport.go; inspector_session_controls.go; inspector_object_wrapping.go; inspector_runtime_events.go","conformance/inspector-transport/conformance_test.go; conformance/inspector-session-controls/conformance_test.go; conformance/inspector-object-wrapping/conformance_test.go","Safe observable behavior is represented by the cited Go API and executable evidence."
"src/inspector.rs:406:function:v8::inspector::Channel::new","src/inspector.rs","v8::inspector::Channel::new","function","src/inspector.rs","406","matched","inspector_transport.go; inspector_session_controls.go; inspector_object_wrapping.go; inspector_runtime_events.go","conformance/inspector-transport/conformance_test.go; conformance/inspector-session-controls/conformance_test.go; conformance/inspector-object-wrapping/conformance_test.go","Safe observable behavior is represented by the cited Go API and executable evidence."
"src/inspector.rs:426:function:v8::inspector::Channel::send_response","src/inspector.rs","v8::inspector::Channel::send_response","function","src/inspector.rs","426","matched","inspector_transport.go; inspector_session_controls.go; inspector_object_wrapping.go; inspector_runtime_events.go","conformance/inspector-transport/conformance_test.go; conformance/inspector-session-controls/conformance_test.go; conformance/inspector-object-wrapping/conformance_test.go","Safe observable behavior is represented by the cited Go API and executable evidence."
"src/inspector.rs:435:function:v8::inspector::Channel::send_notification","src/inspector.rs","v8::inspector::Channel::send_notification","function","src/inspector.rs","435","matched","inspector_transport.go; inspector_session_controls.go; inspector_object_wrapping.go; inspector_runtime_events.go","conformance/inspector-transport/conformance_test.go; conformance/inspector-session-controls/conformance_test.go; conformance/inspector-object-wrapping/conformance_test.go","Safe observable behavior is represented by the cited Go API and executable evidence."
"src/inspector.rs:440:function:v8::inspector::Channel::flush_protocol_notifications","src/inspector.rs","v8::inspector::Channel::flush_protocol_notifications","function","src/inspector.rs","440","matched","inspector_transport.go; inspector_session_controls.go; inspector_object_wrapping.go; inspector_runtime_events.go","conformance/inspector-transport/conformance_test.go; conformance/inspector-session-controls/conformance_test.go; conformance/inspector-object-wrapping/conformance_test.go","Safe observable behavior is represented by the cited Go API and executable evidence."
"src/inspector.rs:449:trait:v8::inspector::ChannelImpl","src/inspector.rs","v8::inspector::ChannelImpl","trait","src/inspector.rs","449","matched","inspector_transport.go; inspector_session_controls.go; inspector_object_wrapping.go; inspector_runtime_events.go","conformance/inspector-transport/conformance_test.go; conformance/inspector-session-controls/conformance_test.go; conformance/inspector-object-wrapping/conformance_test.go","Safe observable behavior is represented by the cited Go API and executable evidence."
"src/inspector.rs:450:function:v8::inspector::ChannelImpl::send_response","src/inspector.rs","v8::inspector::ChannelImpl::send_response","function","src/inspector.rs","450","matched","inspector_transport.go; inspector_session_controls.go; inspector_object_wrapping.go; inspector_runtime_events.go","conformance/inspector-transport/conformance_test.go; conformance/inspector-session-controls/conformance_test.go; conformance/inspector-object-wrapping/conformance_test.go","Safe observable behavior is represented by the cited Go API and executable evidence."
"src/inspector.rs:451:function:v8::inspector::ChannelImpl::send_notification","src/inspector.rs","v8::inspector::ChannelImpl::send_notification","function","src/inspector.rs","451","matched","inspector_transport.go; inspector_session_controls.go; inspector_object_wrapping.go; inspector_runtime_events.go","conformance/inspector-transport/conformance_test.go; conformance/inspector-session-controls/conformance_test.go; conformance/inspector-object-wrapping/conformance_test.go","Safe observable behavior is represented by the cited Go API and executable evidence."
"src/inspector.rs:452:function:v8::inspector::ChannelImpl::flush_protocol_notifications","src/inspector.rs","v8::inspector::ChannelImpl::flush_protocol_notifications","function","src/inspector.rs","452","matched","inspector_transport.go; inspector_session_controls.go; inspector_object_wrapping.go; inspector_runtime_events.go","conformance/inspector-transport/conformance_test.go; conformance/inspector-session-controls/conformance_test.go; conformance/inspector-object-wrapping/conformance_test.go","Safe observable behavior is represented by the cited Go API and executable evidence."
"src/inspector.rs:523:struct:v8::inspector::RawV8InspectorClient","src/inspector.rs","v8::inspector::RawV8InspectorClient","struct","src/inspector.rs","523","unsafe","No raw Go equivalent, safe higher-level behavior is exposed where applicable.","API_AUDIT.md#classification-boundary","Raw Inspector base/vtable wrapper or borrowed iterator"
"src/inspector.rs:528:function:v8::inspector::V8InspectorClient::run_message_loop_on_pause","src/inspector.rs","v8::inspector::V8InspectorClient::run_message_loop_on_pause","function","src/inspector.rs","528","matched","inspector_transport.go; inspector_session_controls.go; inspector_object_wrapping.go; inspector_runtime_events.go","conformance/inspector-transport/conformance_test.go; conformance/inspector-session-controls/conformance_test.go; conformance/inspector-object-wrapping/conformance_test.go","Safe observable behavior is represented by the cited Go API and executable evidence."
"src/inspector.rs:537:function:v8::inspector::V8InspectorClient::quit_message_loop_on_pause","src/inspector.rs","v8::inspector::V8InspectorClient::quit_message_loop_on_pause","function","src/inspector.rs","537","matched","inspector_transport.go; inspector_session_controls.go; inspector_object_wrapping.go; inspector_runtime_events.go","conformance/inspector-transport/conformance_test.go; conformance/inspector-session-controls/conformance_test.go; conformance/inspector-object-wrapping/conformance_test.go","Safe observable behavior is represented by the cited Go API and executable evidence."
"src/inspector.rs:543:function:v8::inspector::V8InspectorClient::run_if_waiting_for_debugger","src/inspector.rs","v8::inspector::V8InspectorClient::run_if_waiting_for_debugger","function","src/inspector.rs","543","matched","inspector_transport.go; inspector_session_controls.go; inspector_object_wrapping.go; inspector_runtime_events.go","conformance/inspector-transport/conformance_test.go; conformance/inspector-session-controls/conformance_test.go; conformance/inspector-object-wrapping/conformance_test.go","Safe observable behavior is represented by the cited Go API and executable evidence."
"src/inspector.rs:553:function:v8::inspector::V8InspectorClient::console_api_message","src/inspector.rs","v8::inspector::V8InspectorClient::console_api_message","function","src/inspector.rs","553","matched","inspector_transport.go; inspector_session_controls.go; inspector_object_wrapping.go; inspector_runtime_events.go","conformance/inspector-transport/conformance_test.go; conformance/inspector-session-controls/conformance_test.go; conformance/inspector-object-wrapping/conformance_test.go","Safe observable behavior is represented by the cited Go API and executable evidence."
"src/inspector.rs:577:function:v8::inspector::V8InspectorClient::generate_unique_id","src/inspector.rs","v8::inspector::V8InspectorClient::generate_unique_id","function","src/inspector.rs","577","matched","inspector_transport.go; inspector_session_controls.go; inspector_object_wrapping.go; inspector_runtime_events.go","conformance/inspector-transport/conformance_test.go; conformance/inspector-session-controls/conformance_test.go; conformance/inspector-object-wrapping/conformance_test.go","Safe observable behavior is represented by the cited Go API and executable evidence."
"src/inspector.rs:583:trait:v8::inspector::V8InspectorClientImpl","src/inspector.rs","v8::inspector::V8InspectorClientImpl","trait","src/inspector.rs","583","matched","inspector_transport.go; inspector_session_controls.go; inspector_object_wrapping.go; inspector_runtime_events.go","conformance/inspector-transport/conformance_test.go; conformance/inspector-session-controls/conformance_test.go; conformance/inspector-object-wrapping/conformance_test.go","Safe observable behavior is represented by the cited Go API and executable evidence."
"src/inspector.rs:584:function:v8::inspector::V8InspectorClientImpl::run_message_loop_on_pause","src/inspector.rs","v8::inspector::V8InspectorClientImpl::run_message_loop_on_pause","function","src/inspector.rs","584","matched","inspector_transport.go; inspector_session_controls.go; inspector_object_wrapping.go; inspector_runtime_events.go","conformance/inspector-transport/conformance_test.go; conformance/inspector-session-controls/conformance_test.go; conformance/inspector-object-wrapping/conformance_test.go","Safe observable behavior is represented by the cited Go API and executable evidence."
"src/inspector.rs:585:function:v8::inspector::V8InspectorClientImpl::quit_message_loop_on_pause","src/inspector.rs","v8::inspector::V8InspectorClientImpl::quit_message_loop_on_pause","function","src/inspector.rs","585","matched","inspector_transport.go; inspector_session_controls.go; inspector_object_wrapping.go; inspector_runtime_events.go","conformance/inspector-transport/conformance_test.go; conformance/inspector-session-controls/conformance_test.go; conformance/inspector-object-wrapping/conformance_test.go","Safe observable behavior is represented by the cited Go API and executable evidence."
"src/inspector.rs:586:function:v8::inspector::V8InspectorClientImpl::run_if_waiting_for_debugger","src/inspector.rs","v8::inspector::V8InspectorClientImpl::run_if_waiting_for_debugger","function","src/inspector.rs","586","matched","inspector_transport.go; inspector_session_controls.go; inspector_object_wrapping.go; inspector_runtime_events.go","conformance/inspector-transport/conformance_test.go; conformance/inspector-session-controls/conformance_test.go; conformance/inspector-object-wrapping/conformance_test.go","Safe observable behavior is represented by the cited Go API and executable evidence."
"src/inspector.rs:588:function:v8::inspector::V8InspectorClientImpl::generate_unique_id","src/inspector.rs","v8::inspector::V8InspectorClientImpl::generate_unique_id","function","src/inspector.rs","588","matched","inspector_transport.go; inspector_session_controls.go; inspector_object_wrapping.go; inspector_runtime_events.go","conformance/inspector-transport/conformance_test.go; conformance/inspector-session-controls/conformance_test.go; conformance/inspector-object-wrapping/conformance_test.go","Safe observable behavior is represented by the cited Go API and executable evidence."
"src/inspector.rs:593:function:v8::inspector::V8InspectorClientImpl::console_api_message","src/inspector.rs","v8::inspector::V8InspectorClientImpl::console_api_message","function","src/inspector.rs","593","matched","inspector_transport.go; inspector_session_controls.go; inspector_object_wrapping.go; inspector_runtime_events.go","conformance/inspector-transport/conformance_test.go; conformance/inspector-session-controls/conformance_test.go; conformance/inspector-object-wrapping/conformance_test.go","Safe observable behavior is represented by the cited Go API and executable evidence."
"src/inspector.rs:617:function:v8::inspector::V8InspectorClientImpl::value_subtype","src/inspector.rs","v8::inspector::V8InspectorClientImpl::value_subtype","function","src/inspector.rs","617","matched","inspector_transport.go; inspector_session_controls.go; inspector_object_wrapping.go; inspector_runtime_events.go","conformance/inspector-transport/conformance_test.go; conformance/inspector-session-controls/conformance_test.go; conformance/inspector-object-wrapping/conformance_test.go","Safe observable behavior is represented by the cited Go API and executable evidence."
"src/inspector.rs:633:function:v8::inspector::V8InspectorClientImpl::description_for_value_subtype","src/inspector.rs","v8::inspector::V8InspectorClientImpl::description_for_value_subtype","function","src/inspector.rs","633","matched","inspector_transport.go; inspector_session_controls.go; inspector_object_wrapping.go; inspector_runtime_events.go","conformance/inspector-transport/conformance_test.go; conformance/inspector-session-controls/conformance_test.go; conformance/inspector-object-wrapping/conformance_test.go","Safe observable behavior is represented by the cited Go API and executable evidence."
"src/inspector.rs:641:function:v8::inspector::V8InspectorClientImpl::ensure_default_context_in_group","src/inspector.rs","v8::inspector::V8InspectorClientImpl::ensure_default_context_in_group","function","src/inspector.rs","641","matched","inspector_transport.go; inspector_session_controls.go; inspector_object_wrapping.go; inspector_runtime_events.go","conformance/inspector-transport/conformance_test.go; conformance/inspector-session-controls/conformance_test.go; conformance/inspector-object-wrapping/conformance_test.go","Safe observable behavior is represented by the cited Go API and executable evidence."
"src/inspector.rs:648:function:v8::inspector::V8InspectorClientImpl::resource_name_to_url","src/inspector.rs","v8::inspector::V8InspectorClientImpl::resource_name_to_url","function","src/inspector.rs","648","matched","inspector_transport.go; inspector_session_controls.go; inspector_object_wrapping.go; inspector_runtime_events.go","conformance/inspector-transport/conformance_test.go; conformance/inspector-session-controls/conformance_test.go; conformance/inspector-object-wrapping/conformance_test.go","Safe observable behavior is represented by the cited Go API and executable evidence."
"src/inspector.rs:675:struct:v8::inspector::V8InspectorClient","src/inspector.rs","v8::inspector::V8InspectorClient","struct","src/inspector.rs","675","matched","inspector_transport.go; inspector_session_controls.go; inspector_object_wrapping.go; inspector_runtime_events.go","conformance/inspector-transport/conformance_test.go; conformance/inspector-session-controls/conformance_test.go; conformance/inspector-object-wrapping/conformance_test.go","Safe observable behavior is represented by the cited Go API and executable evidence."
"src/inspector.rs:680:function:v8::inspector::V8InspectorClient::new","src/inspector.rs","v8::inspector::V8InspectorClient::new","function","src/inspector.rs","680","matched","inspector_transport.go; inspector_session_controls.go; inspector_object_wrapping.go; inspector_runtime_events.go","conformance/inspector-transport/conformance_test.go; conformance/inspector-session-controls/conformance_test.go; conformance/inspector-object-wrapping/conformance_test.go","Safe observable behavior is represented by the cited Go API and executable evidence."
"src/inspector.rs:727:trait:v8::inspector::InspectableImpl","src/inspector.rs","v8::inspector::InspectableImpl","trait","src/inspector.rs","727","matched","inspector_transport.go; inspector_session_controls.go; inspector_object_wrapping.go; inspector_runtime_events.go","conformance/inspector-transport/conformance_test.go; conformance/inspector-session-controls/conformance_test.go; conformance/inspector-object-wrapping/conformance_test.go","Safe observable behavior is represented by the cited Go API and executable evidence."
"src/inspector.rs:733:function:v8::inspector::InspectableImpl::get","src/inspector.rs","v8::inspector::InspectableImpl::get","function","src/inspector.rs","733","matched","inspector_transport.go; inspector_session_controls.go; inspector_object_wrapping.go; inspector_runtime_events.go","conformance/inspector-transport/conformance_test.go; conformance/inspector-session-controls/conformance_test.go; conformance/inspector-object-wrapping/conformance_test.go","Safe observable behavior is represented by the cited Go API and executable evidence."
"src/inspector.rs:742:struct:v8::inspector::Inspectable","src/inspector.rs","v8::inspector::Inspectable","struct","src/inspector.rs","742","matched","inspector_transport.go; inspector_session_controls.go; inspector_object_wrapping.go; inspector_runtime_events.go","conformance/inspector-transport/conformance_test.go; conformance/inspector-session-controls/conformance_test.go; conformance/inspector-object-wrapping/conformance_test.go","Safe observable behavior is represented by the cited Go API and executable evidence."
"src/inspector.rs:747:function:v8::inspector::Inspectable::new","src/inspector.rs","v8::inspector::Inspectable::new","function","src/inspector.rs","747","matched","inspector_transport.go; inspector_session_controls.go; inspector_object_wrapping.go; inspector_runtime_events.go","conformance/inspector-transport/conformance_test.go; conformance/inspector-session-controls/conformance_test.go; conformance/inspector-object-wrapping/conformance_test.go","Safe observable behavior is represented by the cited Go API and executable evidence."
"src/inspector.rs:792:struct:v8::inspector::RawV8InspectorSession","src/inspector.rs","v8::inspector::RawV8InspectorSession","struct","src/inspector.rs","792","unsafe","No raw Go equivalent, safe higher-level behavior is exposed where applicable.","API_AUDIT.md#classification-boundary","Raw Inspector base/vtable wrapper or borrowed iterator"
"src/inspector.rs:794:struct:v8::inspector::V8InspectorSession","src/inspector.rs","v8::inspector::V8InspectorSession","struct","src/inspector.rs","794","matched","inspector_transport.go; inspector_session_controls.go; inspector_object_wrapping.go; inspector_runtime_events.go","conformance/inspector-transport/conformance_test.go; conformance/inspector-session-controls/conformance_test.go; conformance/inspector-object-wrapping/conformance_test.go","Safe observable behavior is represented by the cited Go API and executable evidence."
"src/inspector.rs:802:function:v8::inspector::V8InspectorSession::can_dispatch_method","src/inspector.rs","v8::inspector::V8InspectorSession::can_dispatch_method","function","src/inspector.rs","802","matched","inspector_transport.go; inspector_session_controls.go; inspector_object_wrapping.go; inspector_runtime_events.go","conformance/inspector-transport/conformance_test.go; conformance/inspector-session-controls/conformance_test.go; conformance/inspector-object-wrapping/conformance_test.go","Safe observable behavior is represented by the cited Go API and executable evidence."
"src/inspector.rs:806:function:v8::inspector::V8InspectorSession::dispatch_protocol_message","src/inspector.rs","v8::inspector::V8InspectorSession::dispatch_protocol_message","function","src/inspector.rs","806","matched","inspector_transport.go; inspector_session_controls.go; inspector_object_wrapping.go; inspector_runtime_events.go","conformance/inspector-transport/conformance_test.go; conformance/inspector-session-controls/conformance_test.go; conformance/inspector-object-wrapping/conformance_test.go","Safe observable behavior is represented by the cited Go API and executable evidence."
"src/inspector.rs:815:function:v8::inspector::V8InspectorSession::release_object_group","src/inspector.rs","v8::inspector::V8InspectorSession::release_object_group","function","src/inspector.rs","815","matched","inspector_transport.go; inspector_session_controls.go; inspector_object_wrapping.go; inspector_runtime_events.go","conformance/inspector-transport/conformance_test.go; conformance/inspector-session-controls/conformance_test.go; conformance/inspector-object-wrapping/conformance_test.go","Safe observable behavior is represented by the cited Go API and executable evidence."
"src/inspector.rs:839:function:v8::inspector::V8InspectorSession::wrap_object","src/inspector.rs","v8::inspector::V8InspectorSession::wrap_object","function","src/inspector.rs","839","matched","inspector_transport.go; inspector_session_controls.go; inspector_object_wrapping.go; inspector_runtime_events.go","conformance/inspector-transport/conformance_test.go; conformance/inspector-session-controls/conformance_test.go; conformance/inspector-object-wrapping/conformance_test.go","Safe observable behavior is represented by the cited Go API and executable evidence."
"src/inspector.rs:870:function:v8::inspector::V8InspectorSession::unwrap_object","src/inspector.rs","v8::inspector::V8InspectorSession::unwrap_object","function","src/inspector.rs","870","matched","inspector_transport.go; inspector_session_controls.go; inspector_object_wrapping.go; inspector_runtime_events.go","conformance/inspector-transport/conformance_test.go; conformance/inspector-session-controls/conformance_test.go; conformance/inspector-object-wrapping/conformance_test.go","Safe observable behavior is represented by the cited Go API and executable evidence."
"src/inspector.rs:908:function:v8::inspector::V8InspectorSession::schedule_pause_on_next_statement","src/inspector.rs","v8::inspector::V8InspectorSession::schedule_pause_on_next_statement","function","src/inspector.rs","908","matched","inspector_transport.go; inspector_session_controls.go; inspector_object_wrapping.go; inspector_runtime_events.go","conformance/inspector-transport/conformance_test.go; conformance/inspector-session-controls/conformance_test.go; conformance/inspector-object-wrapping/conformance_test.go","Safe observable behavior is represented by the cited Go API and executable evidence."
"src/inspector.rs:924:function:v8::inspector::V8InspectorSession::cancel_pause_on_next_statement","src/inspector.rs","v8::inspector::V8InspectorSession::cancel_pause_on_next_statement","function","src/inspector.rs","924","matched","inspector_transport.go; inspector_session_controls.go; inspector_object_wrapping.go; inspector_runtime_events.go","conformance/inspector-transport/conformance_test.go; conformance/inspector-session-controls/conformance_test.go; conformance/inspector-object-wrapping/conformance_test.go","Safe observable behavior is represented by the cited Go API and executable evidence."
"src/inspector.rs:932:function:v8::inspector::V8InspectorSession::add_inspected_object","src/inspector.rs","v8::inspector::V8InspectorSession::add_inspected_object","function","src/inspector.rs","932","matched","inspector_transport.go; inspector_session_controls.go; inspector_object_wrapping.go; inspector_runtime_events.go","conformance/inspector-transport/conformance_test.go; conformance/inspector-session-controls/conformance_test.go; conformance/inspector-object-wrapping/conformance_test.go","Safe observable behavior is represented by the cited Go API and executable evidence."
"src/inspector.rs:949:struct:v8::inspector::RemoteObject","src/inspector.rs","v8::inspector::RemoteObject","struct","src/inspector.rs","949","matched","inspector_transport.go; inspector_session_controls.go; inspector_object_wrapping.go; inspector_runtime_events.go","conformance/inspector-transport/conformance_test.go; conformance/inspector-session-controls/conformance_test.go; conformance/inspector-object-wrapping/conformance_test.go","Safe observable behavior is represented by the cited Go API and executable evidence."
"src/inspector.rs:959:function:v8::inspector::RemoteObject::to_bytes","src/inspector.rs","v8::inspector::RemoteObject::to_bytes","function","src/inspector.rs","959","matched","inspector_transport.go; inspector_session_controls.go; inspector_object_wrapping.go; inspector_runtime_events.go","conformance/inspector-transport/conformance_test.go; conformance/inspector-session-controls/conformance_test.go; conformance/inspector-object-wrapping/conformance_test.go","Safe observable behavior is represented by the cited Go API and executable evidence."
"src/inspector.rs:986:struct:v8::inspector::StringBuffer","src/inspector.rs","v8::inspector::StringBuffer","struct","src/inspector.rs","986","matched","inspector_transport.go; inspector_session_controls.go; inspector_object_wrapping.go; inspector_runtime_events.go","conformance/inspector-transport/conformance_test.go; conformance/inspector-session-controls/conformance_test.go; conformance/inspector-object-wrapping/conformance_test.go","Safe observable behavior is represented by the cited Go API and executable evidence."
"src/inspector.rs:997:function:v8::inspector::StringBuffer::string","src/inspector.rs","v8::inspector::StringBuffer::string","function","src/inspector.rs","997","matched","inspector_transport.go; inspector_session_controls.go; inspector_object_wrapping.go; inspector_runtime_events.go","conformance/inspector-transport/conformance_test.go; conformance/inspector-session-controls/conformance_test.go; conformance/inspector-object-wrapping/conformance_test.go","Safe observable behavior is represented by the cited Go API and executable evidence."
"src/inspector.rs:1002:function:v8::inspector::StringBuffer::create","src/inspector.rs","v8::inspector::StringBuffer::create","function","src/inspector.rs","1002","matched","inspector_transport.go; inspector_session_controls.go; inspector_object_wrapping.go; inspector_runtime_events.go","conformance/inspector-transport/conformance_test.go; conformance/inspector-session-controls/conformance_test.go; conformance/inspector-object-wrapping/conformance_test.go","Safe observable behavior is represented by the cited Go API and executable evidence."
"src/inspector.rs:1034:enum:v8::inspector::StringView","src/inspector.rs","v8::inspector::StringView","enum","src/inspector.rs","1034","matched","inspector_transport.go; inspector_session_controls.go; inspector_object_wrapping.go; inspector_runtime_events.go","conformance/inspector-transport/conformance_test.go; conformance/inspector-session-controls/conformance_test.go; conformance/inspector-object-wrapping/conformance_test.go","Safe observable behavior is represented by the cited Go API and executable evidence."
"src/inspector.rs:1036:variant:v8::inspector::StringView::U16","src/inspector.rs","v8::inspector::StringView::U16","variant","src/inspector.rs","1036","matched","inspector_transport.go; inspector_session_controls.go; inspector_object_wrapping.go; inspector_runtime_events.go","conformance/inspector-transport/conformance_test.go; conformance/inspector-session-controls/conformance_test.go; conformance/inspector-object-wrapping/conformance_test.go","Safe observable behavior is represented by the cited Go API and executable evidence."
"src/inspector.rs:1037:variant:v8::inspector::StringView::U8","src/inspector.rs","v8::inspector::StringView::U8","variant","src/inspector.rs","1037","matched","inspector_transport.go; inspector_session_controls.go; inspector_object_wrapping.go; inspector_runtime_events.go","conformance/inspector-transport/conformance_test.go; conformance/inspector-session-controls/conformance_test.go; conformance/inspector-object-wrapping/conformance_test.go","Safe observable behavior is represented by the cited Go API and executable evidence."
"src/inspector.rs:1041:function:v8::inspector::StringView::empty","src/inspector.rs","v8::inspector::StringView::empty","function","src/inspector.rs","1041","matched","inspector_transport.go; inspector_session_controls.go; inspector_object_wrapping.go; inspector_runtime_events.go","conformance/inspector-transport/conformance_test.go; conformance/inspector-session-controls/conformance_test.go; conformance/inspector-object-wrapping/conformance_test.go","Safe observable behavior is represented by the cited Go API and executable evidence."
"src/inspector.rs:1068:function:v8::inspector::StringView::is_8bit","src/inspector.rs","v8::inspector::StringView::is_8bit","function","src/inspector.rs","1068","matched","inspector_transport.go; inspector_session_controls.go; inspector_object_wrapping.go; inspector_runtime_events.go","conformance/inspector-transport/conformance_test.go; conformance/inspector-session-controls/conformance_test.go; conformance/inspector-object-wrapping/conformance_test.go","Safe observable behavior is represented by the cited Go API and executable evidence."
"src/inspector.rs:1075:function:v8::inspector::StringView::is_empty","src/inspector.rs","v8::inspector::StringView::is_empty","function","src/inspector.rs","1075","matched","inspector_transport.go; inspector_session_controls.go; inspector_object_wrapping.go; inspector_runtime_events.go","conformance/inspector-transport/conformance_test.go; conformance/inspector-session-controls/conformance_test.go; conformance/inspector-object-wrapping/conformance_test.go","Safe observable behavior is represented by the cited Go API and executable evidence."
"src/inspector.rs:1079:function:v8::inspector::StringView::len","src/inspector.rs","v8::inspector::StringView::len","function","src/inspector.rs","1079","matched","inspector_transport.go; inspector_session_controls.go; inspector_object_wrapping.go; inspector_runtime_events.go","conformance/inspector-transport/conformance_test.go; conformance/inspector-session-controls/conformance_test.go; conformance/inspector-object-wrapping/conformance_test.go","Safe observable behavior is represented by the cited Go API and executable evidence."
"src/inspector.rs:1086:function:v8::inspector::StringView::characters8","src/inspector.rs","v8::inspector::StringView::characters8","function","src/inspector.rs","1086","matched","inspector_transport.go; inspector_session_controls.go; inspector_object_wrapping.go; inspector_runtime_events.go","conformance/inspector-transport/conformance_test.go; conformance/inspector-session-controls/conformance_test.go; conformance/inspector-object-wrapping/conformance_test.go","Safe observable behavior is represented by the cited Go API and executable evidence."
"src/inspector.rs:1093:function:v8::inspector::StringView::characters16","src/inspector.rs","v8::inspector::StringView::characters16","function","src/inspector.rs","1093","matched","inspector_transport.go; inspector_session_controls.go; inspector_object_wrapping.go; inspector_runtime_events.go","conformance/inspector-transport/conformance_test.go; conformance/inspector-session-controls/conformance_test.go; conformance/inspector-object-wrapping/conformance_test.go","Safe observable behavior is represented by the cited Go API and executable evidence."
"src/inspector.rs:1112:struct:v8::inspector::CharacterArray","src/inspector.rs","v8::inspector::CharacterArray","struct","src/inspector.rs","1112","matched","inspector_transport.go; inspector_session_controls.go; inspector_object_wrapping.go; inspector_runtime_events.go","conformance/inspector-transport/conformance_test.go; conformance/inspector-session-controls/conformance_test.go; conformance/inspector-object-wrapping/conformance_test.go","Safe observable behavior is represented by the cited Go API and executable evidence."
"src/inspector.rs:1119:function:v8::inspector::CharacterArray::empty","src/inspector.rs","v8::inspector::CharacterArray::empty","function","src/inspector.rs","1119","matched","inspector_transport.go; inspector_session_controls.go; inspector_object_wrapping.go; inspector_runtime_events.go","conformance/inspector-transport/conformance_test.go; conformance/inspector-session-controls/conformance_test.go; conformance/inspector-object-wrapping/conformance_test.go","Safe observable behavior is represented by the cited Go API and executable evidence."
"src/inspector.rs:1197:struct:v8::inspector::StringViewIterator","src/inspector.rs","v8::inspector::StringViewIterator","struct","src/inspector.rs","1197","unsafe","No raw Go equivalent, safe higher-level behavior is exposed where applicable.","API_AUDIT.md#classification-boundary","Raw Inspector base/vtable wrapper or borrowed iterator"
"src/inspector.rs:1231:enum:v8::inspector::V8InspectorClientTrustLevel","src/inspector.rs","v8::inspector::V8InspectorClientTrustLevel","enum","src/inspector.rs","1231","matched","inspector_transport.go; inspector_session_controls.go; inspector_object_wrapping.go; inspector_runtime_events.go","conformance/inspector-transport/conformance_test.go; conformance/inspector-session-controls/conformance_test.go; conformance/inspector-object-wrapping/conformance_test.go","Safe observable behavior is represented by the cited Go API and executable evidence."
"src/inspector.rs:1232:variant:v8::inspector::V8InspectorClientTrustLevel::Untrusted","src/inspector.rs","v8::inspector::V8InspectorClientTrustLevel::Untrusted","variant","src/inspector.rs","1232","matched","inspector_transport.go; inspector_session_controls.go; inspector_object_wrapping.go; inspector_runtime_events.go","conformance/inspector-transport/conformance_test.go; conformance/inspector-session-controls/conformance_test.go; conformance/inspector-object-wrapping/conformance_test.go","Safe observable behavior is represented by the cited Go API and executable evidence."
"src/inspector.rs:1233:variant:v8::inspector::V8InspectorClientTrustLevel::FullyTrusted","src/inspector.rs","v8::inspector::V8InspectorClientTrustLevel::FullyTrusted","variant","src/inspector.rs","1233","matched","inspector_transport.go; inspector_session_controls.go; inspector_object_wrapping.go; inspector_runtime_events.go","conformance/inspector-transport/conformance_test.go; conformance/inspector-session-controls/conformance_test.go; conformance/inspector-object-wrapping/conformance_test.go","Safe observable behavior is represented by the cited Go API and executable evidence."
"src/inspector.rs:1238:struct:v8::inspector::RawV8Inspector","src/inspector.rs","v8::inspector::RawV8Inspector","struct","src/inspector.rs","1238","unsafe","No raw Go equivalent, safe higher-level behavior is exposed where applicable.","API_AUDIT.md#classification-boundary","Raw Inspector base/vtable wrapper or borrowed iterator"
"src/inspector.rs:1240:struct:v8::inspector::V8Inspector","src/inspector.rs","v8::inspector::V8Inspector","struct","src/inspector.rs","1240","matched","inspector_transport.go; inspector_session_controls.go; inspector_object_wrapping.go; inspector_runtime_events.go","conformance/inspector-transport/conformance_test.go; conformance/inspector-session-controls/conformance_test.go; conformance/inspector-object-wrapping/conformance_test.go","Safe observable behavior is represented by the cited Go API and executable evidence."
"src/inspector.rs:1246:function:v8::inspector::V8Inspector::create","src/inspector.rs","v8::inspector::V8Inspector::create","function","src/inspector.rs","1246","matched","inspector_transport.go; inspector_session_controls.go; inspector_object_wrapping.go; inspector_runtime_events.go","conformance/inspector-transport/conformance_test.go; conformance/inspector-session-controls/conformance_test.go; conformance/inspector-object-wrapping/conformance_test.go","Safe observable behavior is represented by the cited Go API and executable evidence."
"src/inspector.rs:1270:function:v8::inspector::V8Inspector::connect","src/inspector.rs","v8::inspector::V8Inspector::connect","function","src/inspector.rs","1270","matched","inspector_transport.go; inspector_session_controls.go; inspector_object_wrapping.go; inspector_runtime_events.go","conformance/inspector-transport/conformance_test.go; conformance/inspector-session-controls/conformance_test.go; conformance/inspector-object-wrapping/conformance_test.go","Safe observable behavior is represented by the cited Go API and executable evidence."
"src/inspector.rs:1295:function:v8::inspector::V8Inspector::context_created","src/inspector.rs","v8::inspector::V8Inspector::context_created","function","src/inspector.rs","1295","matched","inspector_transport.go; inspector_session_controls.go; inspector_object_wrapping.go; inspector_runtime_events.go","conformance/inspector-transport/conformance_test.go; conformance/inspector-session-controls/conformance_test.go; conformance/inspector-object-wrapping/conformance_test.go","Safe observable behavior is represented by the cited Go API and executable evidence."
"src/inspector.rs:1313:function:v8::inspector::V8Inspector::context_destroyed","src/inspector.rs","v8::inspector::V8Inspector::context_destroyed","function","src/inspector.rs","1313","matched","inspector_transport.go; inspector_session_controls.go; inspector_object_wrapping.go; inspector_runtime_events.go","conformance/inspector-transport/conformance_test.go; conformance/inspector-session-controls/conformance_test.go; conformance/inspector-object-wrapping/conformance_test.go","Safe observable behavior is represented by the cited Go API and executable evidence."
"src/inspector.rs:1321:function:v8::inspector::V8Inspector::idle_started","src/inspector.rs","v8::inspector::V8Inspector::idle_started","function","src/inspector.rs","1321","matched","inspector_transport.go; inspector_session_controls.go; inspector_object_wrapping.go; inspector_runtime_events.go","conformance/inspector-transport/conformance_test.go; conformance/inspector-session-controls/conformance_test.go; conformance/inspector-object-wrapping/conformance_test.go","Safe observable behavior is represented by the cited Go API and executable evidence."
"src/inspector.rs:1326:function:v8::inspector::V8Inspector::idle_finished","src/inspector.rs","v8::inspector::V8Inspector::idle_finished","function","src/inspector.rs","1326","matched","inspector_transport.go; inspector_session_controls.go; inspector_object_wrapping.go; inspector_runtime_events.go","conformance/inspector-transport/conformance_test.go; conformance/inspector-session-controls/conformance_test.go; conformance/inspector-object-wrapping/conformance_test.go","Safe observable behavior is represented by the cited Go API and executable evidence."
"src/inspector.rs:1341:function:v8::inspector::V8Inspector::async_task_scheduled","src/inspector.rs","v8::inspector::V8Inspector::async_task_scheduled","function","src/inspector.rs","1341","matched","inspector_transport.go; inspector_session_controls.go; inspector_object_wrapping.go; inspector_runtime_events.go","conformance/inspector-transport/conformance_test.go; conformance/inspector-session-controls/conformance_test.go; conformance/inspector-object-wrapping/conformance_test.go","Safe observable behavior is represented by the cited Go API and executable evidence."
"src/inspector.rs:1363:function:v8::inspector::V8Inspector::async_task_canceled","src/inspector.rs","v8::inspector::V8Inspector::async_task_canceled","function","src/inspector.rs","1363","matched","inspector_transport.go; inspector_session_controls.go; inspector_object_wrapping.go; inspector_runtime_events.go","conformance/inspector-transport/conformance_test.go; conformance/inspector-session-controls/conformance_test.go; conformance/inspector-object-wrapping/conformance_test.go","Safe observable behavior is represented by the cited Go API and executable evidence."
"src/inspector.rs:1373:function:v8::inspector::V8Inspector::async_task_started","src/inspector.rs","v8::inspector::V8Inspector::async_task_started","function","src/inspector.rs","1373","matched","inspector_transport.go; inspector_session_controls.go; inspector_object_wrapping.go; inspector_runtime_events.go","conformance/inspector-transport/conformance_test.go; conformance/inspector-session-controls/conformance_test.go; conformance/inspector-object-wrapping/conformance_test.go","Safe observable behavior is represented by the cited Go API and executable evidence."
"src/inspector.rs:1381:function:v8::inspector::V8Inspector::async_task_finished","src/inspector.rs","v8::inspector::V8Inspector::async_task_finished","function","src/inspector.rs","1381","matched","inspector_transport.go; inspector_session_controls.go; inspector_object_wrapping.go; inspector_runtime_events.go","conformance/inspector-transport/conformance_test.go; conformance/inspector-session-controls/conformance_test.go; conformance/inspector-object-wrapping/conformance_test.go","Safe observable behavior is represented by the cited Go API and executable evidence."
"src/inspector.rs:1387:function:v8::inspector::V8Inspector::all_async_tasks_canceled","src/inspector.rs","v8::inspector::V8Inspector::all_async_tasks_canceled","function","src/inspector.rs","1387","matched","inspector_transport.go; inspector_session_controls.go; inspector_object_wrapping.go; inspector_runtime_events.go","conformance/inspector-transport/conformance_test.go; conformance/inspector-session-controls/conformance_test.go; conformance/inspector-object-wrapping/conformance_test.go","Safe observable behavior is represented by the cited Go API and executable evidence."
"src/inspector.rs:1392:function:v8::inspector::V8Inspector::exception_thrown","src/inspector.rs","v8::inspector::V8Inspector::exception_thrown","function","src/inspector.rs","1392","matched","inspector_transport.go; inspector_session_controls.go; inspector_object_wrapping.go; inspector_runtime_events.go","conformance/inspector-transport/conformance_test.go; conformance/inspector-session-controls/conformance_test.go; conformance/inspector-object-wrapping/conformance_test.go","Safe observable behavior is represented by the cited Go API and executable evidence."
"src/inspector.rs:1420:function:v8::inspector::V8Inspector::create_stack_trace","src/inspector.rs","v8::inspector::V8Inspector::create_stack_trace","function","src/inspector.rs","1420","matched","inspector_transport.go; inspector_session_controls.go; inspector_object_wrapping.go; inspector_runtime_events.go","conformance/inspector-transport/conformance_test.go; conformance/inspector-session-controls/conformance_test.go; conformance/inspector-object-wrapping/conformance_test.go","Safe observable behavior is represented by the cited Go API and executable evidence."
"src/inspector.rs:1441:struct:v8::inspector::V8StackTrace","src/inspector.rs","v8::inspector::V8StackTrace","struct","src/inspector.rs","1441","matched","inspector_transport.go; inspector_session_controls.go; inspector_object_wrapping.go; inspector_runtime_events.go","conformance/inspector-transport/conformance_test.go; conformance/inspector-session-controls/conformance_test.go; conformance/inspector-object-wrapping/conformance_test.go","Safe observable behavior is represented by the cited Go API and executable evidence."
"src/isolate.rs:83:enum:v8::isolate::MicrotasksPolicy","src/isolate.rs","v8::isolate::MicrotasksPolicy","enum","src/isolate.rs","83","matched","isolate.go; isolate_advanced.go; controls_hooks.go; heap_snapshot.go","conformance/isolate-advanced/conformance_test.go; conformance/controls-hooks/conformance_test.go; conformance/heap-snapshot/conformance_test.go","Safe observable behavior is represented by the cited Go API and executable evidence."
"src/isolate.rs:84:variant:v8::isolate::MicrotasksPolicy::Explicit","src/isolate.rs","v8::isolate::MicrotasksPolicy::Explicit","variant","src/isolate.rs","84","matched","isolate.go; isolate_advanced.go; controls_hooks.go; heap_snapshot.go","conformance/isolate-advanced/conformance_test.go; conformance/controls-hooks/conformance_test.go; conformance/heap-snapshot/conformance_test.go","Safe observable behavior is represented by the cited Go API and executable evidence."
"src/isolate.rs:86:variant:v8::isolate::MicrotasksPolicy::Auto","src/isolate.rs","v8::isolate::MicrotasksPolicy::Auto","variant","src/isolate.rs","86","matched","isolate.go; isolate_advanced.go; controls_hooks.go; heap_snapshot.go","conformance/isolate-advanced/conformance_test.go; conformance/controls-hooks/conformance_test.go; conformance/heap-snapshot/conformance_test.go","Safe observable behavior is represented by the cited Go API and executable evidence."
"src/isolate.rs:97:enum:v8::isolate::MemoryPressureLevel","src/isolate.rs","v8::isolate::MemoryPressureLevel","enum","src/isolate.rs","97","matched","isolate.go; isolate_advanced.go; controls_hooks.go; heap_snapshot.go","conformance/isolate-advanced/conformance_test.go; conformance/controls-hooks/conformance_test.go; conformance/heap-snapshot/conformance_test.go","Safe observable behavior is represented by the cited Go API and executable evidence."
"src/isolate.rs:98:variant:v8::isolate::MemoryPressureLevel::None","src/isolate.rs","v8::isolate::MemoryPressureLevel::None","variant","src/isolate.rs","98","matched","isolate.go; isolate_advanced.go; controls_hooks.go; heap_snapshot.go","conformance/isolate-advanced/conformance_test.go; conformance/controls-hooks/conformance_test.go; conformance/heap-snapshot/conformance_test.go","Safe observable behavior is represented by the cited Go API and executable evidence."
"src/isolate.rs:99:variant:v8::isolate::MemoryPressureLevel::Moderate","src/isolate.rs","v8::isolate::MemoryPressureLevel::Moderate","variant","src/isolate.rs","99","matched","isolate.go; isolate_advanced.go; controls_hooks.go; heap_snapshot.go","conformance/isolate-advanced/conformance_test.go; conformance/controls-hooks/conformance_test.go; conformance/heap-snapshot/conformance_test.go","Safe observable behavior is represented by the cited Go API and executable evidence."
"src/isolate.rs:100:variant:v8::isolate::MemoryPressureLevel::Critical","src/isolate.rs","v8::isolate::MemoryPressureLevel::Critical","variant","src/isolate.rs","100","matched","isolate.go; isolate_advanced.go; controls_hooks.go; heap_snapshot.go","conformance/isolate-advanced/conformance_test.go; conformance/controls-hooks/conformance_test.go; conformance/heap-snapshot/conformance_test.go","Safe observable behavior is represented by the cited Go API and executable evidence."
"src/isolate.rs:116:enum:v8::isolate::TimeZoneDetection","src/isolate.rs","v8::isolate::TimeZoneDetection","enum","src/isolate.rs","116","matched","isolate.go; isolate_advanced.go; controls_hooks.go; heap_snapshot.go","conformance/isolate-advanced/conformance_test.go; conformance/controls-hooks/conformance_test.go; conformance/heap-snapshot/conformance_test.go","Safe observable behavior is represented by the cited Go API and executable evidence."
"src/isolate.rs:117:variant:v8::isolate::TimeZoneDetection::Skip","src/isolate.rs","v8::isolate::TimeZoneDetection::Skip","variant","src/isolate.rs","117","matched","isolate.go; isolate_advanced.go; controls_hooks.go; heap_snapshot.go","conformance/isolate-advanced/conformance_test.go; conformance/controls-hooks/conformance_test.go; conformance/heap-snapshot/conformance_test.go","Safe observable behavior is represented by the cited Go API and executable evidence."
"src/isolate.rs:118:variant:v8::isolate::TimeZoneDetection::Redetect","src/isolate.rs","v8::isolate::TimeZoneDetection::Redetect","variant","src/isolate.rs","118","matched","isolate.go; isolate_advanced.go; controls_hooks.go; heap_snapshot.go","conformance/isolate-advanced/conformance_test.go; conformance/controls-hooks/conformance_test.go; conformance/heap-snapshot/conformance_test.go","Safe observable behavior is represented by the cited Go API and executable evidence."
"src/isolate.rs:137:enum:v8::isolate::PromiseHookType","src/isolate.rs","v8::isolate::PromiseHookType","enum","src/isolate.rs","137","matched","isolate.go; isolate_advanced.go; controls_hooks.go; heap_snapshot.go","conformance/isolate-advanced/conformance_test.go; conformance/controls-hooks/conformance_test.go; conformance/heap-snapshot/conformance_test.go","Safe observable behavior is represented by the cited Go API and executable evidence."
"src/isolate.rs:138:variant:v8::isolate::PromiseHookType::Init","src/isolate.rs","v8::isolate::PromiseHookType::Init","variant","src/isolate.rs","138","matched","isolate.go; isolate_advanced.go; controls_hooks.go; heap_snapshot.go","conformance/isolate-advanced/conformance_test.go; conformance/controls-hooks/conformance_test.go; conformance/heap-snapshot/conformance_test.go","Safe observable behavior is represented by the cited Go API and executable evidence."
"src/isolate.rs:139:variant:v8::isolate::PromiseHookType::Resolve","src/isolate.rs","v8::isolate::PromiseHookType::Resolve","variant","src/isolate.rs","139","matched","isolate.go; isolate_advanced.go; controls_hooks.go; heap_snapshot.go","conformance/isolate-advanced/conformance_test.go; conformance/controls-hooks/conformance_test.go; conformance/heap-snapshot/conformance_test.go","Safe observable behavior is represented by the cited Go API and executable evidence."
"src/isolate.rs:140:variant:v8::isolate::PromiseHookType::Before","src/isolate.rs","v8::isolate::PromiseHookType::Before","variant","src/isolate.rs","140","matched","isolate.go; isolate_advanced.go; controls_hooks.go; heap_snapshot.go","conformance/isolate-advanced/conformance_test.go; conformance/controls-hooks/conformance_test.go; conformance/heap-snapshot/conformance_test.go","Safe observable behavior is represented by the cited Go API and executable evidence."
"src/isolate.rs:141:variant:v8::isolate::PromiseHookType::After","src/isolate.rs","v8::isolate::PromiseHookType::After","variant","src/isolate.rs","141","matched","isolate.go; isolate_advanced.go; controls_hooks.go; heap_snapshot.go","conformance/isolate-advanced/conformance_test.go; conformance/controls-hooks/conformance_test.go; conformance/heap-snapshot/conformance_test.go","Safe observable behavior is represented by the cited Go API and executable evidence."
"src/isolate.rs:148:enum:v8::isolate::GarbageCollectionType","src/isolate.rs","v8::isolate::GarbageCollectionType","enum","src/isolate.rs","148","matched","isolate.go; isolate_advanced.go; controls_hooks.go; heap_snapshot.go","conformance/isolate-advanced/conformance_test.go; conformance/controls-hooks/conformance_test.go; conformance/heap-snapshot/conformance_test.go","Safe observable behavior is represented by the cited Go API and executable evidence."
"src/isolate.rs:149:variant:v8::isolate::GarbageCollectionType::Full","src/isolate.rs","v8::isolate::GarbageCollectionType::Full","variant","src/isolate.rs","149","matched","isolate.go; isolate_advanced.go; controls_hooks.go; heap_snapshot.go","conformance/isolate-advanced/conformance_test.go; conformance/controls-hooks/conformance_test.go; conformance/heap-snapshot/conformance_test.go","Safe observable behavior is represented by the cited Go API and executable evidence."
"src/isolate.rs:150:variant:v8::isolate::GarbageCollectionType::Minor","src/isolate.rs","v8::isolate::GarbageCollectionType::Minor","variant","src/isolate.rs","150","matched","isolate.go; isolate_advanced.go; controls_hooks.go; heap_snapshot.go","conformance/isolate-advanced/conformance_test.go; conformance/controls-hooks/conformance_test.go; conformance/heap-snapshot/conformance_test.go","Safe observable behavior is represented by the cited Go API and executable evidence."
"src/isolate.rs:153:type_alias:v8::isolate::MessageCallback","src/isolate.rs","v8::isolate::MessageCallback","type_alias","src/isolate.rs","153","matched","isolate.go; isolate_advanced.go; controls_hooks.go; heap_snapshot.go","conformance/isolate-advanced/conformance_test.go; conformance/controls-hooks/conformance_test.go; conformance/heap-snapshot/conformance_test.go","Safe observable behavior is represented by the cited Go API and executable evidence."
"src/isolate.rs:155:assoc_const:v8::MessageErrorLevel::ALL","src/isolate.rs","v8::MessageErrorLevel::ALL","assoc_const","src/isolate.rs","155","matched","isolate.go; isolate_advanced.go; controls_hooks.go; heap_snapshot.go","conformance/isolate-advanced/conformance_test.go; conformance/controls-hooks/conformance_test.go; conformance/heap-snapshot/conformance_test.go","Safe observable behavior is represented by the cited Go API and executable evidence."
"src/isolate.rs:155:assoc_const:v8::MessageErrorLevel::DEBUG","src/isolate.rs","v8::MessageErrorLevel::DEBUG","assoc_const","src/isolate.rs","155","matched","isolate.go; isolate_advanced.go; controls_hooks.go; heap_snapshot.go","conformance/isolate-advanced/conformance_test.go; conformance/controls-hooks/conformance_test.go; conformance/heap-snapshot/conformance_test.go","Safe observable behavior is represented by the cited Go API and executable evidence."
"src/isolate.rs:155:assoc_const:v8::MessageErrorLevel::ERROR","src/isolate.rs","v8::MessageErrorLevel::ERROR","assoc_const","src/isolate.rs","155","matched","isolate.go; isolate_advanced.go; controls_hooks.go; heap_snapshot.go","conformance/isolate-advanced/conformance_test.go; conformance/controls-hooks/conformance_test.go; conformance/heap-snapshot/conformance_test.go","Safe observable behavior is represented by the cited Go API and executable evidence."
"src/isolate.rs:155:assoc_const:v8::MessageErrorLevel::INFO","src/isolate.rs","v8::MessageErrorLevel::INFO","assoc_const","src/isolate.rs","155","matched","isolate.go; isolate_advanced.go; controls_hooks.go; heap_snapshot.go","conformance/isolate-advanced/conformance_test.go; conformance/controls-hooks/conformance_test.go; conformance/heap-snapshot/conformance_test.go","Safe observable behavior is represented by the cited Go API and executable evidence."
"src/isolate.rs:155:assoc_const:v8::MessageErrorLevel::LOG","src/isolate.rs","v8::MessageErrorLevel::LOG","assoc_const","src/isolate.rs","155","matched","isolate.go; isolate_advanced.go; controls_hooks.go; heap_snapshot.go","conformance/isolate-advanced/conformance_test.go; conformance/controls-hooks/conformance_test.go; conformance/heap-snapshot/conformance_test.go","Safe observable behavior is represented by the cited Go API and executable evidence."
"src/isolate.rs:155:assoc_const:v8::MessageErrorLevel::WARNING","src/isolate.rs","v8::MessageErrorLevel::WARNING","assoc_const","src/isolate.rs","155","matched","isolate.go; isolate_advanced.go; controls_hooks.go; heap_snapshot.go","conformance/isolate-advanced/conformance_test.go; conformance/controls-hooks/conformance_test.go; conformance/heap-snapshot/conformance_test.go","Safe observable behavior is represented by the cited Go API and executable evidence."
"src/isolate.rs:155:function:v8::MessageErrorLevel::all","src/isolate.rs","v8::MessageErrorLevel::all","function","src/isolate.rs","155","matched","isolate.go; isolate_advanced.go; controls_hooks.go; heap_snapshot.go","conformance/isolate-advanced/conformance_test.go; conformance/controls-hooks/conformance_test.go; conformance/heap-snapshot/conformance_test.go","Safe observable behavior is represented by the cited Go API and executable evidence."
"src/isolate.rs:155:function:v8::MessageErrorLevel::bits","src/isolate.rs","v8::MessageErrorLevel::bits","function","src/isolate.rs","155","matched","isolate.go; isolate_advanced.go; controls_hooks.go; heap_snapshot.go","conformance/isolate-advanced/conformance_test.go; conformance/controls-hooks/conformance_test.go; conformance/heap-snapshot/conformance_test.go","Safe observable behavior is represented by the cited Go API and executable evidence."
"src/isolate.rs:155:function:v8::MessageErrorLevel::complement","src/isolate.rs","v8::MessageErrorLevel::complement","function","src/isolate.rs","155","matched","isolate.go; isolate_advanced.go; controls_hooks.go; heap_snapshot.go","conformance/isolate-advanced/conformance_test.go; conformance/controls-hooks/conformance_test.go; conformance/heap-snapshot/conformance_test.go","Safe observable behavior is represented by the cited Go API and executable evidence."
"src/isolate.rs:155:function:v8::MessageErrorLevel::contains","src/isolate.rs","v8::MessageErrorLevel::contains","function","src/isolate.rs","155","matched","isolate.go; isolate_advanced.go; controls_hooks.go; heap_snapshot.go","conformance/isolate-advanced/conformance_test.go; conformance/controls-hooks/conformance_test.go; conformance/heap-snapshot/conformance_test.go","Safe observable behavior is represented by the cited Go API and executable evidence."
"src/isolate.rs:155:function:v8::MessageErrorLevel::difference","src/isolate.rs","v8::MessageErrorLevel::difference","function","src/isolate.rs","155","matched","isolate.go; isolate_advanced.go; controls_hooks.go; heap_snapshot.go","conformance/isolate-advanced/conformance_test.go; conformance/controls-hooks/conformance_test.go; conformance/heap-snapshot/conformance_test.go","Safe observable behavior is represented by the cited Go API and executable evidence."
"src/isolate.rs:155:function:v8::MessageErrorLevel::empty","src/isolate.rs","v8::MessageErrorLevel::empty","function","src/isolate.rs","155","matched","isolate.go; isolate_advanced.go; controls_hooks.go; heap_snapshot.go","conformance/isolate-advanced/conformance_test.go; conformance/controls-hooks/conformance_test.go; conformance/heap-snapshot/conformance_test.go","Safe observable behavior is represented by the cited Go API and executable evidence."
"src/isolate.rs:155:function:v8::MessageErrorLevel::from_bits","src/isolate.rs","v8::MessageErrorLevel::from_bits","function","src/isolate.rs","155","matched","isolate.go; isolate_advanced.go; controls_hooks.go; heap_snapshot.go","conformance/isolate-advanced/conformance_test.go; conformance/controls-hooks/conformance_test.go; conformance/heap-snapshot/conformance_test.go","Safe observable behavior is represented by the cited Go API and executable evidence."
"src/isolate.rs:155:function:v8::MessageErrorLevel::from_bits_retain","src/isolate.rs","v8::MessageErrorLevel::from_bits_retain","function","src/isolate.rs","155","matched","isolate.go; isolate_advanced.go; controls_hooks.go; heap_snapshot.go","conformance/isolate-advanced/conformance_test.go; conformance/controls-hooks/conformance_test.go; conformance/heap-snapshot/conformance_test.go","Safe observable behavior is represented by the cited Go API and executable evidence."
"src/isolate.rs:155:function:v8::MessageErrorLevel::from_bits_truncate","src/isolate.rs","v8::MessageErrorLevel::from_bits_truncate","function","src/isolate.rs","155","matched","isolate.go; isolate_advanced.go; controls_hooks.go; heap_snapshot.go","conformance/isolate-advanced/conformance_test.go; conformance/controls-hooks/conformance_test.go; conformance/heap-snapshot/conformance_test.go","Safe observable behavior is represented by the cited Go API and executable evidence."
"src/isolate.rs:155:function:v8::MessageErrorLevel::from_name","src/isolate.rs","v8::MessageErrorLevel::from_name","function","src/isolate.rs","155","matched","isolate.go; isolate_advanced.go; controls_hooks.go; heap_snapshot.go","conformance/isolate-advanced/conformance_test.go; conformance/controls-hooks/conformance_test.go; conformance/heap-snapshot/conformance_test.go","Safe observable behavior is represented by the cited Go API and executable evidence."
"src/isolate.rs:155:function:v8::MessageErrorLevel::insert","src/isolate.rs","v8::MessageErrorLevel::insert","function","src/isolate.rs","155","matched","isolate.go; isolate_advanced.go; controls_hooks.go; heap_snapshot.go","conformance/isolate-advanced/conformance_test.go; conformance/controls-hooks/conformance_test.go; conformance/heap-snapshot/conformance_test.go","Safe observable behavior is represented by the cited Go API and executable evidence."
"src/isolate.rs:155:function:v8::MessageErrorLevel::intersection","src/isolate.rs","v8::MessageErrorLevel::intersection","function","src/isolate.rs","155","matched","isolate.go; isolate_advanced.go; controls_hooks.go; heap_snapshot.go","conformance/isolate-advanced/conformance_test.go; conformance/controls-hooks/conformance_test.go; conformance/heap-snapshot/conformance_test.go","Safe observable behavior is represented by the cited Go API and executable evidence."
"src/isolate.rs:155:function:v8::MessageErrorLevel::intersects","src/isolate.rs","v8::MessageErrorLevel::intersects","function","src/isolate.rs","155","matched","isolate.go; isolate_advanced.go; controls_hooks.go; heap_snapshot.go","conformance/isolate-advanced/conformance_test.go; conformance/controls-hooks/conformance_test.go; conformance/heap-snapshot/conformance_test.go","Safe observable behavior is represented by the cited Go API and executable evidence."
"src/isolate.rs:155:function:v8::MessageErrorLevel::is_all","src/isolate.rs","v8::MessageErrorLevel::is_all","function","src/isolate.rs","155","matched","isolate.go; isolate_advanced.go; controls_hooks.go; heap_snapshot.go","conformance/isolate-advanced/conformance_test.go; conformance/controls-hooks/conformance_test.go; conformance/heap-snapshot/conformance_test.go","Safe observable behavior is represented by the cited Go API and executable evidence."
"src/isolate.rs:155:function:v8::MessageErrorLevel::is_empty","src/isolate.rs","v8::MessageErrorLevel::is_empty","function","src/isolate.rs","155","matched","isolate.go; isolate_advanced.go; controls_hooks.go; heap_snapshot.go","conformance/isolate-advanced/conformance_test.go; conformance/controls-hooks/conformance_test.go; conformance/heap-snapshot/conformance_test.go","Safe observable behavior is represented by the cited Go API and executable evidence."
"src/isolate.rs:155:function:v8::MessageErrorLevel::iter","src/isolate.rs","v8::MessageErrorLevel::iter","function","src/isolate.rs","155","matched","isolate.go; isolate_advanced.go; controls_hooks.go; heap_snapshot.go","conformance/isolate-advanced/conformance_test.go; conformance/controls-hooks/conformance_test.go; conformance/heap-snapshot/conformance_test.go","Safe observable behavior is represented by the cited Go API and executable evidence."
"src/isolate.rs:155:function:v8::MessageErrorLevel::iter_names","src/isolate.rs","v8::MessageErrorLevel::iter_names","function","src/isolate.rs","155","matched","isolate.go; isolate_advanced.go; controls_hooks.go; heap_snapshot.go","conformance/isolate-advanced/conformance_test.go; conformance/controls-hooks/conformance_test.go; conformance/heap-snapshot/conformance_test.go","Safe observable behavior is represented by the cited Go API and executable evidence."
"src/isolate.rs:155:function:v8::MessageErrorLevel::remove","src/isolate.rs","v8::MessageErrorLevel::remove","function","src/isolate.rs","155","matched","isolate.go; isolate_advanced.go; controls_hooks.go; heap_snapshot.go","conformance/isolate-advanced/conformance_test.go; conformance/controls-hooks/conformance_test.go; conformance/heap-snapshot/conformance_test.go","Safe observable behavior is represented by the cited Go API and executable evidence."
"src/isolate.rs:155:function:v8::MessageErrorLevel::set","src/isolate.rs","v8::MessageErrorLevel::set","function","src/isolate.rs","155","matched","isolate.go; isolate_advanced.go; controls_hooks.go; heap_snapshot.go","conformance/isolate-advanced/conformance_test.go; conformance/controls-hooks/conformance_test.go; conformance/heap-snapshot/conformance_test.go","Safe observable behavior is represented by the cited Go API and executable evidence."
"src/isolate.rs:155:function:v8::MessageErrorLevel::symmetric_difference","src/isolate.rs","v8::MessageErrorLevel::symmetric_difference","function","src/isolate.rs","155","matched","isolate.go; isolate_advanced.go; controls_hooks.go; heap_snapshot.go","conformance/isolate-advanced/conformance_test.go; conformance/controls-hooks/conformance_test.go; conformance/heap-snapshot/conformance_test.go","Safe observable behavior is represented by the cited Go API and executable evidence."
"src/isolate.rs:155:function:v8::MessageErrorLevel::toggle","src/isolate.rs","v8::MessageErrorLevel::toggle","function","src/isolate.rs","155","matched","isolate.go; isolate_advanced.go; controls_hooks.go; heap_snapshot.go","conformance/isolate-advanced/conformance_test.go; conformance/controls-hooks/conformance_test.go; conformance/heap-snapshot/conformance_test.go","Safe observable behavior is represented by the cited Go API and executable evidence."
"src/isolate.rs:155:function:v8::MessageErrorLevel::union","src/isolate.rs","v8::MessageErrorLevel::union","function","src/isolate.rs","155","matched","isolate.go; isolate_advanced.go; controls_hooks.go; heap_snapshot.go","conformance/isolate-advanced/conformance_test.go; conformance/controls-hooks/conformance_test.go; conformance/heap-snapshot/conformance_test.go","Safe observable behavior is represented by the cited Go API and executable evidence."
"src/isolate.rs:155:struct:v8::isolate::MessageErrorLevel","src/isolate.rs","v8::isolate::MessageErrorLevel","struct","src/isolate.rs","155","matched","isolate.go; isolate_advanced.go; controls_hooks.go; heap_snapshot.go","conformance/isolate-advanced/conformance_test.go; conformance/controls-hooks/conformance_test.go; conformance/heap-snapshot/conformance_test.go","Safe observable behavior is represented by the cited Go API and executable evidence."
"src/isolate.rs:168:type_alias:v8::isolate::PromiseHook","src/isolate.rs","v8::isolate::PromiseHook","type_alias","src/isolate.rs","168","matched","isolate.go; isolate_advanced.go; controls_hooks.go; heap_snapshot.go","conformance/isolate-advanced/conformance_test.go; conformance/controls-hooks/conformance_test.go; conformance/heap-snapshot/conformance_test.go","Safe observable behavior is represented by the cited Go API and executable evidence."
"src/isolate.rs:171:type_alias:v8::isolate::PromiseRejectCallback","src/isolate.rs","v8::isolate::PromiseRejectCallback","type_alias","src/isolate.rs","171","matched","isolate.go; isolate_advanced.go; controls_hooks.go; heap_snapshot.go","conformance/isolate-advanced/conformance_test.go; conformance/controls-hooks/conformance_test.go; conformance/heap-snapshot/conformance_test.go","Safe observable behavior is represented by the cited Go API and executable evidence."
"src/isolate.rs:175:enum:v8::isolate::WasmAsyncSuccess","src/isolate.rs","v8::isolate::WasmAsyncSuccess","enum","src/isolate.rs","175","matched","isolate.go; isolate_advanced.go; controls_hooks.go; heap_snapshot.go","conformance/isolate-advanced/conformance_test.go; conformance/controls-hooks/conformance_test.go; conformance/heap-snapshot/conformance_test.go","Safe observable behavior is represented by the cited Go API and executable evidence."
"src/isolate.rs:176:variant:v8::isolate::WasmAsyncSuccess::Success","src/isolate.rs","v8::isolate::WasmAsyncSuccess::Success","variant","src/isolate.rs","176","matched","isolate.go; isolate_advanced.go; controls_hooks.go; heap_snapshot.go","conformance/isolate-advanced/conformance_test.go; conformance/controls-hooks/conformance_test.go; conformance/heap-snapshot/conformance_test.go","Safe observable behavior is represented by the cited Go API and executable evidence."
"src/isolate.rs:177:variant:v8::isolate::WasmAsyncSuccess::Fail","src/isolate.rs","v8::isolate::WasmAsyncSuccess::Fail","variant","src/isolate.rs","177","matched","isolate.go; isolate_advanced.go; controls_hooks.go; heap_snapshot.go","conformance/isolate-advanced/conformance_test.go; conformance/controls-hooks/conformance_test.go; conformance/heap-snapshot/conformance_test.go","Safe observable behavior is represented by the cited Go API and executable evidence."
"src/isolate.rs:198:type_alias:v8::isolate::HostInitializeImportMetaObjectCallback","src/isolate.rs","v8::isolate::HostInitializeImportMetaObjectCallback","type_alias","src/isolate.rs","198","matched","isolate.go; isolate_advanced.go; controls_hooks.go; heap_snapshot.go","conformance/isolate-advanced/conformance_test.go; conformance/controls-hooks/conformance_test.go; conformance/heap-snapshot/conformance_test.go","Safe observable behavior is represented by the cited Go API and executable evidence."
"src/isolate.rs:240:trait:v8::isolate::HostImportModuleDynamicallyCallback","src/isolate.rs","v8::isolate::HostImportModuleDynamicallyCallback","trait","src/isolate.rs","240","matched","isolate.go; isolate_advanced.go; controls_hooks.go; heap_snapshot.go","conformance/isolate-advanced/conformance_test.go; conformance/controls-hooks/conformance_test.go; conformance/heap-snapshot/conformance_test.go","Safe observable behavior is represented by the cited Go API and executable evidence."
"src/isolate.rs:250:function:v8::HostImportModuleDynamicallyCallback::to_c_fn","src/isolate.rs","v8::HostImportModuleDynamicallyCallback::to_c_fn","function","src/isolate.rs","250","matched","isolate.go; isolate_advanced.go; controls_hooks.go; heap_snapshot.go","conformance/isolate-advanced/conformance_test.go; conformance/controls-hooks/conformance_test.go; conformance/heap-snapshot/conformance_test.go","Safe observable behavior is represented by the cited Go API and executable evidence."
"src/isolate.rs:403:trait:v8::isolate::HostImportModuleWithPhaseDynamicallyCallback","src/isolate.rs","v8::isolate::HostImportModuleWithPhaseDynamicallyCallback","trait","src/isolate.rs","403","matched","isolate.go; isolate_advanced.go; controls_hooks.go; heap_snapshot.go","conformance/isolate-advanced/conformance_test.go; conformance/controls-hooks/conformance_test.go; conformance/heap-snapshot/conformance_test.go","Safe observable behavior is represented by the cited Go API and executable evidence."
"src/isolate.rs:414:function:v8::HostImportModuleWithPhaseDynamicallyCallback::to_c_fn","src/isolate.rs","v8::HostImportModuleWithPhaseDynamicallyCallback::to_c_fn","function","src/isolate.rs","414","matched","isolate.go; isolate_advanced.go; controls_hooks.go; heap_snapshot.go","conformance/isolate-advanced/conformance_test.go; conformance/controls-hooks/conformance_test.go; conformance/heap-snapshot/conformance_test.go","Safe observable behavior is represented by the cited Go API and executable evidence."
"src/isolate.rs:552:type_alias:v8::isolate::HostCreateShadowRealmContextCallback","src/isolate.rs","v8::isolate::HostCreateShadowRealmContextCallback","type_alias","src/isolate.rs","552","matched","isolate.go; isolate_advanced.go; controls_hooks.go; heap_snapshot.go","conformance/isolate-advanced/conformance_test.go; conformance/controls-hooks/conformance_test.go; conformance/heap-snapshot/conformance_test.go","Safe observable behavior is represented by the cited Go API and executable evidence."
"src/isolate.rs:565:type_alias:v8::isolate::NearHeapLimitCallback","src/isolate.rs","v8::isolate::NearHeapLimitCallback","type_alias","src/isolate.rs","565","matched","isolate.go; isolate_advanced.go; controls_hooks.go; heap_snapshot.go","conformance/isolate-advanced/conformance_test.go; conformance/controls-hooks/conformance_test.go; conformance/heap-snapshot/conformance_test.go","Safe observable behavior is represented by the cited Go API and executable evidence."
"src/isolate.rs:572:struct:v8::isolate::OomDetails","src/isolate.rs","v8::isolate::OomDetails","struct","src/isolate.rs","572","matched","isolate.go; isolate_advanced.go; controls_hooks.go; heap_snapshot.go","conformance/isolate-advanced/conformance_test.go; conformance/controls-hooks/conformance_test.go; conformance/heap-snapshot/conformance_test.go","Safe observable behavior is represented by the cited Go API and executable evidence."
"src/isolate.rs:573:struct_field:v8::OomDetails::is_heap_oom","src/isolate.rs","v8::OomDetails::is_heap_oom","struct_field","src/isolate.rs","573","matched","isolate.go; isolate_advanced.go; controls_hooks.go; heap_snapshot.go","conformance/isolate-advanced/conformance_test.go; conformance/controls-hooks/conformance_test.go; conformance/heap-snapshot/conformance_test.go","Safe observable behavior is represented by the cited Go API and executable evidence."
"src/isolate.rs:574:struct_field:v8::OomDetails::detail","src/isolate.rs","v8::OomDetails::detail","struct_field","src/isolate.rs","574","matched","isolate.go; isolate_advanced.go; controls_hooks.go; heap_snapshot.go","conformance/isolate-advanced/conformance_test.go; conformance/controls-hooks/conformance_test.go; conformance/heap-snapshot/conformance_test.go","Safe observable behavior is represented by the cited Go API and executable evidence."
"src/isolate.rs:577:type_alias:v8::isolate::OomErrorCallback","src/isolate.rs","v8::isolate::OomErrorCallback","type_alias","src/isolate.rs","577","matched","isolate.go; isolate_advanced.go; controls_hooks.go; heap_snapshot.go","conformance/isolate-advanced/conformance_test.go; conformance/controls-hooks/conformance_test.go; conformance/heap-snapshot/conformance_test.go","Safe observable behavior is represented by the cited Go API and executable evidence."
"src/isolate.rs:585:struct:v8::isolate::ModifyCodeGenerationFromStringsResult","src/isolate.rs","v8::isolate::ModifyCodeGenerationFromStringsResult","struct","src/isolate.rs","585","matched","isolate.go; isolate_advanced.go; controls_hooks.go; heap_snapshot.go","conformance/isolate-advanced/conformance_test.go; conformance/controls-hooks/conformance_test.go; conformance/heap-snapshot/conformance_test.go","Safe observable behavior is represented by the cited Go API and executable evidence."
"src/isolate.rs:587:struct_field:v8::ModifyCodeGenerationFromStringsResult::codegen_allowed","src/isolate.rs","v8::ModifyCodeGenerationFromStringsResult::codegen_allowed","struct_field","src/isolate.rs","587","matched","isolate.go; isolate_advanced.go; controls_hooks.go; heap_snapshot.go","conformance/isolate-advanced/conformance_test.go; conformance/controls-hooks/conformance_test.go; conformance/heap-snapshot/conformance_test.go","Safe observable behavior is represented by the cited Go API and executable evidence."
"src/isolate.rs:590:struct_field:v8::ModifyCodeGenerationFromStringsResult::modified_source","src/isolate.rs","v8::ModifyCodeGenerationFromStringsResult::modified_source","struct_field","src/isolate.rs","590","matched","isolate.go; isolate_advanced.go; controls_hooks.go; heap_snapshot.go","conformance/isolate-advanced/conformance_test.go; conformance/controls-hooks/conformance_test.go; conformance/heap-snapshot/conformance_test.go","Safe observable behavior is represented by the cited Go API and executable evidence."
"src/isolate.rs:612:type_alias:v8::isolate::ModifyCodeGenerationFromStringsCallback","src/isolate.rs","v8::isolate::ModifyCodeGenerationFromStringsCallback","type_alias","src/isolate.rs","612","matched","isolate.go; isolate_advanced.go; controls_hooks.go; heap_snapshot.go","conformance/isolate-advanced/conformance_test.go; conformance/controls-hooks/conformance_test.go; conformance/heap-snapshot/conformance_test.go","Safe observable behavior is represented by the cited Go API and executable evidence."
"src/isolate.rs:669:type_alias:v8::isolate::UseCounterFeature","src/isolate.rs","v8::isolate::UseCounterFeature","type_alias","src/isolate.rs","669","matched","isolate.go; isolate_advanced.go; controls_hooks.go; heap_snapshot.go","conformance/isolate-advanced/conformance_test.go; conformance/controls-hooks/conformance_test.go; conformance/heap-snapshot/conformance_test.go","Safe observable behavior is represented by the cited Go API and executable evidence."
"src/isolate.rs:670:type_alias:v8::isolate::UseCounterCallback","src/isolate.rs","v8::isolate::UseCounterCallback","type_alias","src/isolate.rs","670","matched","isolate.go; isolate_advanced.go; controls_hooks.go; heap_snapshot.go","conformance/isolate-advanced/conformance_test.go; conformance/controls-hooks/conformance_test.go; conformance/heap-snapshot/conformance_test.go","Safe observable behavior is represented by the cited Go API and executable evidence."
"src/isolate.rs:878:struct:v8::isolate::Isolate","src/isolate.rs","v8::isolate::Isolate","struct","src/isolate.rs","878","matched","isolate.go; isolate_advanced.go; controls_hooks.go; heap_snapshot.go","conformance/isolate-advanced/conformance_test.go; conformance/controls-hooks/conformance_test.go; conformance/heap-snapshot/conformance_test.go","Safe observable behavior is represented by the cited Go API and executable evidence."
"src/isolate.rs:882:struct:v8::isolate::UnsafeRawIsolatePtr","src/isolate.rs","v8::isolate::UnsafeRawIsolatePtr","struct","src/isolate.rs","882","unsafe","No raw Go equivalent, safe higher-level behavior is exposed where applicable.","API_AUDIT.md#classification-boundary","Rust raw isolate-pointer or manual enter/exit shape"
"src/isolate.rs:890:function:v8::UnsafeRawIsolatePtr::null","src/isolate.rs","v8::UnsafeRawIsolatePtr::null","function","src/isolate.rs","890","unsafe","No raw Go equivalent, safe higher-level behavior is exposed where applicable.","API_AUDIT.md#classification-boundary","Rust raw isolate-pointer or manual enter/exit shape"
"src/isolate.rs:894:function:v8::UnsafeRawIsolatePtr::is_null","src/isolate.rs","v8::UnsafeRawIsolatePtr::is_null","function","src/isolate.rs","894","unsafe","No raw Go equivalent, safe higher-level behavior is exposed where applicable.","API_AUDIT.md#classification-boundary","Rust raw isolate-pointer or manual enter/exit shape"
"src/isolate.rs:905:struct:v8::isolate::RealIsolate","src/isolate.rs","v8::isolate::RealIsolate","struct","src/isolate.rs","905","unsafe","No raw Go equivalent, safe higher-level behavior is exposed where applicable.","API_AUDIT.md#classification-boundary","Rust raw isolate-pointer or manual enter/exit shape"
"src/isolate.rs:912:function:v8::Isolate::as_raw_isolate_ptr","src/isolate.rs","v8::Isolate::as_raw_isolate_ptr","function","src/isolate.rs","912","unsafe","No raw Go equivalent, safe higher-level behavior is exposed where applicable.","API_AUDIT.md#classification-boundary","Rust raw isolate-pointer or manual enter/exit shape"
"src/isolate.rs:917:function:v8::Isolate::from_raw_isolate_ptr","src/isolate.rs","v8::Isolate::from_raw_isolate_ptr","function","src/isolate.rs","917","unsafe","No raw Go equivalent, safe higher-level behavior is exposed where applicable.","API_AUDIT.md#classification-boundary","Rust raw isolate-pointer or manual enter/exit shape"
"src/isolate.rs:922:function:v8::Isolate::from_raw_isolate_ptr_unchecked","src/isolate.rs","v8::Isolate::from_raw_isolate_ptr_unchecked","function","src/isolate.rs","922","unsafe","No raw Go equivalent, safe higher-level behavior is exposed where applicable.","API_AUDIT.md#classification-boundary","Rust raw isolate-pointer or manual enter/exit shape"
"src/isolate.rs:928:function:v8::Isolate::from_raw_ptr_unchecked","src/isolate.rs","v8::Isolate::from_raw_ptr_unchecked","function","src/isolate.rs","928","unsafe","No raw Go equivalent, safe higher-level behavior is exposed where applicable.","API_AUDIT.md#classification-boundary","Rust raw isolate-pointer or manual enter/exit shape"
"src/isolate.rs:932:function:v8::Isolate::from_raw_ptr","src/isolate.rs","v8::Isolate::from_raw_ptr","function","src/isolate.rs","932","unsafe","No raw Go equivalent, safe higher-level behavior is exposed where applicable.","API_AUDIT.md#classification-boundary","Rust raw isolate-pointer or manual enter/exit shape"
"src/isolate.rs:937:function:v8::Isolate::ref_from_raw_isolate_ptr","src/isolate.rs","v8::Isolate::ref_from_raw_isolate_ptr","function","src/isolate.rs","937","unsafe","No raw Go equivalent, safe higher-level behavior is exposed where applicable.","API_AUDIT.md#classification-boundary","Rust raw isolate-pointer or manual enter/exit shape"
"src/isolate.rs:945:function:v8::Isolate::ref_from_raw_isolate_ptr_unchecked","src/isolate.rs","v8::Isolate::ref_from_raw_isolate_ptr_unchecked","function","src/isolate.rs","945","unsafe","No raw Go equivalent, safe higher-level behavior is exposed where applicable.","API_AUDIT.md#classification-boundary","Rust raw isolate-pointer or manual enter/exit shape"
"src/isolate.rs:952:function:v8::Isolate::ref_from_raw_isolate_ptr_mut","src/isolate.rs","v8::Isolate::ref_from_raw_isolate_ptr_mut","function","src/isolate.rs","952","unsafe","No raw Go equivalent, safe higher-level behavior is exposed where applicable.","API_AUDIT.md#classification-boundary","Rust raw isolate-pointer or manual enter/exit shape"
"src/isolate.rs:962:function:v8::Isolate::ref_from_raw_isolate_ptr_mut_unchecked","src/isolate.rs","v8::Isolate::ref_from_raw_isolate_ptr_mut_unchecked","function","src/isolate.rs","962","unsafe","No raw Go equivalent, safe higher-level behavior is exposed where applicable.","API_AUDIT.md#classification-boundary","Rust raw isolate-pointer or manual enter/exit shape"
"src/isolate.rs:1023:function:v8::Isolate::new","src/isolate.rs","v8::Isolate::new","function","src/isolate.rs","1023","matched","isolate.go; isolate_advanced.go; controls_hooks.go; heap_snapshot.go","conformance/isolate-advanced/conformance_test.go; conformance/controls-hooks/conformance_test.go; conformance/heap-snapshot/conformance_test.go","Safe observable behavior is represented by the cited Go API and executable evidence."
"src/isolate.rs:1028:function:v8::Isolate::snapshot_creator","src/isolate.rs","v8::Isolate::snapshot_creator","function","src/isolate.rs","1028","matched","isolate.go; isolate_advanced.go; controls_hooks.go; heap_snapshot.go","conformance/isolate-advanced/conformance_test.go; conformance/controls-hooks/conformance_test.go; conformance/heap-snapshot/conformance_test.go","Safe observable behavior is represented by the cited Go API and executable evidence."
"src/isolate.rs:1036:function:v8::Isolate::snapshot_creator_from_existing_snapshot","src/isolate.rs","v8::Isolate::snapshot_creator_from_existing_snapshot","function","src/isolate.rs","1036","matched","isolate.go; isolate_advanced.go; controls_hooks.go; heap_snapshot.go","conformance/isolate-advanced/conformance_test.go; conformance/controls-hooks/conformance_test.go; conformance/heap-snapshot/conformance_test.go","Safe observable behavior is represented by the cited Go API and executable evidence."
"src/isolate.rs:1050:function:v8::Isolate::create_params","src/isolate.rs","v8::Isolate::create_params","function","src/isolate.rs","1050","matched","isolate.go; isolate_advanced.go; controls_hooks.go; heap_snapshot.go","conformance/isolate-advanced/conformance_test.go; conformance/controls-hooks/conformance_test.go; conformance/heap-snapshot/conformance_test.go","Safe observable behavior is represented by the cited Go API and executable evidence."
"src/isolate.rs:1055:function:v8::Isolate::thread_safe_handle","src/isolate.rs","v8::Isolate::thread_safe_handle","function","src/isolate.rs","1055","matched","isolate.go; isolate_advanced.go; controls_hooks.go; heap_snapshot.go","conformance/isolate-advanced/conformance_test.go; conformance/controls-hooks/conformance_test.go; conformance/heap-snapshot/conformance_test.go","Safe observable behavior is represented by the cited Go API and executable evidence."
"src/isolate.rs:1066:function:v8::Isolate::terminate_execution","src/isolate.rs","v8::Isolate::terminate_execution","function","src/isolate.rs","1066","matched","isolate.go; isolate_advanced.go; controls_hooks.go; heap_snapshot.go","conformance/isolate-advanced/conformance_test.go; conformance/controls-hooks/conformance_test.go; conformance/heap-snapshot/conformance_test.go","Safe observable behavior is represented by the cited Go API and executable evidence."
"src/isolate.rs:1073:function:v8::Isolate::cancel_terminate_execution","src/isolate.rs","v8::Isolate::cancel_terminate_execution","function","src/isolate.rs","1073","matched","isolate.go; isolate_advanced.go; controls_hooks.go; heap_snapshot.go","conformance/isolate-advanced/conformance_test.go; conformance/controls-hooks/conformance_test.go; conformance/heap-snapshot/conformance_test.go","Safe observable behavior is represented by the cited Go API and executable evidence."
"src/isolate.rs:1080:function:v8::Isolate::is_execution_terminating","src/isolate.rs","v8::Isolate::is_execution_terminating","function","src/isolate.rs","1080","matched","isolate.go; isolate_advanced.go; controls_hooks.go; heap_snapshot.go","conformance/isolate-advanced/conformance_test.go; conformance/controls-hooks/conformance_test.go; conformance/heap-snapshot/conformance_test.go","Safe observable behavior is represented by the cited Go API and executable evidence."
"src/isolate.rs:1278:function:v8::Isolate::get_data","src/isolate.rs","v8::Isolate::get_data","function","src/isolate.rs","1278","matched","isolate.go; isolate_advanced.go; controls_hooks.go; heap_snapshot.go","conformance/isolate-advanced/conformance_test.go; conformance/controls-hooks/conformance_test.go; conformance/heap-snapshot/conformance_test.go","Safe observable behavior is represented by the cited Go API and executable evidence."
"src/isolate.rs:1285:function:v8::Isolate::set_data","src/isolate.rs","v8::Isolate::set_data","function","src/isolate.rs","1285","matched","isolate.go; isolate_advanced.go; controls_hooks.go; heap_snapshot.go","conformance/isolate-advanced/conformance_test.go; conformance/controls-hooks/conformance_test.go; conformance/heap-snapshot/conformance_test.go","Safe observable behavior is represented by the cited Go API and executable evidence."
"src/isolate.rs:1291:function:v8::Isolate::get_number_of_data_slots","src/isolate.rs","v8::Isolate::get_number_of_data_slots","function","src/isolate.rs","1291","matched","isolate.go; isolate_advanced.go; controls_hooks.go; heap_snapshot.go","conformance/isolate-advanced/conformance_test.go; conformance/controls-hooks/conformance_test.go; conformance/heap-snapshot/conformance_test.go","Safe observable behavior is represented by the cited Go API and executable evidence."
"src/isolate.rs:1343:function:v8::Isolate::get_slot","src/isolate.rs","v8::Isolate::get_slot","function","src/isolate.rs","1343","matched","isolate.go; isolate_advanced.go; controls_hooks.go; heap_snapshot.go","conformance/isolate-advanced/conformance_test.go; conformance/controls-hooks/conformance_test.go; conformance/heap-snapshot/conformance_test.go","Safe observable behavior is represented by the cited Go API and executable evidence."
"src/isolate.rs:1349:function:v8::Isolate::get_slot_mut","src/isolate.rs","v8::Isolate::get_slot_mut","function","src/isolate.rs","1349","matched","isolate.go; isolate_advanced.go; controls_hooks.go; heap_snapshot.go","conformance/isolate-advanced/conformance_test.go; conformance/controls-hooks/conformance_test.go; conformance/heap-snapshot/conformance_test.go","Safe observable behavior is represented by the cited Go API and executable evidence."
"src/isolate.rs:1365:function:v8::Isolate::set_slot","src/isolate.rs","v8::Isolate::set_slot","function","src/isolate.rs","1365","matched","isolate.go; isolate_advanced.go; controls_hooks.go; heap_snapshot.go","conformance/isolate-advanced/conformance_test.go; conformance/controls-hooks/conformance_test.go; conformance/heap-snapshot/conformance_test.go","Safe observable behavior is represented by the cited Go API and executable evidence."
"src/isolate.rs:1371:function:v8::Isolate::remove_slot","src/isolate.rs","v8::Isolate::remove_slot","function","src/isolate.rs","1371","matched","isolate.go; isolate_advanced.go; controls_hooks.go; heap_snapshot.go","conformance/isolate-advanced/conformance_test.go; conformance/controls-hooks/conformance_test.go; conformance/heap-snapshot/conformance_test.go","Safe observable behavior is represented by the cited Go API and executable evidence."
"src/isolate.rs:1382:function:v8::Isolate::enter","src/isolate.rs","v8::Isolate::enter","function","src/isolate.rs","1382","unsafe","No raw Go equivalent, safe higher-level behavior is exposed where applicable.","API_AUDIT.md#classification-boundary","Rust raw isolate-pointer or manual enter/exit shape"
"src/isolate.rs:1397:function:v8::Isolate::exit","src/isolate.rs","v8::Isolate::exit","function","src/isolate.rs","1397","unsafe","No raw Go equivalent, safe higher-level behavior is exposed where applicable.","API_AUDIT.md#classification-boundary","Rust raw isolate-pointer or manual enter/exit shape"
"src/isolate.rs:1408:function:v8::Isolate::memory_pressure_notification","src/isolate.rs","v8::Isolate::memory_pressure_notification","function","src/isolate.rs","1408","matched","isolate.go; isolate_advanced.go; controls_hooks.go; heap_snapshot.go","conformance/isolate-advanced/conformance_test.go; conformance/controls-hooks/conformance_test.go; conformance/heap-snapshot/conformance_test.go","Safe observable behavior is represented by the cited Go API and executable evidence."
"src/isolate.rs:1426:function:v8::Isolate::clear_kept_objects","src/isolate.rs","v8::Isolate::clear_kept_objects","function","src/isolate.rs","1426","matched","isolate.go; isolate_advanced.go; controls_hooks.go; heap_snapshot.go","conformance/isolate-advanced/conformance_test.go; conformance/controls-hooks/conformance_test.go; conformance/heap-snapshot/conformance_test.go","Safe observable behavior is represented by the cited Go API and executable evidence."
"src/isolate.rs:1433:function:v8::Isolate::low_memory_notification","src/isolate.rs","v8::Isolate::low_memory_notification","function","src/isolate.rs","1433","matched","isolate.go; isolate_advanced.go; controls_hooks.go; heap_snapshot.go","conformance/isolate-advanced/conformance_test.go; conformance/controls-hooks/conformance_test.go; conformance/heap-snapshot/conformance_test.go","Safe observable behavior is represented by the cited Go API and executable evidence."
"src/isolate.rs:1449:function:v8::Isolate::set_idle","src/isolate.rs","v8::Isolate::set_idle","function","src/isolate.rs","1449","matched","isolate.go; isolate_advanced.go; controls_hooks.go; heap_snapshot.go","conformance/isolate-advanced/conformance_test.go; conformance/controls-hooks/conformance_test.go; conformance/heap-snapshot/conformance_test.go","Safe observable behavior is represented by the cited Go API and executable evidence."
"src/isolate.rs:1460:function:v8::Isolate::collect_cpu_profiler_sample","src/isolate.rs","v8::Isolate::collect_cpu_profiler_sample","function","src/isolate.rs","1460","matched","isolate.go; isolate_advanced.go; controls_hooks.go; heap_snapshot.go","conformance/isolate-advanced/conformance_test.go; conformance/controls-hooks/conformance_test.go; conformance/heap-snapshot/conformance_test.go","Safe observable behavior is represented by the cited Go API and executable evidence."
"src/isolate.rs:1472:function:v8::Isolate::use_detailed_source_positions_for_profiling","src/isolate.rs","v8::Isolate::use_detailed_source_positions_for_profiling","function","src/isolate.rs","1472","matched","isolate.go; isolate_advanced.go; controls_hooks.go; heap_snapshot.go","conformance/isolate-advanced/conformance_test.go; conformance/controls-hooks/conformance_test.go; conformance/heap-snapshot/conformance_test.go","Safe observable behavior is represented by the cited Go API and executable evidence."
"src/isolate.rs:1482:function:v8::Isolate::get_heap_statistics","src/isolate.rs","v8::Isolate::get_heap_statistics","function","src/isolate.rs","1482","matched","isolate.go; isolate_advanced.go; controls_hooks.go; heap_snapshot.go","conformance/isolate-advanced/conformance_test.go; conformance/controls-hooks/conformance_test.go; conformance/heap-snapshot/conformance_test.go","Safe observable behavior is represented by the cited Go API and executable evidence."
"src/isolate.rs:1493:function:v8::Isolate::number_of_heap_spaces","src/isolate.rs","v8::Isolate::number_of_heap_spaces","function","src/isolate.rs","1493","matched","isolate.go; isolate_advanced.go; controls_hooks.go; heap_snapshot.go","conformance/isolate-advanced/conformance_test.go; conformance/controls-hooks/conformance_test.go; conformance/heap-snapshot/conformance_test.go","Safe observable behavior is represented by the cited Go API and executable evidence."
"src/isolate.rs:1505:function:v8::Isolate::get_heap_space_statistics","src/isolate.rs","v8::Isolate::get_heap_space_statistics","function","src/isolate.rs","1505","matched","isolate.go; isolate_advanced.go; controls_hooks.go; heap_snapshot.go","conformance/isolate-advanced/conformance_test.go; conformance/controls-hooks/conformance_test.go; conformance/heap-snapshot/conformance_test.go","Safe observable behavior is represented by the cited Go API and executable evidence."
"src/isolate.rs:1527:function:v8::Isolate::get_heap_code_and_metadata_statistics","src/isolate.rs","v8::Isolate::get_heap_code_and_metadata_statistics","function","src/isolate.rs","1527","matched","isolate.go; isolate_advanced.go; controls_hooks.go; heap_snapshot.go","conformance/isolate-advanced/conformance_test.go; conformance/controls-hooks/conformance_test.go; conformance/heap-snapshot/conformance_test.go","Safe observable behavior is represented by the cited Go API and executable evidence."
"src/isolate.rs:1546:function:v8::Isolate::set_capture_stack_trace_for_uncaught_exceptions","src/isolate.rs","v8::Isolate::set_capture_stack_trace_for_uncaught_exceptions","function","src/isolate.rs","1546","matched","isolate.go; isolate_advanced.go; controls_hooks.go; heap_snapshot.go","conformance/isolate-advanced/conformance_test.go; conformance/controls-hooks/conformance_test.go; conformance/heap-snapshot/conformance_test.go","Safe observable behavior is represented by the cited Go API and executable evidence."
"src/isolate.rs:1567:function:v8::Isolate::add_message_listener","src/isolate.rs","v8::Isolate::add_message_listener","function","src/isolate.rs","1567","matched","isolate.go; isolate_advanced.go; controls_hooks.go; heap_snapshot.go","conformance/isolate-advanced/conformance_test.go; conformance/controls-hooks/conformance_test.go; conformance/heap-snapshot/conformance_test.go","Safe observable behavior is represented by the cited Go API and executable evidence."
"src/isolate.rs:1573:function:v8::Isolate::add_message_listener_with_error_level","src/isolate.rs","v8::Isolate::add_message_listener_with_error_level","function","src/isolate.rs","1573","matched","isolate.go; isolate_advanced.go; controls_hooks.go; heap_snapshot.go","conformance/isolate-advanced/conformance_test.go; conformance/controls-hooks/conformance_test.go; conformance/heap-snapshot/conformance_test.go","Safe observable behavior is represented by the cited Go API and executable evidence."
"src/isolate.rs:1596:function:v8::Isolate::set_prepare_stack_trace_callback","src/isolate.rs","v8::Isolate::set_prepare_stack_trace_callback","function","src/isolate.rs","1596","matched","isolate.go; isolate_advanced.go; controls_hooks.go; heap_snapshot.go","conformance/isolate-advanced/conformance_test.go; conformance/controls-hooks/conformance_test.go; conformance/heap-snapshot/conformance_test.go","Safe observable behavior is represented by the cited Go API and executable evidence."
"src/isolate.rs:1614:function:v8::Isolate::set_promise_hook","src/isolate.rs","v8::Isolate::set_promise_hook","function","src/isolate.rs","1614","matched","isolate.go; isolate_advanced.go; controls_hooks.go; heap_snapshot.go","conformance/isolate-advanced/conformance_test.go; conformance/controls-hooks/conformance_test.go; conformance/heap-snapshot/conformance_test.go","Safe observable behavior is represented by the cited Go API and executable evidence."
"src/isolate.rs:1621:function:v8::Isolate::set_promise_reject_callback","src/isolate.rs","v8::Isolate::set_promise_reject_callback","function","src/isolate.rs","1621","matched","isolate.go; isolate_advanced.go; controls_hooks.go; heap_snapshot.go","conformance/isolate-advanced/conformance_test.go; conformance/controls-hooks/conformance_test.go; conformance/heap-snapshot/conformance_test.go","Safe observable behavior is represented by the cited Go API and executable evidence."
"src/isolate.rs:1631:function:v8::Isolate::set_wasm_async_resolve_promise_callback","src/isolate.rs","v8::Isolate::set_wasm_async_resolve_promise_callback","function","src/isolate.rs","1631","matched","isolate.go; isolate_advanced.go; controls_hooks.go; heap_snapshot.go","conformance/isolate-advanced/conformance_test.go; conformance/controls-hooks/conformance_test.go; conformance/heap-snapshot/conformance_test.go","Safe observable behavior is represented by the cited Go API and executable evidence."
"src/isolate.rs:1644:function:v8::Isolate::set_allow_wasm_code_generation_callback","src/isolate.rs","v8::Isolate::set_allow_wasm_code_generation_callback","function","src/isolate.rs","1644","matched","isolate.go; isolate_advanced.go; controls_hooks.go; heap_snapshot.go","conformance/isolate-advanced/conformance_test.go; conformance/controls-hooks/conformance_test.go; conformance/heap-snapshot/conformance_test.go","Safe observable behavior is represented by the cited Go API and executable evidence."
"src/isolate.rs:1659:function:v8::Isolate::set_host_initialize_import_meta_object_callback","src/isolate.rs","v8::Isolate::set_host_initialize_import_meta_object_callback","function","src/isolate.rs","1659","matched","isolate.go; isolate_advanced.go; controls_hooks.go; heap_snapshot.go","conformance/isolate-advanced/conformance_test.go; conformance/controls-hooks/conformance_test.go; conformance/heap-snapshot/conformance_test.go","Safe observable behavior is represented by the cited Go API and executable evidence."
"src/isolate.rs:1674:function:v8::Isolate::set_host_import_module_dynamically_callback","src/isolate.rs","v8::Isolate::set_host_import_module_dynamically_callback","function","src/isolate.rs","1674","matched","isolate.go; isolate_advanced.go; controls_hooks.go; heap_snapshot.go","conformance/isolate-advanced/conformance_test.go; conformance/controls-hooks/conformance_test.go; conformance/heap-snapshot/conformance_test.go","Safe observable behavior is represented by the cited Go API and executable evidence."
"src/isolate.rs:1694:function:v8::Isolate::set_host_import_module_with_phase_dynamically_callback","src/isolate.rs","v8::Isolate::set_host_import_module_with_phase_dynamically_callback","function","src/isolate.rs","1694","matched","isolate.go; isolate_advanced.go; controls_hooks.go; heap_snapshot.go","conformance/isolate-advanced/conformance_test.go; conformance/controls-hooks/conformance_test.go; conformance/heap-snapshot/conformance_test.go","Safe observable behavior is represented by the cited Go API and executable evidence."
"src/isolate.rs:1708:function:v8::Isolate::set_host_create_shadow_realm_context_callback","src/isolate.rs","v8::Isolate::set_host_create_shadow_realm_context_callback","function","src/isolate.rs","1708","matched","isolate.go; isolate_advanced.go; controls_hooks.go; heap_snapshot.go","conformance/isolate-advanced/conformance_test.go; conformance/controls-hooks/conformance_test.go; conformance/heap-snapshot/conformance_test.go","Safe observable behavior is represented by the cited Go API and executable evidence."
"src/isolate.rs:1758:function:v8::Isolate::set_use_counter_callback","src/isolate.rs","v8::Isolate::set_use_counter_callback","function","src/isolate.rs","1758","matched","isolate.go; isolate_advanced.go; controls_hooks.go; heap_snapshot.go","conformance/isolate-advanced/conformance_test.go; conformance/controls-hooks/conformance_test.go; conformance/heap-snapshot/conformance_test.go","Safe observable behavior is represented by the cited Go API and executable evidence."
"src/isolate.rs:1773:function:v8::Isolate::add_gc_prologue_callback","src/isolate.rs","v8::Isolate::add_gc_prologue_callback","function","src/isolate.rs","1773","matched","isolate.go; isolate_advanced.go; controls_hooks.go; heap_snapshot.go","conformance/isolate-advanced/conformance_test.go; conformance/controls-hooks/conformance_test.go; conformance/heap-snapshot/conformance_test.go","Safe observable behavior is represented by the cited Go API and executable evidence."
"src/isolate.rs:1793:function:v8::Isolate::remove_gc_prologue_callback","src/isolate.rs","v8::Isolate::remove_gc_prologue_callback","function","src/isolate.rs","1793","matched","isolate.go; isolate_advanced.go; controls_hooks.go; heap_snapshot.go","conformance/isolate-advanced/conformance_test.go; conformance/controls-hooks/conformance_test.go; conformance/heap-snapshot/conformance_test.go","Safe observable behavior is represented by the cited Go API and executable evidence."
"src/isolate.rs:1807:function:v8::Isolate::add_gc_epilogue_callback","src/isolate.rs","v8::Isolate::add_gc_epilogue_callback","function","src/isolate.rs","1807","matched","isolate.go; isolate_advanced.go; controls_hooks.go; heap_snapshot.go","conformance/isolate-advanced/conformance_test.go; conformance/controls-hooks/conformance_test.go; conformance/heap-snapshot/conformance_test.go","Safe observable behavior is represented by the cited Go API and executable evidence."
"src/isolate.rs:1827:function:v8::Isolate::remove_gc_epilogue_callback","src/isolate.rs","v8::Isolate::remove_gc_epilogue_callback","function","src/isolate.rs","1827","matched","isolate.go; isolate_advanced.go; controls_hooks.go; heap_snapshot.go","conformance/isolate-advanced/conformance_test.go; conformance/controls-hooks/conformance_test.go; conformance/heap-snapshot/conformance_test.go","Safe observable behavior is represented by the cited Go API and executable evidence."
"src/isolate.rs:1848:function:v8::Isolate::set_modify_code_generation_from_strings_callback","src/isolate.rs","v8::Isolate::set_modify_code_generation_from_strings_callback","function","src/isolate.rs","1848","matched","isolate.go; isolate_advanced.go; controls_hooks.go; heap_snapshot.go","conformance/isolate-advanced/conformance_test.go; conformance/controls-hooks/conformance_test.go; conformance/heap-snapshot/conformance_test.go","Safe observable behavior is represented by the cited Go API and executable evidence."
"src/isolate.rs:1894:function:v8::Isolate::add_near_heap_limit_callback","src/isolate.rs","v8::Isolate::add_near_heap_limit_callback","function","src/isolate.rs","1894","matched","isolate.go; isolate_advanced.go; controls_hooks.go; heap_snapshot.go","conformance/isolate-advanced/conformance_test.go; conformance/controls-hooks/conformance_test.go; conformance/heap-snapshot/conformance_test.go","Safe observable behavior is represented by the cited Go API and executable evidence."
"src/isolate.rs:1909:function:v8::Isolate::remove_near_heap_limit_callback","src/isolate.rs","v8::Isolate::remove_near_heap_limit_callback","function","src/isolate.rs","1909","matched","isolate.go; isolate_advanced.go; controls_hooks.go; heap_snapshot.go","conformance/isolate-advanced/conformance_test.go; conformance/controls-hooks/conformance_test.go; conformance/heap-snapshot/conformance_test.go","Safe observable behavior is represented by the cited Go API and executable evidence."
"src/isolate.rs:1931:function:v8::Isolate::adjust_amount_of_external_allocated_memory","src/isolate.rs","v8::Isolate::adjust_amount_of_external_allocated_memory","function","src/isolate.rs","1931","matched","isolate.go; isolate_advanced.go; controls_hooks.go; heap_snapshot.go","conformance/isolate-advanced/conformance_test.go; conformance/controls-hooks/conformance_test.go; conformance/heap-snapshot/conformance_test.go","Safe observable behavior is represented by the cited Go API and executable evidence."
"src/isolate.rs:1944:function:v8::Isolate::get_cpp_heap","src/isolate.rs","v8::Isolate::get_cpp_heap","function","src/isolate.rs","1944","matched","isolate.go; isolate_advanced.go; controls_hooks.go; heap_snapshot.go","conformance/isolate-advanced/conformance_test.go; conformance/controls-hooks/conformance_test.go; conformance/heap-snapshot/conformance_test.go","Safe observable behavior is represented by the cited Go API and executable evidence."
"src/isolate.rs:1949:function:v8::Isolate::set_oom_error_handler","src/isolate.rs","v8::Isolate::set_oom_error_handler","function","src/isolate.rs","1949","matched","isolate.go; isolate_advanced.go; controls_hooks.go; heap_snapshot.go","conformance/isolate-advanced/conformance_test.go; conformance/controls-hooks/conformance_test.go; conformance/heap-snapshot/conformance_test.go","Safe observable behavior is represented by the cited Go API and executable evidence."
"src/isolate.rs:1955:function:v8::Isolate::get_microtasks_policy","src/isolate.rs","v8::Isolate::get_microtasks_policy","function","src/isolate.rs","1955","matched","isolate.go; isolate_advanced.go; controls_hooks.go; heap_snapshot.go","conformance/isolate-advanced/conformance_test.go; conformance/controls-hooks/conformance_test.go; conformance/heap-snapshot/conformance_test.go","Safe observable behavior is represented by the cited Go API and executable evidence."
"src/isolate.rs:1961:function:v8::Isolate::set_microtasks_policy","src/isolate.rs","v8::Isolate::set_microtasks_policy","function","src/isolate.rs","1961","matched","isolate.go; isolate_advanced.go; controls_hooks.go; heap_snapshot.go","conformance/isolate-advanced/conformance_test.go; conformance/controls-hooks/conformance_test.go; conformance/heap-snapshot/conformance_test.go","Safe observable behavior is represented by the cited Go API and executable evidence."
"src/isolate.rs:1970:function:v8::Isolate::perform_microtask_checkpoint","src/isolate.rs","v8::Isolate::perform_microtask_checkpoint","function","src/isolate.rs","1970","matched","isolate.go; isolate_advanced.go; controls_hooks.go; heap_snapshot.go","conformance/isolate-advanced/conformance_test.go; conformance/controls-hooks/conformance_test.go; conformance/heap-snapshot/conformance_test.go","Safe observable behavior is represented by the cited Go API and executable evidence."
"src/isolate.rs:1976:function:v8::Isolate::enqueue_microtask","src/isolate.rs","v8::Isolate::enqueue_microtask","function","src/isolate.rs","1976","matched","isolate.go; isolate_advanced.go; controls_hooks.go; heap_snapshot.go","conformance/isolate-advanced/conformance_test.go; conformance/controls-hooks/conformance_test.go; conformance/heap-snapshot/conformance_test.go","Safe observable behavior is represented by the cited Go API and executable evidence."
"src/isolate.rs:1984:function:v8::Isolate::set_allow_atomics_wait","src/isolate.rs","v8::Isolate::set_allow_atomics_wait","function","src/isolate.rs","1984","matched","isolate.go; isolate_advanced.go; controls_hooks.go; heap_snapshot.go","conformance/isolate-advanced/conformance_test.go; conformance/controls-hooks/conformance_test.go; conformance/heap-snapshot/conformance_test.go","Safe observable behavior is represented by the cited Go API and executable evidence."
"src/isolate.rs:1996:function:v8::Isolate::set_wasm_streaming_callback","src/isolate.rs","v8::Isolate::set_wasm_streaming_callback","function","src/isolate.rs","1996","matched","isolate.go; isolate_advanced.go; controls_hooks.go; heap_snapshot.go","conformance/isolate-advanced/conformance_test.go; conformance/controls-hooks/conformance_test.go; conformance/heap-snapshot/conformance_test.go","Safe observable behavior is represented by the cited Go API and executable evidence."
"src/isolate.rs:2022:function:v8::Isolate::date_time_configuration_change_notification","src/isolate.rs","v8::Isolate::date_time_configuration_change_notification","function","src/isolate.rs","2022","matched","isolate.go; isolate_advanced.go; controls_hooks.go; heap_snapshot.go","conformance/isolate-advanced/conformance_test.go; conformance/controls-hooks/conformance_test.go; conformance/heap-snapshot/conformance_test.go","Safe observable behavior is represented by the cited Go API and executable evidence."
"src/isolate.rs:2038:function:v8::Isolate::has_pending_background_tasks","src/isolate.rs","v8::Isolate::has_pending_background_tasks","function","src/isolate.rs","2038","matched","isolate.go; isolate_advanced.go; controls_hooks.go; heap_snapshot.go","conformance/isolate-advanced/conformance_test.go; conformance/controls-hooks/conformance_test.go; conformance/heap-snapshot/conformance_test.go","Safe observable behavior is represented by the cited Go API and executable evidence."
"src/isolate.rs:2052:function:v8::Isolate::request_garbage_collection_for_testing","src/isolate.rs","v8::Isolate::request_garbage_collection_for_testing","function","src/isolate.rs","2052","matched","isolate.go; isolate_advanced.go; controls_hooks.go; heap_snapshot.go","conformance/isolate-advanced/conformance_test.go; conformance/controls-hooks/conformance_test.go; conformance/heap-snapshot/conformance_test.go","Safe observable behavior is represented by the cited Go API and executable evidence."
"src/isolate.rs:2083:function:v8::Isolate::take_heap_snapshot","src/isolate.rs","v8::Isolate::take_heap_snapshot","function","src/isolate.rs","2083","matched","isolate.go; isolate_advanced.go; controls_hooks.go; heap_snapshot.go","conformance/isolate-advanced/conformance_test.go; conformance/controls-hooks/conformance_test.go; conformance/heap-snapshot/conformance_test.go","Safe observable behavior is represented by the cited Go API and executable evidence."
"src/isolate.rs:2123:function:v8::Isolate::set_default_context","src/isolate.rs","v8::Isolate::set_default_context","function","src/isolate.rs","2123","matched","isolate.go; isolate_advanced.go; controls_hooks.go; heap_snapshot.go","conformance/isolate-advanced/conformance_test.go; conformance/controls-hooks/conformance_test.go; conformance/heap-snapshot/conformance_test.go","Safe observable behavior is represented by the cited Go API and executable evidence."
"src/isolate.rs:2141:function:v8::Isolate::add_context","src/isolate.rs","v8::Isolate::add_context","function","src/isolate.rs","2141","matched","isolate.go; isolate_advanced.go; controls_hooks.go; heap_snapshot.go","conformance/isolate-advanced/conformance_test.go; conformance/controls-hooks/conformance_test.go; conformance/heap-snapshot/conformance_test.go","Safe observable behavior is represented by the cited Go API and executable evidence."
"src/isolate.rs:2159:function:v8::Isolate::add_isolate_data","src/isolate.rs","v8::Isolate::add_isolate_data","function","src/isolate.rs","2159","matched","isolate.go; isolate_advanced.go; controls_hooks.go; heap_snapshot.go","conformance/isolate-advanced/conformance_test.go; conformance/controls-hooks/conformance_test.go; conformance/heap-snapshot/conformance_test.go","Safe observable behavior is represented by the cited Go API and executable evidence."
"src/isolate.rs:2180:function:v8::Isolate::add_context_data","src/isolate.rs","v8::Isolate::add_context_data","function","src/isolate.rs","2180","matched","isolate.go; isolate_advanced.go; controls_hooks.go; heap_snapshot.go","conformance/isolate-advanced/conformance_test.go; conformance/controls-hooks/conformance_test.go; conformance/heap-snapshot/conformance_test.go","Safe observable behavior is represented by the cited Go API and executable evidence."
"src/isolate.rs:2546:struct:v8::isolate::IsolateHandle","src/isolate.rs","v8::isolate::IsolateHandle","struct","src/isolate.rs","2546","matched","isolate.go; isolate_advanced.go; controls_hooks.go; heap_snapshot.go","conformance/isolate-advanced/conformance_test.go; conformance/controls-hooks/conformance_test.go; conformance/heap-snapshot/conformance_test.go","Safe observable behavior is represented by the cited Go API and executable evidence."
"src/isolate.rs:2616:function:v8::IsolateHandle::terminate_execution","src/isolate.rs","v8::IsolateHandle::terminate_execution","function","src/isolate.rs","2616","matched","isolate.go; isolate_advanced.go; controls_hooks.go; heap_snapshot.go","conformance/isolate-advanced/conformance_test.go; conformance/controls-hooks/conformance_test.go; conformance/heap-snapshot/conformance_test.go","Safe observable behavior is represented by the cited Go API and executable evidence."
"src/isolate.rs:2639:function:v8::IsolateHandle::cancel_terminate_execution","src/isolate.rs","v8::IsolateHandle::cancel_terminate_execution","function","src/isolate.rs","2639","matched","isolate.go; isolate_advanced.go; controls_hooks.go; heap_snapshot.go","conformance/isolate-advanced/conformance_test.go; conformance/controls-hooks/conformance_test.go; conformance/heap-snapshot/conformance_test.go","Safe observable behavior is represented by the cited Go API and executable evidence."
"src/isolate.rs:2656:function:v8::IsolateHandle::is_execution_terminating","src/isolate.rs","v8::IsolateHandle::is_execution_terminating","function","src/isolate.rs","2656","matched","isolate.go; isolate_advanced.go; controls_hooks.go; heap_snapshot.go","conformance/isolate-advanced/conformance_test.go; conformance/controls-hooks/conformance_test.go; conformance/heap-snapshot/conformance_test.go","Safe observable behavior is represented by the cited Go API and executable evidence."
"src/isolate.rs:2676:function:v8::IsolateHandle::request_interrupt","src/isolate.rs","v8::IsolateHandle::request_interrupt","function","src/isolate.rs","2676","matched","isolate.go; isolate_advanced.go; controls_hooks.go; heap_snapshot.go","conformance/isolate-advanced/conformance_test.go; conformance/controls-hooks/conformance_test.go; conformance/heap-snapshot/conformance_test.go","Safe observable behavior is represented by the cited Go API and executable evidence."
"src/isolate.rs:2691:struct:v8::isolate::OwnedIsolate","src/isolate.rs","v8::isolate::OwnedIsolate","struct","src/isolate.rs","2691","matched","isolate.go; isolate_advanced.go; controls_hooks.go; heap_snapshot.go","conformance/isolate-advanced/conformance_test.go; conformance/controls-hooks/conformance_test.go; conformance/heap-snapshot/conformance_test.go","Safe observable behavior is represented by the cited Go API and executable evidence."
"src/isolate.rs:2699:enum:v8::isolate::IntoSharedErrorKind","src/isolate.rs","v8::isolate::IntoSharedErrorKind","enum","src/isolate.rs","2699","matched","isolate.go; isolate_advanced.go; controls_hooks.go; heap_snapshot.go","conformance/isolate-advanced/conformance_test.go; conformance/controls-hooks/conformance_test.go; conformance/heap-snapshot/conformance_test.go","Safe observable behavior is represented by the cited Go API and executable evidence."
"src/isolate.rs:2700:variant:v8::isolate::IntoSharedErrorKind::SnapshotCreator","src/isolate.rs","v8::isolate::IntoSharedErrorKind::SnapshotCreator","variant","src/isolate.rs","2700","matched","isolate.go; isolate_advanced.go; controls_hooks.go; heap_snapshot.go","conformance/isolate-advanced/conformance_test.go; conformance/controls-hooks/conformance_test.go; conformance/heap-snapshot/conformance_test.go","Safe observable behavior is represented by the cited Go API and executable evidence."
"src/isolate.rs:2701:variant:v8::isolate::IntoSharedErrorKind::LiveWeakHandlesOrPendingFinalizers","src/isolate.rs","v8::isolate::IntoSharedErrorKind::LiveWeakHandlesOrPendingFinalizers","variant","src/isolate.rs","2701","matched","isolate.go; isolate_advanced.go; controls_hooks.go; heap_snapshot.go","conformance/isolate-advanced/conformance_test.go; conformance/controls-hooks/conformance_test.go; conformance/heap-snapshot/conformance_test.go","Safe observable behavior is represented by the cited Go API and executable evidence."
"src/isolate.rs:2702:variant:v8::isolate::IntoSharedErrorKind::EmbedderCppHeap","src/isolate.rs","v8::isolate::IntoSharedErrorKind::EmbedderCppHeap","variant","src/isolate.rs","2702","matched","isolate.go; isolate_advanced.go; controls_hooks.go; heap_snapshot.go","conformance/isolate-advanced/conformance_test.go; conformance/controls-hooks/conformance_test.go; conformance/heap-snapshot/conformance_test.go","Safe observable behavior is represented by the cited Go API and executable evidence."
"src/isolate.rs:2703:variant:v8::isolate::IntoSharedErrorKind::AnotherIsolateEntered","src/isolate.rs","v8::isolate::IntoSharedErrorKind::AnotherIsolateEntered","variant","src/isolate.rs","2703","matched","isolate.go; isolate_advanced.go; controls_hooks.go; heap_snapshot.go","conformance/isolate-advanced/conformance_test.go; conformance/controls-hooks/conformance_test.go; conformance/heap-snapshot/conformance_test.go","Safe observable behavior is represented by the cited Go API and executable evidence."
"src/isolate.rs:2733:struct:v8::isolate::IntoSharedError","src/isolate.rs","v8::isolate::IntoSharedError","struct","src/isolate.rs","2733","matched","isolate.go; isolate_advanced.go; controls_hooks.go; heap_snapshot.go","conformance/isolate-advanced/conformance_test.go; conformance/controls-hooks/conformance_test.go; conformance/heap-snapshot/conformance_test.go","Safe observable behavior is represented by the cited Go API and executable evidence."
"src/isolate.rs:2739:function:v8::IntoSharedError::kind","src/isolate.rs","v8::IntoSharedError::kind","function","src/isolate.rs","2739","matched","isolate.go; isolate_advanced.go; controls_hooks.go; heap_snapshot.go","conformance/isolate-advanced/conformance_test.go; conformance/controls-hooks/conformance_test.go; conformance/heap-snapshot/conformance_test.go","Safe observable behavior is represented by the cited Go API and executable evidence."
"src/isolate.rs:2743:function:v8::IntoSharedError::into_isolate","src/isolate.rs","v8::IntoSharedError::into_isolate","function","src/isolate.rs","2743","matched","isolate.go; isolate_advanced.go; controls_hooks.go; heap_snapshot.go","conformance/isolate-advanced/conformance_test.go; conformance/controls-hooks/conformance_test.go; conformance/heap-snapshot/conformance_test.go","Safe observable behavior is represented by the cited Go API and executable evidence."
"src/isolate.rs:2828:function:v8::OwnedIsolate::try_into_shared","src/isolate.rs","v8::OwnedIsolate::try_into_shared","function","src/isolate.rs","2828","matched","isolate.go; isolate_advanced.go; controls_hooks.go; heap_snapshot.go","conformance/isolate-advanced/conformance_test.go; conformance/controls-hooks/conformance_test.go; conformance/heap-snapshot/conformance_test.go","Safe observable behavior is represented by the cited Go API and executable evidence."
"src/isolate.rs:2910:function:v8::OwnedIsolate::create_blob","src/isolate.rs","v8::OwnedIsolate::create_blob","function","src/isolate.rs","2910","matched","isolate.go; isolate_advanced.go; controls_hooks.go; heap_snapshot.go","conformance/isolate-advanced/conformance_test.go; conformance/controls-hooks/conformance_test.go; conformance/heap-snapshot/conformance_test.go","Safe observable behavior is represented by the cited Go API and executable evidence."
"src/isolate.rs:2966:struct:v8::isolate::HeapStatistics","src/isolate.rs","v8::isolate::HeapStatistics","struct","src/isolate.rs","2966","matched","isolate.go; isolate_advanced.go; controls_hooks.go; heap_snapshot.go","conformance/isolate-advanced/conformance_test.go; conformance/controls-hooks/conformance_test.go; conformance/heap-snapshot/conformance_test.go","Safe observable behavior is represented by the cited Go API and executable evidence."
"src/isolate.rs:2970:function:v8::HeapStatistics::total_heap_size","src/isolate.rs","v8::HeapStatistics::total_heap_size","function","src/isolate.rs","2970","matched","isolate.go; isolate_advanced.go; controls_hooks.go; heap_snapshot.go","conformance/isolate-advanced/conformance_test.go; conformance/controls-hooks/conformance_test.go; conformance/heap-snapshot/conformance_test.go","Safe observable behavior is represented by the cited Go API and executable evidence."
"src/isolate.rs:2975:function:v8::HeapStatistics::total_heap_size_executable","src/isolate.rs","v8::HeapStatistics::total_heap_size_executable","function","src/isolate.rs","2975","matched","isolate.go; isolate_advanced.go; controls_hooks.go; heap_snapshot.go","conformance/isolate-advanced/conformance_test.go; conformance/controls-hooks/conformance_test.go; conformance/heap-snapshot/conformance_test.go","Safe observable behavior is represented by the cited Go API and executable evidence."
"src/isolate.rs:2980:function:v8::HeapStatistics::total_physical_size","src/isolate.rs","v8::HeapStatistics::total_physical_size","function","src/isolate.rs","2980","matched","isolate.go; isolate_advanced.go; controls_hooks.go; heap_snapshot.go","conformance/isolate-advanced/conformance_test.go; conformance/controls-hooks/conformance_test.go; conformance/heap-snapshot/conformance_test.go","Safe observable behavior is represented by the cited Go API and executable evidence."
"src/isolate.rs:2985:function:v8::HeapStatistics::total_available_size","src/isolate.rs","v8::HeapStatistics::total_available_size","function","src/isolate.rs","2985","matched","isolate.go; isolate_advanced.go; controls_hooks.go; heap_snapshot.go","conformance/isolate-advanced/conformance_test.go; conformance/controls-hooks/conformance_test.go; conformance/heap-snapshot/conformance_test.go","Safe observable behavior is represented by the cited Go API and executable evidence."
"src/isolate.rs:2990:function:v8::HeapStatistics::total_global_handles_size","src/isolate.rs","v8::HeapStatistics::total_global_handles_size","function","src/isolate.rs","2990","matched","isolate.go; isolate_advanced.go; controls_hooks.go; heap_snapshot.go","conformance/isolate-advanced/conformance_test.go; conformance/controls-hooks/conformance_test.go; conformance/heap-snapshot/conformance_test.go","Safe observable behavior is represented by the cited Go API and executable evidence."
"src/isolate.rs:2995:function:v8::HeapStatistics::used_global_handles_size","src/isolate.rs","v8::HeapStatistics::used_global_handles_size","function","src/isolate.rs","2995","matched","isolate.go; isolate_advanced.go; controls_hooks.go; heap_snapshot.go","conformance/isolate-advanced/conformance_test.go; conformance/controls-hooks/conformance_test.go; conformance/heap-snapshot/conformance_test.go","Safe observable behavior is represented by the cited Go API and executable evidence."
"src/isolate.rs:3000:function:v8::HeapStatistics::used_heap_size","src/isolate.rs","v8::HeapStatistics::used_heap_size","function","src/isolate.rs","3000","matched","isolate.go; isolate_advanced.go; controls_hooks.go; heap_snapshot.go","conformance/isolate-advanced/conformance_test.go; conformance/controls-hooks/conformance_test.go; conformance/heap-snapshot/conformance_test.go","Safe observable behavior is represented by the cited Go API and executable evidence."
"src/isolate.rs:3005:function:v8::HeapStatistics::heap_size_limit","src/isolate.rs","v8::HeapStatistics::heap_size_limit","function","src/isolate.rs","3005","matched","isolate.go; isolate_advanced.go; controls_hooks.go; heap_snapshot.go","conformance/isolate-advanced/conformance_test.go; conformance/controls-hooks/conformance_test.go; conformance/heap-snapshot/conformance_test.go","Safe observable behavior is represented by the cited Go API and executable evidence."
"src/isolate.rs:3010:function:v8::HeapStatistics::malloced_memory","src/isolate.rs","v8::HeapStatistics::malloced_memory","function","src/isolate.rs","3010","matched","isolate.go; isolate_advanced.go; controls_hooks.go; heap_snapshot.go","conformance/isolate-advanced/conformance_test.go; conformance/controls-hooks/conformance_test.go; conformance/heap-snapshot/conformance_test.go","Safe observable behavior is represented by the cited Go API and executable evidence."
"src/isolate.rs:3015:function:v8::HeapStatistics::external_memory","src/isolate.rs","v8::HeapStatistics::external_memory","function","src/isolate.rs","3015","matched","isolate.go; isolate_advanced.go; controls_hooks.go; heap_snapshot.go","conformance/isolate-advanced/conformance_test.go; conformance/controls-hooks/conformance_test.go; conformance/heap-snapshot/conformance_test.go","Safe observable behavior is represented by the cited Go API and executable evidence."
"src/isolate.rs:3020:function:v8::HeapStatistics::peak_malloced_memory","src/isolate.rs","v8::HeapStatistics::peak_malloced_memory","function","src/isolate.rs","3020","matched","isolate.go; isolate_advanced.go; controls_hooks.go; heap_snapshot.go","conformance/isolate-advanced/conformance_test.go; conformance/controls-hooks/conformance_test.go; conformance/heap-snapshot/conformance_test.go","Safe observable behavior is represented by the cited Go API and executable evidence."
"src/isolate.rs:3025:function:v8::HeapStatistics::number_of_native_contexts","src/isolate.rs","v8::HeapStatistics::number_of_native_contexts","function","src/isolate.rs","3025","matched","isolate.go; isolate_advanced.go; controls_hooks.go; heap_snapshot.go","conformance/isolate-advanced/conformance_test.go; conformance/controls-hooks/conformance_test.go; conformance/heap-snapshot/conformance_test.go","Safe observable behavior is represented by the cited Go API and executable evidence."
"src/isolate.rs:3030:function:v8::HeapStatistics::number_of_detached_contexts","src/isolate.rs","v8::HeapStatistics::number_of_detached_contexts","function","src/isolate.rs","3030","matched","isolate.go; isolate_advanced.go; controls_hooks.go; heap_snapshot.go","conformance/isolate-advanced/conformance_test.go; conformance/controls-hooks/conformance_test.go; conformance/heap-snapshot/conformance_test.go","Safe observable behavior is represented by the cited Go API and executable evidence."
"src/isolate.rs:3038:function:v8::HeapStatistics::total_allocated_bytes","src/isolate.rs","v8::HeapStatistics::total_allocated_bytes","function","src/isolate.rs","3038","matched","isolate.go; isolate_advanced.go; controls_hooks.go; heap_snapshot.go","conformance/isolate-advanced/conformance_test.go; conformance/controls-hooks/conformance_test.go; conformance/heap-snapshot/conformance_test.go","Safe observable behavior is represented by the cited Go API and executable evidence."
"src/isolate.rs:3045:function:v8::HeapStatistics::does_zap_garbage","src/isolate.rs","v8::HeapStatistics::does_zap_garbage","function","src/isolate.rs","3045","matched","isolate.go; isolate_advanced.go; controls_hooks.go; heap_snapshot.go","conformance/isolate-advanced/conformance_test.go; conformance/controls-hooks/conformance_test.go; conformance/heap-snapshot/conformance_test.go","Safe observable behavior is represented by the cited Go API and executable evidence."
"src/isolate.rs:3050:struct:v8::isolate::HeapSpaceStatistics","src/isolate.rs","v8::isolate::HeapSpaceStatistics","struct","src/isolate.rs","3050","matched","isolate.go; isolate_advanced.go; controls_hooks.go; heap_snapshot.go","conformance/isolate-advanced/conformance_test.go; conformance/controls-hooks/conformance_test.go; conformance/heap-snapshot/conformance_test.go","Safe observable behavior is represented by the cited Go API and executable evidence."
"src/isolate.rs:3053:function:v8::HeapSpaceStatistics::space_name","src/isolate.rs","v8::HeapSpaceStatistics::space_name","function","src/isolate.rs","3053","matched","isolate.go; isolate_advanced.go; controls_hooks.go; heap_snapshot.go","conformance/isolate-advanced/conformance_test.go; conformance/controls-hooks/conformance_test.go; conformance/heap-snapshot/conformance_test.go","Safe observable behavior is represented by the cited Go API and executable evidence."
"src/isolate.rs:3057:function:v8::HeapSpaceStatistics::space_size","src/isolate.rs","v8::HeapSpaceStatistics::space_size","function","src/isolate.rs","3057","matched","isolate.go; isolate_advanced.go; controls_hooks.go; heap_snapshot.go","conformance/isolate-advanced/conformance_test.go; conformance/controls-hooks/conformance_test.go; conformance/heap-snapshot/conformance_test.go","Safe observable behavior is represented by the cited Go API and executable evidence."
"src/isolate.rs:3061:function:v8::HeapSpaceStatistics::space_used_size","src/isolate.rs","v8::HeapSpaceStatistics::space_used_size","function","src/isolate.rs","3061","matched","isolate.go; isolate_advanced.go; controls_hooks.go; heap_snapshot.go","conformance/isolate-advanced/conformance_test.go; conformance/controls-hooks/conformance_test.go; conformance/heap-snapshot/conformance_test.go","Safe observable behavior is represented by the cited Go API and executable evidence."
"src/isolate.rs:3065:function:v8::HeapSpaceStatistics::space_available_size","src/isolate.rs","v8::HeapSpaceStatistics::space_available_size","function","src/isolate.rs","3065","matched","isolate.go; isolate_advanced.go; controls_hooks.go; heap_snapshot.go","conformance/isolate-advanced/conformance_test.go; conformance/controls-hooks/conformance_test.go; conformance/heap-snapshot/conformance_test.go","Safe observable behavior is represented by the cited Go API and executable evidence."
"src/isolate.rs:3069:function:v8::HeapSpaceStatistics::physical_space_size","src/isolate.rs","v8::HeapSpaceStatistics::physical_space_size","function","src/isolate.rs","3069","matched","isolate.go; isolate_advanced.go; controls_hooks.go; heap_snapshot.go","conformance/isolate-advanced/conformance_test.go; conformance/controls-hooks/conformance_test.go; conformance/heap-snapshot/conformance_test.go","Safe observable behavior is represented by the cited Go API and executable evidence."
"src/isolate.rs:3074:struct:v8::isolate::HeapCodeStatistics","src/isolate.rs","v8::isolate::HeapCodeStatistics","struct","src/isolate.rs","3074","matched","isolate.go; isolate_advanced.go; controls_hooks.go; heap_snapshot.go","conformance/isolate-advanced/conformance_test.go; conformance/controls-hooks/conformance_test.go; conformance/heap-snapshot/conformance_test.go","Safe observable behavior is represented by the cited Go API and executable evidence."
"src/isolate.rs:3077:function:v8::HeapCodeStatistics::code_and_metadata_size","src/isolate.rs","v8::HeapCodeStatistics::code_and_metadata_size","function","src/isolate.rs","3077","matched","isolate.go; isolate_advanced.go; controls_hooks.go; heap_snapshot.go","conformance/isolate-advanced/conformance_test.go; conformance/controls-hooks/conformance_test.go; conformance/heap-snapshot/conformance_test.go","Safe observable behavior is represented by the cited Go API and executable evidence."
"src/isolate.rs:3081:function:v8::HeapCodeStatistics::bytecode_and_metadata_size","src/isolate.rs","v8::HeapCodeStatistics::bytecode_and_metadata_size","function","src/isolate.rs","3081","matched","isolate.go; isolate_advanced.go; controls_hooks.go; heap_snapshot.go","conformance/isolate-advanced/conformance_test.go; conformance/controls-hooks/conformance_test.go; conformance/heap-snapshot/conformance_test.go","Safe observable behavior is represented by the cited Go API and executable evidence."
"src/isolate.rs:3085:function:v8::HeapCodeStatistics::external_script_source_size","src/isolate.rs","v8::HeapCodeStatistics::external_script_source_size","function","src/isolate.rs","3085","matched","isolate.go; isolate_advanced.go; controls_hooks.go; heap_snapshot.go","conformance/isolate-advanced/conformance_test.go; conformance/controls-hooks/conformance_test.go; conformance/heap-snapshot/conformance_test.go","Safe observable behavior is represented by the cited Go API and executable evidence."
"src/isolate.rs:3089:function:v8::HeapCodeStatistics::cpu_profiler_metadata_size","src/isolate.rs","v8::HeapCodeStatistics::cpu_profiler_metadata_size","function","src/isolate.rs","3089","matched","isolate.go; isolate_advanced.go; controls_hooks.go; heap_snapshot.go","conformance/isolate-advanced/conformance_test.go; conformance/controls-hooks/conformance_test.go; conformance/heap-snapshot/conformance_test.go","Safe observable behavior is represented by the cited Go API and executable evidence."
"src/isolate_create_params.rs:28:struct:v8::isolate_create_params::CreateParams","src/isolate_create_params.rs","v8::isolate_create_params::CreateParams","struct","src/isolate_create_params.rs","28","matched","isolate.go; array_buffer_allocator.go; cppgc_heap_lifecycle.go; create_params_snapshot.go","conformance/array-buffer-allocator/conformance_test.go; conformance/create-params-snapshot/conformance_test.go; conformance/snapshot-resource-composition/conformance_test.go","Safe observable behavior is represented by the cited Go API and executable evidence."
"src/isolate_create_params.rs:36:function:v8::CreateParams::counter_lookup_callback","src/isolate_create_params.rs","v8::CreateParams::counter_lookup_callback","function","src/isolate_create_params.rs","36","matched","isolate.go; array_buffer_allocator.go; cppgc_heap_lifecycle.go; create_params_snapshot.go","conformance/array-buffer-allocator/conformance_test.go; conformance/create-params-snapshot/conformance_test.go; conformance/snapshot-resource-composition/conformance_test.go","Safe observable behavior is represented by the cited Go API and executable evidence."
"src/isolate_create_params.rs:45:function:v8::CreateParams::snapshot_blob","src/isolate_create_params.rs","v8::CreateParams::snapshot_blob","function","src/isolate_create_params.rs","45","matched","isolate.go; array_buffer_allocator.go; cppgc_heap_lifecycle.go; create_params_snapshot.go","conformance/array-buffer-allocator/conformance_test.go; conformance/create-params-snapshot/conformance_test.go; conformance/snapshot-resource-composition/conformance_test.go","Safe observable behavior is represented by the cited Go API and executable evidence."
"src/isolate_create_params.rs:58:function:v8::CreateParams::array_buffer_allocator","src/isolate_create_params.rs","v8::CreateParams::array_buffer_allocator","function","src/isolate_create_params.rs","58","matched","isolate.go; array_buffer_allocator.go; cppgc_heap_lifecycle.go; create_params_snapshot.go","conformance/array-buffer-allocator/conformance_test.go; conformance/create-params-snapshot/conformance_test.go; conformance/snapshot-resource-composition/conformance_test.go","Safe observable behavior is represented by the cited Go API and executable evidence."
"src/isolate_create_params.rs:69:function:v8::CreateParams::has_set_array_buffer_allocator","src/isolate_create_params.rs","v8::CreateParams::has_set_array_buffer_allocator","function","src/isolate_create_params.rs","69","matched","isolate.go; array_buffer_allocator.go; cppgc_heap_lifecycle.go; create_params_snapshot.go","conformance/array-buffer-allocator/conformance_test.go; conformance/create-params-snapshot/conformance_test.go; conformance/snapshot-resource-composition/conformance_test.go","Safe observable behavior is represented by the cited Go API and executable evidence."
"src/isolate_create_params.rs:77:function:v8::CreateParams::external_references","src/isolate_create_params.rs","v8::CreateParams::external_references","function","src/isolate_create_params.rs","77","matched","isolate.go; array_buffer_allocator.go; cppgc_heap_lifecycle.go; create_params_snapshot.go","conformance/array-buffer-allocator/conformance_test.go; conformance/create-params-snapshot/conformance_test.go; conformance/snapshot-resource-composition/conformance_test.go","Safe observable behavior is represented by the cited Go API and executable evidence."
"src/isolate_create_params.rs:111:function:v8::CreateParams::allow_atomics_wait","src/isolate_create_params.rs","v8::CreateParams::allow_atomics_wait","function","src/isolate_create_params.rs","111","matched","isolate.go; array_buffer_allocator.go; cppgc_heap_lifecycle.go; create_params_snapshot.go","conformance/array-buffer-allocator/conformance_test.go; conformance/create-params-snapshot/conformance_test.go; conformance/snapshot-resource-composition/conformance_test.go","Safe observable behavior is represented by the cited Go API and executable evidence."
"src/isolate_create_params.rs:137:function:v8::CreateParams::heap_limits","src/isolate_create_params.rs","v8::CreateParams::heap_limits","function","src/isolate_create_params.rs","137","matched","isolate.go; array_buffer_allocator.go; cppgc_heap_lifecycle.go; create_params_snapshot.go","conformance/array-buffer-allocator/conformance_test.go; conformance/create-params-snapshot/conformance_test.go; conformance/snapshot-resource-composition/conformance_test.go","Safe observable behavior is represented by the cited Go API and executable evidence."
"src/isolate_create_params.rs:164:function:v8::CreateParams::heap_limits_from_system_memory","src/isolate_create_params.rs","v8::CreateParams::heap_limits_from_system_memory","function","src/isolate_create_params.rs","164","matched","isolate.go; array_buffer_allocator.go; cppgc_heap_lifecycle.go; create_params_snapshot.go","conformance/array-buffer-allocator/conformance_test.go; conformance/create-params-snapshot/conformance_test.go; conformance/snapshot-resource-composition/conformance_test.go","Safe observable behavior is represented by the cited Go API and executable evidence."
"src/isolate_create_params.rs:177:function:v8::CreateParams::max_old_generation_size_in_bytes","src/isolate_create_params.rs","v8::CreateParams::max_old_generation_size_in_bytes","function","src/isolate_create_params.rs","177","matched","isolate.go; array_buffer_allocator.go; cppgc_heap_lifecycle.go; create_params_snapshot.go","conformance/array-buffer-allocator/conformance_test.go; conformance/create-params-snapshot/conformance_test.go; conformance/snapshot-resource-composition/conformance_test.go","Safe observable behavior is represented by the cited Go API and executable evidence."
"src/isolate_create_params.rs:184:function:v8::CreateParams::set_max_old_generation_size_in_bytes","src/isolate_create_params.rs","v8::CreateParams::set_max_old_generation_size_in_bytes","function","src/isolate_create_params.rs","184","matched","isolate.go; array_buffer_allocator.go; cppgc_heap_lifecycle.go; create_params_snapshot.go","conformance/array-buffer-allocator/conformance_test.go; conformance/create-params-snapshot/conformance_test.go; conformance/snapshot-resource-composition/conformance_test.go","Safe observable behavior is represented by the cited Go API and executable evidence."
"src/isolate_create_params.rs:193:function:v8::CreateParams::max_young_generation_size_in_bytes","src/isolate_create_params.rs","v8::CreateParams::max_young_generation_size_in_bytes","function","src/isolate_create_params.rs","193","matched","isolate.go; array_buffer_allocator.go; cppgc_heap_lifecycle.go; create_params_snapshot.go","conformance/array-buffer-allocator/conformance_test.go; conformance/create-params-snapshot/conformance_test.go; conformance/snapshot-resource-composition/conformance_test.go","Safe observable behavior is represented by the cited Go API and executable evidence."
"src/isolate_create_params.rs:200:function:v8::CreateParams::set_max_young_generation_size_in_bytes","src/isolate_create_params.rs","v8::CreateParams::set_max_young_generation_size_in_bytes","function","src/isolate_create_params.rs","200","matched","isolate.go; array_buffer_allocator.go; cppgc_heap_lifecycle.go; create_params_snapshot.go","conformance/array-buffer-allocator/conformance_test.go; conformance/create-params-snapshot/conformance_test.go; conformance/snapshot-resource-composition/conformance_test.go","Safe observable behavior is represented by the cited Go API and executable evidence."
"src/isolate_create_params.rs:212:function:v8::CreateParams::code_range_size_in_bytes","src/isolate_create_params.rs","v8::CreateParams::code_range_size_in_bytes","function","src/isolate_create_params.rs","212","matched","isolate.go; array_buffer_allocator.go; cppgc_heap_lifecycle.go; create_params_snapshot.go","conformance/array-buffer-allocator/conformance_test.go; conformance/create-params-snapshot/conformance_test.go; conformance/snapshot-resource-composition/conformance_test.go","Safe observable behavior is represented by the cited Go API and executable evidence."
"src/isolate_create_params.rs:219:function:v8::CreateParams::set_code_range_size_in_bytes","src/isolate_create_params.rs","v8::CreateParams::set_code_range_size_in_bytes","function","src/isolate_create_params.rs","219","matched","isolate.go; array_buffer_allocator.go; cppgc_heap_lifecycle.go; create_params_snapshot.go","conformance/array-buffer-allocator/conformance_test.go; conformance/create-params-snapshot/conformance_test.go; conformance/snapshot-resource-composition/conformance_test.go","Safe observable behavior is represented by the cited Go API and executable evidence."
"src/isolate_create_params.rs:226:function:v8::CreateParams::stack_limit","src/isolate_create_params.rs","v8::CreateParams::stack_limit","function","src/isolate_create_params.rs","226","unsafe","No raw Go equivalent, safe higher-level behavior is exposed where applicable.","API_AUDIT.md#classification-boundary","Raw native stack-pointer configuration"
"src/isolate_create_params.rs:236:function:v8::CreateParams::set_stack_limit","src/isolate_create_params.rs","v8::CreateParams::set_stack_limit","function","src/isolate_create_params.rs","236","unsafe","No raw Go equivalent, safe higher-level behavior is exposed where applicable.","API_AUDIT.md#classification-boundary","Raw native stack-pointer configuration"
"src/isolate_create_params.rs:242:function:v8::CreateParams::initial_old_generation_size_in_bytes","src/isolate_create_params.rs","v8::CreateParams::initial_old_generation_size_in_bytes","function","src/isolate_create_params.rs","242","matched","isolate.go; array_buffer_allocator.go; cppgc_heap_lifecycle.go; create_params_snapshot.go","conformance/array-buffer-allocator/conformance_test.go; conformance/create-params-snapshot/conformance_test.go; conformance/snapshot-resource-composition/conformance_test.go","Safe observable behavior is represented by the cited Go API and executable evidence."
"src/isolate_create_params.rs:249:function:v8::CreateParams::set_initial_old_generation_size_in_bytes","src/isolate_create_params.rs","v8::CreateParams::set_initial_old_generation_size_in_bytes","function","src/isolate_create_params.rs","249","matched","isolate.go; array_buffer_allocator.go; cppgc_heap_lifecycle.go; create_params_snapshot.go","conformance/array-buffer-allocator/conformance_test.go; conformance/create-params-snapshot/conformance_test.go; conformance/snapshot-resource-composition/conformance_test.go","Safe observable behavior is represented by the cited Go API and executable evidence."
"src/isolate_create_params.rs:261:function:v8::CreateParams::initial_young_generation_size_in_bytes","src/isolate_create_params.rs","v8::CreateParams::initial_young_generation_size_in_bytes","function","src/isolate_create_params.rs","261","matched","isolate.go; array_buffer_allocator.go; cppgc_heap_lifecycle.go; create_params_snapshot.go","conformance/array-buffer-allocator/conformance_test.go; conformance/create-params-snapshot/conformance_test.go; conformance/snapshot-resource-composition/conformance_test.go","Safe observable behavior is represented by the cited Go API and executable evidence."
"src/isolate_create_params.rs:269:function:v8::CreateParams::set_initial_young_generation_size_in_bytes","src/isolate_create_params.rs","v8::CreateParams::set_initial_young_generation_size_in_bytes","function","src/isolate_create_params.rs","269","matched","isolate.go; array_buffer_allocator.go; cppgc_heap_lifecycle.go; create_params_snapshot.go","conformance/array-buffer-allocator/conformance_test.go; conformance/create-params-snapshot/conformance_test.go; conformance/snapshot-resource-composition/conformance_test.go","Safe observable behavior is represented by the cited Go API and executable evidence."
"src/isolate_create_params.rs:282:function:v8::CreateParams::cpp_heap","src/isolate_create_params.rs","v8::CreateParams::cpp_heap","function","src/isolate_create_params.rs","282","matched","isolate.go; array_buffer_allocator.go; cppgc_heap_lifecycle.go; create_params_snapshot.go","conformance/array-buffer-allocator/conformance_test.go; conformance/create-params-snapshot/conformance_test.go; conformance/snapshot-resource-composition/conformance_test.go","Safe observable behavior is represented by the cited Go API and executable evidence."
"src/json.rs:2:module:v8::json","src/json.rs","v8::json","module","src/json.rs","2","matched","runtime_values.go","conformance/runtime-values/conformance_test.go","Safe observable behavior is represented by the cited Go API and executable evidence."
"src/json.rs:24:function:v8::json::parse","src/json.rs","v8::json::parse","function","src/json.rs","24","matched","runtime_values.go","conformance/runtime-values/conformance_test.go","Safe observable behavior is represented by the cited Go API and executable evidence."
"src/json.rs:37:function:v8::json::stringify","src/json.rs","v8::json::stringify","function","src/json.rs","37","matched","runtime_values.go","conformance/runtime-values/conformance_test.go","Safe observable behavior is represented by the cited Go API and executable evidence."
"src/lib.rs:3:module:v8","src/lib.rs","v8","module","src/lib.rs","3","matched","runtime_values.go; object_ops.go","conformance/runtime-values/conformance_test.go; object_ops_test.go","Safe observable behavior is represented by the cited Go API and executable evidence."
"src/lib.rs:208:constant:v8::MAJOR_VERSION","src/lib.rs","v8::MAJOR_VERSION","constant","src/lib.rs","208","matched","runtime_values.go; object_ops.go","conformance/runtime-values/conformance_test.go; object_ops_test.go","Safe observable behavior is represented by the cited Go API and executable evidence."
"src/lib.rs:210:constant:v8::MINOR_VERSION","src/lib.rs","v8::MINOR_VERSION","constant","src/lib.rs","210","matched","runtime_values.go; object_ops.go","conformance/runtime-values/conformance_test.go; object_ops_test.go","Safe observable behavior is represented by the cited Go API and executable evidence."
"src/lib.rs:212:constant:v8::BUILD_NUMBER","src/lib.rs","v8::BUILD_NUMBER","constant","src/lib.rs","212","matched","runtime_values.go; object_ops.go","conformance/runtime-values/conformance_test.go; object_ops_test.go","Safe observable behavior is represented by the cited Go API and executable evidence."
"src/lib.rs:214:constant:v8::PATCH_LEVEL","src/lib.rs","v8::PATCH_LEVEL","constant","src/lib.rs","214","matched","runtime_values.go; object_ops.go","conformance/runtime-values/conformance_test.go; object_ops_test.go","Safe observable behavior is represented by the cited Go API and executable evidence."
"src/lib.rs:216:constant:v8::VERSION_STRING","src/lib.rs","v8::VERSION_STRING","constant","src/lib.rs","216","matched","runtime_values.go; object_ops.go","conformance/runtime-values/conformance_test.go; object_ops_test.go","Safe observable behavior is represented by the cited Go API and executable evidence."
"src/lib.rs:226:constant:v8::TYPED_ARRAY_MAX_SIZE_IN_HEAP","src/lib.rs","v8::TYPED_ARRAY_MAX_SIZE_IN_HEAP","constant","src/lib.rs","226","matched","runtime_values.go; object_ops.go","conformance/runtime-values/conformance_test.go; object_ops_test.go","Safe observable behavior is represented by the cited Go API and executable evidence."
"src/locker.rs:123:struct:v8::locker::SharedIsolate","src/locker.rs","v8::locker::SharedIsolate","struct","src/locker.rs","123","matched","locker.go","lifecycle_affinity_test.go","Safe observable behavior is represented by the cited Go API and executable evidence."
"src/locker.rs:166:function:v8::SharedIsolate::lock","src/locker.rs","v8::SharedIsolate::lock","function","src/locker.rs","166","matched","locker.go","lifecycle_affinity_test.go","Safe observable behavior is represented by the cited Go API and executable evidence."
"src/locker.rs:176:function:v8::SharedIsolate::thread_safe_handle","src/locker.rs","v8::SharedIsolate::thread_safe_handle","function","src/locker.rs","176","matched","locker.go","lifecycle_affinity_test.go","Safe observable behavior is represented by the cited Go API and executable evidence."
"src/locker.rs:215:struct:v8::locker::Locker","src/locker.rs","v8::locker::Locker","struct","src/locker.rs","215","matched","locker.go","lifecycle_affinity_test.go","Safe observable behavior is represented by the cited Go API and executable evidence."
"src/locker.rs:278:function:v8::Locker::unlock","src/locker.rs","v8::Locker::unlock","function","src/locker.rs","278","matched","locker.go","lifecycle_affinity_test.go","Safe observable behavior is represented by the cited Go API and executable evidence."
"src/microtask.rs:55:struct:v8::microtask::MicrotaskQueue","src/microtask.rs","v8::microtask::MicrotaskQueue","struct","src/microtask.rs","55","matched","microtask.go; context_scopes_advanced.go","conformance/context-scopes-advanced/conformance_test.go","Safe observable behavior is represented by the cited Go API and executable evidence."
"src/microtask.rs:59:function:v8::MicrotaskQueue::new","src/microtask.rs","v8::MicrotaskQueue::new","function","src/microtask.rs","59","matched","microtask.go; context_scopes_advanced.go","conformance/context-scopes-advanced/conformance_test.go","Safe observable behavior is represented by the cited Go API and executable evidence."
"src/microtask.rs:68:function:v8::MicrotaskQueue::enqueue_microtask","src/microtask.rs","v8::MicrotaskQueue::enqueue_microtask","function","src/microtask.rs","68","matched","microtask.go; context_scopes_advanced.go","conformance/context-scopes-advanced/conformance_test.go","Safe observable behavior is represented by the cited Go API and executable evidence."
"src/microtask.rs:92:function:v8::MicrotaskQueue::perform_checkpoint","src/microtask.rs","v8::MicrotaskQueue::perform_checkpoint","function","src/microtask.rs","92","matched","microtask.go; context_scopes_advanced.go","conformance/context-scopes-advanced/conformance_test.go","Safe observable behavior is represented by the cited Go API and executable evidence."
"src/microtask.rs:99:function:v8::MicrotaskQueue::is_running_microtasks","src/microtask.rs","v8::MicrotaskQueue::is_running_microtasks","function","src/microtask.rs","99","matched","microtask.go; context_scopes_advanced.go","conformance/context-scopes-advanced/conformance_test.go","Safe observable behavior is represented by the cited Go API and executable evidence."
"src/microtask.rs:104:function:v8::MicrotaskQueue::get_microtasks_scope_depth","src/microtask.rs","v8::MicrotaskQueue::get_microtasks_scope_depth","function","src/microtask.rs","104","matched","microtask.go; context_scopes_advanced.go","conformance/context-scopes-advanced/conformance_test.go","Safe observable behavior is represented by the cited Go API and executable evidence."
"src/microtask.rs:119:struct:v8::microtask::MicrotaskQueueHandle","src/microtask.rs","v8::microtask::MicrotaskQueueHandle","struct","src/microtask.rs","119","matched","microtask.go; context_scopes_advanced.go","conformance/context-scopes-advanced/conformance_test.go","Safe observable behavior is represented by the cited Go API and executable evidence."
"src/module.rs:60:type_alias:v8::module::ResolveModuleCallback","src/module.rs","v8::module::ResolveModuleCallback","type_alias","src/module.rs","60","matched","module.go; module_advanced_residual.go; module_synthetic.go","conformance/modules/conformance_test.go; conformance/module-advanced-residual/conformance_test.go","Safe observable behavior is represented by the cited Go API and executable evidence."
"src/module.rs:118:type_alias:v8::module::SyntheticModuleEvaluationSteps","src/module.rs","v8::module::SyntheticModuleEvaluationSteps","type_alias","src/module.rs","118","matched","module.go; module_advanced_residual.go; module_synthetic.go","conformance/modules/conformance_test.go; conformance/module-advanced-residual/conformance_test.go","Safe observable behavior is represented by the cited Go API and executable evidence."
"src/module.rs:169:type_alias:v8::module::ResolveSourceCallback","src/module.rs","v8::module::ResolveSourceCallback","type_alias","src/module.rs","169","matched","module.go; module_advanced_residual.go; module_synthetic.go","conformance/modules/conformance_test.go; conformance/module-advanced-residual/conformance_test.go","Safe observable behavior is represented by the cited Go API and executable evidence."
"src/module.rs:284:struct:v8::module::StalledTopLevelAwaitMessage","src/module.rs","v8::module::StalledTopLevelAwaitMessage","struct","src/module.rs","284","matched","module.go; module_advanced_residual.go; module_synthetic.go","conformance/modules/conformance_test.go; conformance/module-advanced-residual/conformance_test.go","Safe observable behavior is represented by the cited Go API and executable evidence."
"src/module.rs:285:struct_field:v8::StalledTopLevelAwaitMessage::module","src/module.rs","v8::StalledTopLevelAwaitMessage::module","struct_field","src/module.rs","285","matched","module.go; module_advanced_residual.go; module_synthetic.go","conformance/modules/conformance_test.go; conformance/module-advanced-residual/conformance_test.go","Safe observable behavior is represented by the cited Go API and executable evidence."
"src/module.rs:286:struct_field:v8::StalledTopLevelAwaitMessage::message","src/module.rs","v8::StalledTopLevelAwaitMessage::message","struct_field","src/module.rs","286","matched","module.go; module_advanced_residual.go; module_synthetic.go","conformance/modules/conformance_test.go; conformance/module-advanced-residual/conformance_test.go","Safe observable behavior is represented by the cited Go API and executable evidence."
"src/module.rs:292:struct:v8::module::Location","src/module.rs","v8::module::Location","struct","src/module.rs","292","matched","module.go; module_advanced_residual.go; module_synthetic.go","conformance/modules/conformance_test.go; conformance/module-advanced-residual/conformance_test.go","Safe observable behavior is represented by the cited Go API and executable evidence."
"src/module.rs:295:function:v8::Location::get_line_number","src/module.rs","v8::Location::get_line_number","function","src/module.rs","295","matched","module.go; module_advanced_residual.go; module_synthetic.go","conformance/modules/conformance_test.go; conformance/module-advanced-residual/conformance_test.go","Safe observable behavior is represented by the cited Go API and executable evidence."
"src/module.rs:299:function:v8::Location::get_column_number","src/module.rs","v8::Location::get_column_number","function","src/module.rs","299","matched","module.go; module_advanced_residual.go; module_synthetic.go","conformance/modules/conformance_test.go; conformance/module-advanced-residual/conformance_test.go","Safe observable behavior is represented by the cited Go API and executable evidence."
"src/module.rs:311:enum:v8::module::ModuleStatus","src/module.rs","v8::module::ModuleStatus","enum","src/module.rs","311","matched","module.go; module_advanced_residual.go; module_synthetic.go","conformance/modules/conformance_test.go; conformance/module-advanced-residual/conformance_test.go","Safe observable behavior is represented by the cited Go API and executable evidence."
"src/module.rs:312:variant:v8::module::ModuleStatus::Uninstantiated","src/module.rs","v8::module::ModuleStatus::Uninstantiated","variant","src/module.rs","312","matched","module.go; module_advanced_residual.go; module_synthetic.go","conformance/modules/conformance_test.go; conformance/module-advanced-residual/conformance_test.go","Safe observable behavior is represented by the cited Go API and executable evidence."
"src/module.rs:313:variant:v8::module::ModuleStatus::Instantiating","src/module.rs","v8::module::ModuleStatus::Instantiating","variant","src/module.rs","313","matched","module.go; module_advanced_residual.go; module_synthetic.go","conformance/modules/conformance_test.go; conformance/module-advanced-residual/conformance_test.go","Safe observable behavior is represented by the cited Go API and executable evidence."
"src/module.rs:314:variant:v8::module::ModuleStatus::Instantiated","src/module.rs","v8::module::ModuleStatus::Instantiated","variant","src/module.rs","314","matched","module.go; module_advanced_residual.go; module_synthetic.go","conformance/modules/conformance_test.go; conformance/module-advanced-residual/conformance_test.go","Safe observable behavior is represented by the cited Go API and executable evidence."
"src/module.rs:315:variant:v8::module::ModuleStatus::Evaluating","src/module.rs","v8::module::ModuleStatus::Evaluating","variant","src/module.rs","315","matched","module.go; module_advanced_residual.go; module_synthetic.go","conformance/modules/conformance_test.go; conformance/module-advanced-residual/conformance_test.go","Safe observable behavior is represented by the cited Go API and executable evidence."
"src/module.rs:316:variant:v8::module::ModuleStatus::Evaluated","src/module.rs","v8::module::ModuleStatus::Evaluated","variant","src/module.rs","316","matched","module.go; module_advanced_residual.go; module_synthetic.go","conformance/modules/conformance_test.go; conformance/module-advanced-residual/conformance_test.go","Safe observable behavior is represented by the cited Go API and executable evidence."
"src/module.rs:317:variant:v8::module::ModuleStatus::Errored","src/module.rs","v8::module::ModuleStatus::Errored","variant","src/module.rs","317","matched","module.go; module_advanced_residual.go; module_synthetic.go","conformance/modules/conformance_test.go; conformance/module-advanced-residual/conformance_test.go","Safe observable behavior is represented by the cited Go API and executable evidence."
"src/module.rs:323:function:v8::Module::get_status","src/module.rs","v8::Module::get_status","function","src/module.rs","323","matched","module.go; module_advanced_residual.go; module_synthetic.go","conformance/modules/conformance_test.go; conformance/module-advanced-residual/conformance_test.go","Safe observable behavior is represented by the cited Go API and executable evidence."
"src/module.rs:329:function:v8::Module::get_exception","src/module.rs","v8::Module::get_exception","function","src/module.rs","329","matched","module.go; module_advanced_residual.go; module_synthetic.go","conformance/modules/conformance_test.go; conformance/module-advanced-residual/conformance_test.go","Safe observable behavior is represented by the cited Go API and executable evidence."
"src/module.rs:337:function:v8::Module::get_module_requests","src/module.rs","v8::Module::get_module_requests","function","src/module.rs","337","matched","module.go; module_advanced_residual.go; module_synthetic.go","conformance/modules/conformance_test.go; conformance/module-advanced-residual/conformance_test.go","Safe observable behavior is represented by the cited Go API and executable evidence."
"src/module.rs:344:function:v8::Module::source_offset_to_location","src/module.rs","v8::Module::source_offset_to_location","function","src/module.rs","344","matched","module.go; module_advanced_residual.go; module_synthetic.go","conformance/modules/conformance_test.go; conformance/module-advanced-residual/conformance_test.go","Safe observable behavior is represented by the cited Go API and executable evidence."
"src/module.rs:358:function:v8::Module::get_identity_hash","src/module.rs","v8::Module::get_identity_hash","function","src/module.rs","358","matched","module.go; module_advanced_residual.go; module_synthetic.go","conformance/modules/conformance_test.go; conformance/module-advanced-residual/conformance_test.go","Safe observable behavior is represented by the cited Go API and executable evidence."
"src/module.rs:366:function:v8::Module::script_id","src/module.rs","v8::Module::script_id","function","src/module.rs","366","matched","module.go; module_advanced_residual.go; module_synthetic.go","conformance/modules/conformance_test.go; conformance/module-advanced-residual/conformance_test.go","Safe observable behavior is represented by the cited Go API and executable evidence."
"src/module.rs:380:function:v8::Module::get_module_namespace","src/module.rs","v8::Module::get_module_namespace","function","src/module.rs","380","matched","module.go; module_advanced_residual.go; module_synthetic.go","conformance/modules/conformance_test.go; conformance/module-advanced-residual/conformance_test.go","Safe observable behavior is represented by the cited Go API and executable evidence."
"src/module.rs:393:function:v8::Module::get_module_namespace_with_phase","src/module.rs","v8::Module::get_module_namespace_with_phase","function","src/module.rs","393","matched","module.go; module_advanced_residual.go; module_synthetic.go","conformance/modules/conformance_test.go; conformance/module-advanced-residual/conformance_test.go","Safe observable behavior is represented by the cited Go API and executable evidence."
"src/module.rs:412:function:v8::Module::evaluate_for_import_defer","src/module.rs","v8::Module::evaluate_for_import_defer","function","src/module.rs","412","matched","module.go; module_advanced_residual.go; module_synthetic.go","conformance/modules/conformance_test.go; conformance/module-advanced-residual/conformance_test.go","Safe observable behavior is represented by the cited Go API and executable evidence."
"src/module.rs:431:function:v8::Module::instantiate_module","src/module.rs","v8::Module::instantiate_module","function","src/module.rs","431","matched","module.go; module_advanced_residual.go; module_synthetic.go","conformance/modules/conformance_test.go; conformance/module-advanced-residual/conformance_test.go","Safe observable behavior is represented by the cited Go API and executable evidence."
"src/module.rs:454:function:v8::Module::instantiate_module2","src/module.rs","v8::Module::instantiate_module2","function","src/module.rs","454","matched","module.go; module_advanced_residual.go; module_synthetic.go","conformance/modules/conformance_test.go; conformance/module-advanced-residual/conformance_test.go","Safe observable behavior is represented by the cited Go API and executable evidence."
"src/module.rs:479:function:v8::Module::evaluate","src/module.rs","v8::Module::evaluate","function","src/module.rs","479","matched","module.go; module_advanced_residual.go; module_synthetic.go","conformance/modules/conformance_test.go; conformance/module-advanced-residual/conformance_test.go","Safe observable behavior is represented by the cited Go API and executable evidence."
"src/module.rs:494:function:v8::Module::is_graph_async","src/module.rs","v8::Module::is_graph_async","function","src/module.rs","494","matched","module.go; module_advanced_residual.go; module_synthetic.go","conformance/modules/conformance_test.go; conformance/module-advanced-residual/conformance_test.go","Safe observable behavior is represented by the cited Go API and executable evidence."
"src/module.rs:506:function:v8::Module::has_top_level_await","src/module.rs","v8::Module::has_top_level_await","function","src/module.rs","506","matched","module.go; module_advanced_residual.go; module_synthetic.go","conformance/modules/conformance_test.go; conformance/module-advanced-residual/conformance_test.go","Safe observable behavior is represented by the cited Go API and executable evidence."
"src/module.rs:512:function:v8::Module::is_source_text_module","src/module.rs","v8::Module::is_source_text_module","function","src/module.rs","512","matched","module.go; module_advanced_residual.go; module_synthetic.go","conformance/modules/conformance_test.go; conformance/module-advanced-residual/conformance_test.go","Safe observable behavior is represented by the cited Go API and executable evidence."
"src/module.rs:518:function:v8::Module::is_synthetic_module","src/module.rs","v8::Module::is_synthetic_module","function","src/module.rs","518","matched","module.go; module_advanced_residual.go; module_synthetic.go","conformance/modules/conformance_test.go; conformance/module-advanced-residual/conformance_test.go","Safe observable behavior is represented by the cited Go API and executable evidence."
"src/module.rs:528:function:v8::Module::create_synthetic_module","src/module.rs","v8::Module::create_synthetic_module","function","src/module.rs","528","matched","module.go; module_advanced_residual.go; module_synthetic.go","conformance/modules/conformance_test.go; conformance/module-advanced-residual/conformance_test.go","Safe observable behavior is represented by the cited Go API and executable evidence."
"src/module.rs:559:function:v8::Module::set_synthetic_module_export","src/module.rs","v8::Module::set_synthetic_module_export","function","src/module.rs","559","matched","module.go; module_advanced_residual.go; module_synthetic.go","conformance/modules/conformance_test.go; conformance/module-advanced-residual/conformance_test.go","Safe observable behavior is represented by the cited Go API and executable evidence."
"src/module.rs:577:function:v8::Module::get_unbound_module_script","src/module.rs","v8::Module::get_unbound_module_script","function","src/module.rs","577","matched","module.go; module_advanced_residual.go; module_synthetic.go","conformance/modules/conformance_test.go; conformance/module-advanced-residual/conformance_test.go","Safe observable behavior is represented by the cited Go API and executable evidence."
"src/module.rs:593:function:v8::Module::get_stalled_top_level_await_message","src/module.rs","v8::Module::get_stalled_top_level_await_message","function","src/module.rs","593","matched","module.go; module_advanced_residual.go; module_synthetic.go","conformance/modules/conformance_test.go; conformance/module-advanced-residual/conformance_test.go","Safe observable behavior is represented by the cited Go API and executable evidence."
"src/module.rs:630:function:v8::ModuleRequest::get_specifier","src/module.rs","v8::ModuleRequest::get_specifier","function","src/module.rs","630","matched","module.go; module_advanced_residual.go; module_synthetic.go","conformance/modules/conformance_test.go; conformance/module-advanced-residual/conformance_test.go","Safe observable behavior is represented by the cited Go API and executable evidence."
"src/module.rs:636:function:v8::ModuleRequest::get_phase","src/module.rs","v8::ModuleRequest::get_phase","function","src/module.rs","636","matched","module.go; module_advanced_residual.go; module_synthetic.go","conformance/modules/conformance_test.go; conformance/module-advanced-residual/conformance_test.go","Safe observable behavior is represented by the cited Go API and executable evidence."
"src/module.rs:642:function:v8::ModuleRequest::get_source_offset","src/module.rs","v8::ModuleRequest::get_source_offset","function","src/module.rs","642","matched","module.go; module_advanced_residual.go; module_synthetic.go","conformance/modules/conformance_test.go; conformance/module-advanced-residual/conformance_test.go","Safe observable behavior is represented by the cited Go API and executable evidence."
"src/module.rs:659:function:v8::ModuleRequest::get_import_attributes","src/module.rs","v8::ModuleRequest::get_import_attributes","function","src/module.rs","659","matched","module.go; module_advanced_residual.go; module_synthetic.go","conformance/modules/conformance_test.go; conformance/module-advanced-residual/conformance_test.go","Safe observable behavior is represented by the cited Go API and executable evidence."
"src/name.rs:19:function:v8::Name::get_identity_hash","src/name.rs","v8::Name::get_identity_hash","function","src/name.rs","19","matched","runtime_values.go; object_ops.go","conformance/runtime-values/conformance_test.go; object_ops_test.go","Safe observable behavior is represented by the cited Go API and executable evidence."
"src/number.rs:27:function:v8::Number::new","src/number.rs","v8::Number::new","function","src/number.rs","27","matched","runtime_values.go; value.go","conformance/runtime-values/conformance_test.go","Safe observable behavior is represented by the cited Go API and executable evidence."
"src/number.rs:38:function:v8::Number::value","src/number.rs","v8::Number::value","function","src/number.rs","38","matched","runtime_values.go; value.go","conformance/runtime-values/conformance_test.go","Safe observable behavior is represented by the cited Go API and executable evidence."
"src/number.rs:45:function:v8::Integer::new","src/number.rs","v8::Integer::new","function","src/number.rs","45","matched","runtime_values.go; value.go","conformance/runtime-values/conformance_test.go","Safe observable behavior is represented by the cited Go API and executable evidence."
"src/number.rs:56:function:v8::Integer::new_from_unsigned","src/number.rs","v8::Integer::new_from_unsigned","function","src/number.rs","56","matched","runtime_values.go; value.go","conformance/runtime-values/conformance_test.go","Safe observable behavior is represented by the cited Go API and executable evidence."
"src/number.rs:69:function:v8::Integer::value","src/number.rs","v8::Integer::value","function","src/number.rs","69","matched","runtime_values.go; value.go","conformance/runtime-values/conformance_test.go","Safe observable behavior is represented by the cited Go API and executable evidence."
"src/number.rs:94:function:v8::Uint32::value","src/number.rs","v8::Uint32::value","function","src/number.rs","94","matched","runtime_values.go; value.go","conformance/runtime-values/conformance_test.go","Safe observable behavior is represented by the cited Go API and executable evidence."
"src/number.rs:101:function:v8::Int32::value","src/number.rs","v8::Int32::value","function","src/number.rs","101","matched","runtime_values.go; value.go","conformance/runtime-values/conformance_test.go","Safe observable behavior is represented by the cited Go API and executable evidence."
"src/object.rs:335:function:v8::Object::new","src/object.rs","v8::Object::new","function","src/object.rs","335","matched","object_ops.go; object_residual.go; runtime_values.go","conformance/object-ops/runner_test.go; conformance/object-residual/conformance_test.go","Safe observable behavior is represented by the cited Go API and executable evidence."
"src/object.rs:346:function:v8::Object::with_prototype_and_properties","src/object.rs","v8::Object::with_prototype_and_properties","function","src/object.rs","346","matched","object_ops.go; object_residual.go; runtime_values.go","conformance/object-ops/runner_test.go; conformance/object-residual/conformance_test.go","Safe observable behavior is represented by the cited Go API and executable evidence."
"src/object.rs:372:function:v8::Object::set","src/object.rs","v8::Object::set","function","src/object.rs","372","matched","object_ops.go; object_residual.go; runtime_values.go","conformance/object-ops/runner_test.go; conformance/object-residual/conformance_test.go","Safe observable behavior is represented by the cited Go API and executable evidence."
"src/object.rs:387:function:v8::Object::set_with_receiver","src/object.rs","v8::Object::set_with_receiver","function","src/object.rs","387","matched","object_ops.go; object_residual.go; runtime_values.go","conformance/object-ops/runner_test.go; conformance/object-residual/conformance_test.go","Safe observable behavior is represented by the cited Go API and executable evidence."
"src/object.rs:409:function:v8::Object::set_index","src/object.rs","v8::Object::set_index","function","src/object.rs","409","matched","object_ops.go; object_residual.go; runtime_values.go","conformance/object-ops/runner_test.go; conformance/object-residual/conformance_test.go","Safe observable behavior is represented by the cited Go API and executable evidence."
"src/object.rs:424:function:v8::Object::set_prototype","src/object.rs","v8::Object::set_prototype","function","src/object.rs","424","matched","object_ops.go; object_residual.go; runtime_values.go","conformance/object-ops/runner_test.go; conformance/object-residual/conformance_test.go","Safe observable behavior is represented by the cited Go API and executable evidence."
"src/object.rs:437:function:v8::Object::get_constructor_name","src/object.rs","v8::Object::get_constructor_name","function","src/object.rs","437","matched","object_ops.go; object_residual.go; runtime_values.go","conformance/object-ops/runner_test.go; conformance/object-residual/conformance_test.go","Safe observable behavior is represented by the cited Go API and executable evidence."
"src/object.rs:449:function:v8::Object::create_data_property","src/object.rs","v8::Object::create_data_property","function","src/object.rs","449","matched","object_ops.go; object_residual.go; runtime_values.go","conformance/object-ops/runner_test.go; conformance/object-residual/conformance_test.go","Safe observable behavior is represented by the cited Go API and executable evidence."
"src/object.rs:473:function:v8::Object::define_own_property","src/object.rs","v8::Object::define_own_property","function","src/object.rs","473","matched","object_ops.go; object_residual.go; runtime_values.go","conformance/object-ops/runner_test.go; conformance/object-residual/conformance_test.go","Safe observable behavior is represented by the cited Go API and executable evidence."
"src/object.rs:493:function:v8::Object::define_property","src/object.rs","v8::Object::define_property","function","src/object.rs","493","matched","object_ops.go; object_residual.go; runtime_values.go","conformance/object-ops/runner_test.go; conformance/object-residual/conformance_test.go","Safe observable behavior is represented by the cited Go API and executable evidence."
"src/object.rs:511:function:v8::Object::get","src/object.rs","v8::Object::get","function","src/object.rs","511","matched","object_ops.go; object_residual.go; runtime_values.go","conformance/object-ops/runner_test.go; conformance/object-residual/conformance_test.go","Safe observable behavior is represented by the cited Go API and executable evidence."
"src/object.rs:523:function:v8::Object::get_with_receiver","src/object.rs","v8::Object::get_with_receiver","function","src/object.rs","523","matched","object_ops.go; object_residual.go; runtime_values.go","conformance/object-ops/runner_test.go; conformance/object-residual/conformance_test.go","Safe observable behavior is represented by the cited Go API and executable evidence."
"src/object.rs:542:function:v8::Object::get_index","src/object.rs","v8::Object::get_index","function","src/object.rs","542","matched","object_ops.go; object_residual.go; runtime_values.go","conformance/object-ops/runner_test.go; conformance/object-residual/conformance_test.go","Safe observable behavior is represented by the cited Go API and executable evidence."
"src/object.rs:557:function:v8::Object::get_prototype","src/object.rs","v8::Object::get_prototype","function","src/object.rs","557","matched","object_ops.go; object_residual.go; runtime_values.go","conformance/object-ops/runner_test.go; conformance/object-residual/conformance_test.go","Safe observable behavior is represented by the cited Go API and executable evidence."
"src/object.rs:566:function:v8::Object::set_accessor","src/object.rs","v8::Object::set_accessor","function","src/object.rs","566","matched","object_ops.go; object_residual.go; runtime_values.go","conformance/object-ops/runner_test.go; conformance/object-residual/conformance_test.go","Safe observable behavior is represented by the cited Go API and executable evidence."
"src/object.rs:580:function:v8::Object::set_accessor_with_setter","src/object.rs","v8::Object::set_accessor_with_setter","function","src/object.rs","580","matched","object_ops.go; object_residual.go; runtime_values.go","conformance/object-ops/runner_test.go; conformance/object-residual/conformance_test.go","Safe observable behavior is represented by the cited Go API and executable evidence."
"src/object.rs:594:function:v8::Object::set_accessor_with_configuration","src/object.rs","v8::Object::set_accessor_with_configuration","function","src/object.rs","594","matched","object_ops.go; object_residual.go; runtime_values.go","conformance/object-ops/runner_test.go; conformance/object-residual/conformance_test.go","Safe observable behavior is represented by the cited Go API and executable evidence."
"src/object.rs:618:function:v8::Object::set_lazy_data_property","src/object.rs","v8::Object::set_lazy_data_property","function","src/object.rs","618","matched","object_ops.go; object_residual.go; runtime_values.go","conformance/object-ops/runner_test.go; conformance/object-residual/conformance_test.go","Safe observable behavior is represented by the cited Go API and executable evidence."
"src/object.rs:643:function:v8::Object::set_lazy_data_property_with_data","src/object.rs","v8::Object::set_lazy_data_property_with_data","function","src/object.rs","643","matched","object_ops.go; object_residual.go; runtime_values.go","conformance/object-ops/runner_test.go; conformance/object-residual/conformance_test.go","Safe observable behavior is represented by the cited Go API and executable evidence."
"src/object.rs:674:function:v8::Object::get_identity_hash","src/object.rs","v8::Object::get_identity_hash","function","src/object.rs","674","matched","object_ops.go; object_residual.go; runtime_values.go","conformance/object-ops/runner_test.go; conformance/object-residual/conformance_test.go","Safe observable behavior is represented by the cited Go API and executable evidence."
"src/object.rs:680:function:v8::Object::get_creation_context","src/object.rs","v8::Object::get_creation_context","function","src/object.rs","680","matched","object_ops.go; core_advanced.go","object_creation_context_test.go; conformance/object-ops/runner_test.go","Object.CreationContext returns an optional scope-local ContextRef with identity, global access, entry, lifetime, and thread-affinity coverage."
"src/object.rs:691:function:v8::Object::get_own_property_names","src/object.rs","v8::Object::get_own_property_names","function","src/object.rs","691","matched","object_ops.go; object_residual.go; runtime_values.go","conformance/object-ops/runner_test.go; conformance/object-residual/conformance_test.go","Safe observable behavior is represented by the cited Go API and executable evidence."
"src/object.rs:713:function:v8::Object::get_property_names","src/object.rs","v8::Object::get_property_names","function","src/object.rs","713","matched","object_ops.go; object_residual.go; runtime_values.go","conformance/object-ops/runner_test.go; conformance/object-residual/conformance_test.go","Safe observable behavior is represented by the cited Go API and executable evidence."
"src/object.rs:743:function:v8::Object::has","src/object.rs","v8::Object::has","function","src/object.rs","743","matched","object_ops.go; object_residual.go; runtime_values.go","conformance/object-ops/runner_test.go; conformance/object-residual/conformance_test.go","Safe observable behavior is represented by the cited Go API and executable evidence."
"src/object.rs:753:function:v8::Object::has_index","src/object.rs","v8::Object::has_index","function","src/object.rs","753","matched","object_ops.go; object_residual.go; runtime_values.go","conformance/object-ops/runner_test.go; conformance/object-residual/conformance_test.go","Safe observable behavior is represented by the cited Go API and executable evidence."
"src/object.rs:764:function:v8::Object::has_own_property","src/object.rs","v8::Object::has_own_property","function","src/object.rs","764","matched","object_ops.go; object_residual.go; runtime_values.go","conformance/object-ops/runner_test.go; conformance/object-residual/conformance_test.go","Safe observable behavior is represented by the cited Go API and executable evidence."
"src/object.rs:776:function:v8::Object::delete","src/object.rs","v8::Object::delete","function","src/object.rs","776","matched","object_ops.go; object_residual.go; runtime_values.go","conformance/object-ops/runner_test.go; conformance/object-residual/conformance_test.go","Safe observable behavior is represented by the cited Go API and executable evidence."
"src/object.rs:786:function:v8::Object::delete_index","src/object.rs","v8::Object::delete_index","function","src/object.rs","786","matched","object_ops.go; object_residual.go; runtime_values.go","conformance/object-ops/runner_test.go; conformance/object-residual/conformance_test.go","Safe observable behavior is represented by the cited Go API and executable evidence."
"src/object.rs:799:function:v8::Object::internal_field_count","src/object.rs","v8::Object::internal_field_count","function","src/object.rs","799","matched","object_ops.go; object_residual.go; runtime_values.go","conformance/object-ops/runner_test.go; conformance/object-residual/conformance_test.go","Safe observable behavior is represented by the cited Go API and executable evidence."
"src/object.rs:806:function:v8::Object::get_internal_field","src/object.rs","v8::Object::get_internal_field","function","src/object.rs","806","matched","object_ops.go; object_residual.go; runtime_values.go","conformance/object-ops/runner_test.go; conformance/object-residual/conformance_test.go","Safe observable behavior is represented by the cited Go API and executable evidence."
"src/object.rs:830:function:v8::Object::get_aligned_pointer_from_internal_field","src/object.rs","v8::Object::get_aligned_pointer_from_internal_field","function","src/object.rs","830","matched","object_ops.go; object_residual.go; runtime_values.go","conformance/object-ops/runner_test.go; conformance/object-residual/conformance_test.go","Safe observable behavior is represented by the cited Go API and executable evidence."
"src/object.rs:842:function:v8::Object::set_aligned_pointer_in_internal_field","src/object.rs","v8::Object::set_aligned_pointer_in_internal_field","function","src/object.rs","842","matched","object_ops.go; object_residual.go; runtime_values.go","conformance/object-ops/runner_test.go; conformance/object-residual/conformance_test.go","Safe observable behavior is represented by the cited Go API and executable evidence."
"src/object.rs:859:function:v8::Object::wrap","src/object.rs","v8::Object::wrap","function","src/object.rs","859","matched","object_ops.go; object_residual.go; runtime_values.go","conformance/object-ops/runner_test.go; conformance/object-residual/conformance_test.go","Safe observable behavior is represented by the cited Go API and executable evidence."
"src/object.rs:878:function:v8::Object::unwrap","src/object.rs","v8::Object::unwrap","function","src/object.rs","878","matched","object_ops.go; object_residual.go; runtime_values.go","conformance/object-ops/runner_test.go; conformance/object-residual/conformance_test.go","Safe observable behavior is represented by the cited Go API and executable evidence."
"src/object.rs:900:function:v8::Object::is_api_wrapper","src/object.rs","v8::Object::is_api_wrapper","function","src/object.rs","900","matched","object_ops.go; object_residual.go; runtime_values.go","conformance/object-ops/runner_test.go; conformance/object-residual/conformance_test.go","Safe observable behavior is represented by the cited Go API and executable evidence."
"src/object.rs:906:function:v8::Object::set_integrity_level","src/object.rs","v8::Object::set_integrity_level","function","src/object.rs","906","matched","object_ops.go; object_residual.go; runtime_values.go","conformance/object-ops/runner_test.go; conformance/object-residual/conformance_test.go","Safe observable behavior is represented by the cited Go API and executable evidence."
"src/object.rs:920:function:v8::Object::set_internal_field","src/object.rs","v8::Object::set_internal_field","function","src/object.rs","920","matched","object_ops.go; object_residual.go; runtime_values.go","conformance/object-ops/runner_test.go; conformance/object-residual/conformance_test.go","Safe observable behavior is represented by the cited Go API and executable evidence."
"src/object.rs:939:function:v8::Object::get_private","src/object.rs","v8::Object::get_private","function","src/object.rs","939","matched","object_ops.go; object_residual.go; runtime_values.go","conformance/object-ops/runner_test.go; conformance/object-residual/conformance_test.go","Safe observable behavior is represented by the cited Go API and executable evidence."
"src/object.rs:956:function:v8::Object::set_private","src/object.rs","v8::Object::set_private","function","src/object.rs","956","matched","object_ops.go; object_residual.go; runtime_values.go","conformance/object-ops/runner_test.go; conformance/object-residual/conformance_test.go","Safe observable behavior is represented by the cited Go API and executable evidence."
"src/object.rs:978:function:v8::Object::delete_private","src/object.rs","v8::Object::delete_private","function","src/object.rs","978","matched","object_ops.go; object_residual.go; runtime_values.go","conformance/object-ops/runner_test.go; conformance/object-residual/conformance_test.go","Safe observable behavior is represented by the cited Go API and executable evidence."
"src/object.rs:994:function:v8::Object::has_private","src/object.rs","v8::Object::has_private","function","src/object.rs","994","matched","object_ops.go; object_residual.go; runtime_values.go","conformance/object-ops/runner_test.go; conformance/object-residual/conformance_test.go","Safe observable behavior is represented by the cited Go API and executable evidence."
"src/object.rs:1010:function:v8::Object::get_property_attributes","src/object.rs","v8::Object::get_property_attributes","function","src/object.rs","1010","matched","object_ops.go; object_residual.go; runtime_values.go","conformance/object-ops/runner_test.go; conformance/object-residual/conformance_test.go","Safe observable behavior is represented by the cited Go API and executable evidence."
"src/object.rs:1030:function:v8::Object::get_own_property_descriptor","src/object.rs","v8::Object::get_own_property_descriptor","function","src/object.rs","1030","matched","object_ops.go; object_residual.go; runtime_values.go","conformance/object-ops/runner_test.go; conformance/object-residual/conformance_test.go","Safe observable behavior is represented by the cited Go API and executable evidence."
"src/object.rs:1054:function:v8::Object::preview_entries","src/object.rs","v8::Object::preview_entries","function","src/object.rs","1054","matched","object_ops.go; object_residual.go; runtime_values.go","conformance/object-ops/runner_test.go; conformance/object-residual/conformance_test.go","Safe observable behavior is represented by the cited Go API and executable evidence."
"src/object.rs:1073:function:v8::Object::get_real_named_property","src/object.rs","v8::Object::get_real_named_property","function","src/object.rs","1073","matched","object_ops.go; object_residual.go; runtime_values.go","conformance/object-ops/runner_test.go; conformance/object-residual/conformance_test.go","Safe observable behavior is represented by the cited Go API and executable evidence."
"src/object.rs:1086:function:v8::Object::has_real_named_property","src/object.rs","v8::Object::has_real_named_property","function","src/object.rs","1086","matched","object_ops.go; object_residual.go; runtime_values.go","conformance/object-ops/runner_test.go; conformance/object-residual/conformance_test.go","Safe observable behavior is represented by the cited Go API and executable evidence."
"src/object.rs:1105:function:v8::Object::get_real_named_property_attributes","src/object.rs","v8::Object::get_real_named_property_attributes","function","src/object.rs","1105","matched","object_ops.go; object_residual.go; runtime_values.go","conformance/object-ops/runner_test.go; conformance/object-residual/conformance_test.go","Safe observable behavior is represented by the cited Go API and executable evidence."
"src/object.rs:1131:function:v8::Object::is_callable","src/object.rs","v8::Object::is_callable","function","src/object.rs","1131","matched","object_ops.go; object_residual.go; runtime_values.go","conformance/object-ops/runner_test.go; conformance/object-residual/conformance_test.go","Safe observable behavior is represented by the cited Go API and executable evidence."
"src/object.rs:1139:function:v8::Object::is_constructor","src/object.rs","v8::Object::is_constructor","function","src/object.rs","1139","matched","object_ops.go; object_residual.go; runtime_values.go","conformance/object-ops/runner_test.go; conformance/object-residual/conformance_test.go","Safe observable behavior is represented by the cited Go API and executable evidence."
"src/object.rs:1148:function:v8::Object::call_as_function","src/object.rs","v8::Object::call_as_function","function","src/object.rs","1148","matched","object_ops.go; object_residual.go; runtime_values.go","conformance/object-ops/runner_test.go; conformance/object-residual/conformance_test.go","Safe observable behavior is represented by the cited Go API and executable evidence."
"src/object.rs:1174:function:v8::Object::call_as_function_with_context","src/object.rs","v8::Object::call_as_function_with_context","function","src/object.rs","1174","matched","object_ops.go; object_residual.go; runtime_values.go","conformance/object-ops/runner_test.go; conformance/object-residual/conformance_test.go","Safe observable behavior is represented by the cited Go API and executable evidence."
"src/object.rs:1206:function:v8::Object::call_as_constructor","src/object.rs","v8::Object::call_as_constructor","function","src/object.rs","1206","matched","object_ops.go; object_residual.go; runtime_values.go","conformance/object-ops/runner_test.go; conformance/object-residual/conformance_test.go","Safe observable behavior is represented by the cited Go API and executable evidence."
"src/object.rs:1230:function:v8::Object::call_as_constructor_with_context","src/object.rs","v8::Object::call_as_constructor_with_context","function","src/object.rs","1230","matched","object_ops.go; object_residual.go; runtime_values.go","conformance/object-ops/runner_test.go; conformance/object-residual/conformance_test.go","Safe observable behavior is represented by the cited Go API and executable evidence."
"src/object.rs:1259:enum:v8::object::IntegrityLevel","src/object.rs","v8::object::IntegrityLevel","enum","src/object.rs","1259","matched","object_ops.go; object_residual.go; runtime_values.go","conformance/object-ops/runner_test.go; conformance/object-residual/conformance_test.go","Safe observable behavior is represented by the cited Go API and executable evidence."
"src/object.rs:1262:variant:v8::object::IntegrityLevel::Frozen","src/object.rs","v8::object::IntegrityLevel::Frozen","variant","src/object.rs","1262","matched","object_ops.go; object_residual.go; runtime_values.go","conformance/object-ops/runner_test.go; conformance/object-residual/conformance_test.go","Safe observable behavior is represented by the cited Go API and executable evidence."
"src/object.rs:1266:variant:v8::object::IntegrityLevel::Sealed","src/object.rs","v8::object::IntegrityLevel::Sealed","variant","src/object.rs","1266","matched","object_ops.go; object_residual.go; runtime_values.go","conformance/object-ops/runner_test.go; conformance/object-residual/conformance_test.go","Safe observable behavior is represented by the cited Go API and executable evidence."
"src/object.rs:1273:function:v8::Array::new","src/object.rs","v8::Array::new","function","src/object.rs","1273","matched","object_ops.go; object_residual.go; runtime_values.go","conformance/object-ops/runner_test.go; conformance/object-residual/conformance_test.go","Safe observable behavior is represented by the cited Go API and executable evidence."
"src/object.rs:1283:function:v8::Array::new_with_elements","src/object.rs","v8::Array::new_with_elements","function","src/object.rs","1283","matched","object_ops.go; object_residual.go; runtime_values.go","conformance/object-ops/runner_test.go; conformance/object-residual/conformance_test.go","Safe observable behavior is represented by the cited Go API and executable evidence."
"src/object.rs:1304:function:v8::Array::length","src/object.rs","v8::Array::length","function","src/object.rs","1304","matched","object_ops.go; object_residual.go; runtime_values.go","conformance/object-ops/runner_test.go; conformance/object-residual/conformance_test.go","Safe observable behavior is represented by the cited Go API and executable evidence."
"src/object.rs:1311:function:v8::Map::new","src/object.rs","v8::Map::new","function","src/object.rs","1311","matched","object_ops.go; object_residual.go; runtime_values.go","conformance/object-ops/runner_test.go; conformance/object-residual/conformance_test.go","Safe observable behavior is represented by the cited Go API and executable evidence."
"src/object.rs:1317:function:v8::Map::size","src/object.rs","v8::Map::size","function","src/object.rs","1317","matched","object_ops.go; object_residual.go; runtime_values.go","conformance/object-ops/runner_test.go; conformance/object-residual/conformance_test.go","Safe observable behavior is represented by the cited Go API and executable evidence."
"src/object.rs:1322:function:v8::Map::clear","src/object.rs","v8::Map::clear","function","src/object.rs","1322","matched","object_ops.go; object_residual.go; runtime_values.go","conformance/object-ops/runner_test.go; conformance/object-residual/conformance_test.go","Safe observable behavior is represented by the cited Go API and executable evidence."
"src/object.rs:1327:function:v8::Map::get","src/object.rs","v8::Map::get","function","src/object.rs","1327","matched","object_ops.go; object_residual.go; runtime_values.go","conformance/object-ops/runner_test.go; conformance/object-residual/conformance_test.go","Safe observable behavior is represented by the cited Go API and executable evidence."
"src/object.rs:1338:function:v8::Map::set","src/object.rs","v8::Map::set","function","src/object.rs","1338","matched","object_ops.go; object_residual.go; runtime_values.go","conformance/object-ops/runner_test.go; conformance/object-residual/conformance_test.go","Safe observable behavior is represented by the cited Go API and executable evidence."
"src/object.rs:1352:function:v8::Map::has","src/object.rs","v8::Map::has","function","src/object.rs","1352","matched","object_ops.go; object_residual.go; runtime_values.go","conformance/object-ops/runner_test.go; conformance/object-residual/conformance_test.go","Safe observable behavior is represented by the cited Go API and executable evidence."
"src/object.rs:1361:function:v8::Map::delete","src/object.rs","v8::Map::delete","function","src/object.rs","1361","matched","object_ops.go; object_residual.go; runtime_values.go","conformance/object-ops/runner_test.go; conformance/object-residual/conformance_test.go","Safe observable behavior is represented by the cited Go API and executable evidence."
"src/object.rs:1373:function:v8::Map::as_array","src/object.rs","v8::Map::as_array","function","src/object.rs","1373","matched","object_ops.go; object_residual.go; runtime_values.go","conformance/object-ops/runner_test.go; conformance/object-residual/conformance_test.go","Safe observable behavior is represented by the cited Go API and executable evidence."
"src/object.rs:1380:function:v8::Set::new","src/object.rs","v8::Set::new","function","src/object.rs","1380","matched","object_ops.go; object_residual.go; runtime_values.go","conformance/object-ops/runner_test.go; conformance/object-residual/conformance_test.go","Safe observable behavior is represented by the cited Go API and executable evidence."
"src/object.rs:1386:function:v8::Set::size","src/object.rs","v8::Set::size","function","src/object.rs","1386","matched","object_ops.go; object_residual.go; runtime_values.go","conformance/object-ops/runner_test.go; conformance/object-residual/conformance_test.go","Safe observable behavior is represented by the cited Go API and executable evidence."
"src/object.rs:1391:function:v8::Set::clear","src/object.rs","v8::Set::clear","function","src/object.rs","1391","matched","object_ops.go; object_residual.go; runtime_values.go","conformance/object-ops/runner_test.go; conformance/object-residual/conformance_test.go","Safe observable behavior is represented by the cited Go API and executable evidence."
"src/object.rs:1396:function:v8::Set::add","src/object.rs","v8::Set::add","function","src/object.rs","1396","matched","object_ops.go; object_residual.go; runtime_values.go","conformance/object-ops/runner_test.go; conformance/object-residual/conformance_test.go","Safe observable behavior is represented by the cited Go API and executable evidence."
"src/object.rs:1407:function:v8::Set::has","src/object.rs","v8::Set::has","function","src/object.rs","1407","matched","object_ops.go; object_residual.go; runtime_values.go","conformance/object-ops/runner_test.go; conformance/object-residual/conformance_test.go","Safe observable behavior is represented by the cited Go API and executable evidence."
"src/object.rs:1416:function:v8::Set::delete","src/object.rs","v8::Set::delete","function","src/object.rs","1416","matched","object_ops.go; object_residual.go; runtime_values.go","conformance/object-ops/runner_test.go; conformance/object-residual/conformance_test.go","Safe observable behavior is represented by the cited Go API and executable evidence."
"src/object.rs:1427:function:v8::Set::as_array","src/object.rs","v8::Set::as_array","function","src/object.rs","1427","matched","object_ops.go; object_residual.go; runtime_values.go","conformance/object-ops/runner_test.go; conformance/object-residual/conformance_test.go","Safe observable behavior is represented by the cited Go API and executable evidence."
"src/platform.rs:72:struct:v8::platform::Platform","src/platform.rs","v8::platform::Platform","struct","src/platform.rs","72","matched","platform.go; platform_custom.go","conformance/platform/conformance_test.go; conformance/platform-custom/conformance_test.go","Safe observable behavior is represented by the cited Go API and executable evidence."
"src/platform.rs:86:struct:v8::platform::Task","src/platform.rs","v8::platform::Task","struct","src/platform.rs","86","matched","platform.go; platform_custom.go","conformance/platform/conformance_test.go; conformance/platform-custom/conformance_test.go","Safe observable behavior is represented by the cited Go API and executable evidence."
"src/platform.rs:95:function:v8::Task::run","src/platform.rs","v8::Task::run","function","src/platform.rs","95","matched","platform.go; platform_custom.go","conformance/platform/conformance_test.go; conformance/platform-custom/conformance_test.go","Safe observable behavior is represented by the cited Go API and executable evidence."
"src/platform.rs:117:struct:v8::platform::IdleTask","src/platform.rs","v8::platform::IdleTask","struct","src/platform.rs","117","matched","platform.go; platform_custom.go","conformance/platform/conformance_test.go; conformance/platform-custom/conformance_test.go","Safe observable behavior is represented by the cited Go API and executable evidence."
"src/platform.rs:127:function:v8::IdleTask::run","src/platform.rs","v8::IdleTask::run","function","src/platform.rs","127","matched","platform.go; platform_custom.go","conformance/platform/conformance_test.go; conformance/platform-custom/conformance_test.go","Safe observable behavior is represented by the cited Go API and executable evidence."
"src/platform.rs:173:trait:v8::platform::PlatformImpl","src/platform.rs","v8::platform::PlatformImpl","trait","src/platform.rs","173","matched","platform.go; platform_custom.go","platform_custom_defaults_internal_test.go; conformance/platform/conformance_test.go; conformance/platform-custom/conformance_test.go","PlatformImpl and embeddable PlatformImplDefaults expose exact custom dispatch and Rust default behavior; PlatformImplFuncs separately preserves the documented safe-drop option."
"src/platform.rs:180:function:v8::PlatformImpl::post_task","src/platform.rs","v8::PlatformImpl::post_task","function","src/platform.rs","180","matched","platform_custom.go","platform_custom_defaults_internal_test.go; conformance/platform-custom/conformance_test.go","PlatformImplDefaults synchronously runs and destroys the transferred task on the callback thread, matching Rust."
"src/platform.rs:188:function:v8::PlatformImpl::post_non_nestable_task","src/platform.rs","v8::PlatformImpl::post_non_nestable_task","function","src/platform.rs","188","matched","platform_custom.go","platform_custom_defaults_internal_test.go; conformance/platform-custom/conformance_test.go","PlatformImplDefaults reproduces Rust's synchronous non-nestable run, including the characterized Atomics.notify deadlock."
"src/platform.rs:202:function:v8::PlatformImpl::post_delayed_task","src/platform.rs","v8::PlatformImpl::post_delayed_task","function","src/platform.rs","202","matched","platform_custom.go","platform_custom_defaults_internal_test.go","PlatformImplDefaults synchronously runs the transferred delayed task and intentionally ignores the delay, matching Rust."
"src/platform.rs:214:function:v8::PlatformImpl::post_non_nestable_delayed_task","src/platform.rs","v8::PlatformImpl::post_non_nestable_delayed_task","function","src/platform.rs","214","matched","platform_custom.go","platform_custom_defaults_internal_test.go","PlatformImplDefaults synchronously runs the transferred non-nestable delayed task and intentionally ignores the delay, matching Rust."
"src/platform.rs:227:function:v8::PlatformImpl::post_idle_task","src/platform.rs","v8::PlatformImpl::post_idle_task","function","src/platform.rs","227","matched","platform_custom.go","platform_custom_defaults_internal_test.go","PlatformImplDefaults synchronously runs the transferred idle task with the exact +0.0 deadline used by Rust."
"src/platform.rs:316:function:v8::platform::new_default_platform","src/platform.rs","v8::platform::new_default_platform","function","src/platform.rs","316","matched","platform.go; platform_custom.go","conformance/platform/conformance_test.go; conformance/platform-custom/conformance_test.go","Safe observable behavior is represented by the cited Go API and executable evidence."
"src/platform.rs:328:function:v8::platform::new_unprotected_default_platform","src/platform.rs","v8::platform::new_unprotected_default_platform","function","src/platform.rs","328","matched","platform.go; platform_custom.go","conformance/platform/conformance_test.go; conformance/platform-custom/conformance_test.go","Safe observable behavior is represented by the cited Go API and executable evidence."
"src/platform.rs:342:function:v8::platform::new_single_threaded_default_platform","src/platform.rs","v8::platform::new_single_threaded_default_platform","function","src/platform.rs","342","matched","platform.go; platform_custom.go","conformance/platform/conformance_test.go; conformance/platform-custom/conformance_test.go","Safe observable behavior is represented by the cited Go API and executable evidence."
"src/platform.rs:363:function:v8::platform::new_custom_platform","src/platform.rs","v8::platform::new_custom_platform","function","src/platform.rs","363","matched","platform.go; platform_custom.go","conformance/platform/conformance_test.go; conformance/platform-custom/conformance_test.go","Safe observable behavior is represented by the cited Go API and executable evidence."
"src/platform.rs:397:function:v8::Platform::new","src/platform.rs","v8::Platform::new","function","src/platform.rs","397","matched","platform.go; platform_custom.go","conformance/platform/conformance_test.go; conformance/platform-custom/conformance_test.go","Safe observable behavior is represented by the cited Go API and executable evidence."
"src/platform.rs:415:function:v8::Platform::new_unprotected","src/platform.rs","v8::Platform::new_unprotected","function","src/platform.rs","415","matched","platform.go; platform_custom.go","conformance/platform/conformance_test.go; conformance/platform-custom/conformance_test.go","Safe observable behavior is represented by the cited Go API and executable evidence."
"src/platform.rs:434:function:v8::Platform::new_single_threaded","src/platform.rs","v8::Platform::new_single_threaded","function","src/platform.rs","434","matched","platform.go; platform_custom.go","conformance/platform/conformance_test.go; conformance/platform-custom/conformance_test.go","Safe observable behavior is represented by the cited Go API and executable evidence."
"src/platform.rs:450:function:v8::Platform::new_custom","src/platform.rs","v8::Platform::new_custom","function","src/platform.rs","450","matched","platform.go; platform_custom.go","conformance/platform/conformance_test.go; conformance/platform-custom/conformance_test.go","Safe observable behavior is represented by the cited Go API and executable evidence."
"src/platform.rs:482:function:v8::Platform::pump_message_loop","src/platform.rs","v8::Platform::pump_message_loop","function","src/platform.rs","482","matched","platform.go; platform_custom.go","conformance/platform/conformance_test.go; conformance/platform-custom/conformance_test.go","Safe observable behavior is represented by the cited Go API and executable evidence."
"src/platform.rs:501:function:v8::Platform::run_idle_tasks","src/platform.rs","v8::Platform::run_idle_tasks","function","src/platform.rs","501","matched","platform.go; platform_custom.go","conformance/platform/conformance_test.go; conformance/platform-custom/conformance_test.go","Safe observable behavior is represented by the cited Go API and executable evidence."
"src/primitive_array.rs:35:function:v8::PrimitiveArray::new","src/primitive_array.rs","v8::PrimitiveArray::new","function","src/primitive_array.rs","35","matched","fixed_primitive_arrays.go","conformance/fixed-primitive-arrays/runner_test.go","Safe observable behavior is represented by the cited Go API and executable evidence."
"src/primitive_array.rs:48:function:v8::PrimitiveArray::length","src/primitive_array.rs","v8::PrimitiveArray::length","function","src/primitive_array.rs","48","matched","fixed_primitive_arrays.go","conformance/fixed-primitive-arrays/runner_test.go","Safe observable behavior is represented by the cited Go API and executable evidence."
"src/primitive_array.rs:53:function:v8::PrimitiveArray::set","src/primitive_array.rs","v8::PrimitiveArray::set","function","src/primitive_array.rs","53","matched","fixed_primitive_arrays.go","conformance/fixed-primitive-arrays/runner_test.go","Safe observable behavior is represented by the cited Go API and executable evidence."
"src/primitive_array.rs:70:function:v8::PrimitiveArray::get","src/primitive_array.rs","v8::PrimitiveArray::get","function","src/primitive_array.rs","70","matched","fixed_primitive_arrays.go","conformance/fixed-primitive-arrays/runner_test.go","Safe observable behavior is represented by the cited Go API and executable evidence."
"src/primitives.rs:16:function:v8::primitives::null","src/primitives.rs","v8::primitives::null","function","src/primitives.rs","16","matched","runtime_values.go; value.go","conformance/runtime-values/conformance_test.go","Safe observable behavior is represented by the cited Go API and executable evidence."
"src/primitives.rs:24:function:v8::primitives::undefined","src/primitives.rs","v8::primitives::undefined","function","src/primitives.rs","24","matched","runtime_values.go; value.go","conformance/runtime-values/conformance_test.go","Safe observable behavior is represented by the cited Go API and executable evidence."
"src/primitives.rs:35:function:v8::Boolean::new","src/primitives.rs","v8::Boolean::new","function","src/primitives.rs","35","matched","runtime_values.go; value.go","conformance/runtime-values/conformance_test.go","Safe observable behavior is represented by the cited Go API and executable evidence."
"src/private.rs:23:function:v8::Private::new","src/private.rs","v8::Private::new","function","src/private.rs","23","matched","runtime_values.go; runtime_values.go","conformance/runtime-values-residual/conformance_test.go","Safe observable behavior is represented by the cited Go API and executable evidence."
"src/private.rs:46:function:v8::Private::for_api","src/private.rs","v8::Private::for_api","function","src/private.rs","46","matched","runtime_values.go; runtime_values.go","conformance/runtime-values-residual/conformance_test.go","Safe observable behavior is represented by the cited Go API and executable evidence."
"src/private.rs:63:function:v8::Private::name","src/private.rs","v8::Private::name","function","src/private.rs","63","matched","runtime_values.go; runtime_values.go","conformance/runtime-values-residual/conformance_test.go","Safe observable behavior is represented by the cited Go API and executable evidence."
"src/promise.rs:63:enum:v8::promise::PromiseState","src/promise.rs","v8::promise::PromiseState","enum","src/promise.rs","63","matched","promise.go","conformance/host-promises/conformance_test.go","Safe observable behavior is represented by the cited Go API and executable evidence."
"src/promise.rs:64:variant:v8::promise::PromiseState::Pending","src/promise.rs","v8::promise::PromiseState::Pending","variant","src/promise.rs","64","matched","promise.go","conformance/host-promises/conformance_test.go","Safe observable behavior is represented by the cited Go API and executable evidence."
"src/promise.rs:65:variant:v8::promise::PromiseState::Fulfilled","src/promise.rs","v8::promise::PromiseState::Fulfilled","variant","src/promise.rs","65","matched","promise.go","conformance/host-promises/conformance_test.go","Safe observable behavior is represented by the cited Go API and executable evidence."
"src/promise.rs:66:variant:v8::promise::PromiseState::Rejected","src/promise.rs","v8::promise::PromiseState::Rejected","variant","src/promise.rs","66","matched","promise.go","conformance/host-promises/conformance_test.go","Safe observable behavior is represented by the cited Go API and executable evidence."
"src/promise.rs:72:function:v8::Promise::state","src/promise.rs","v8::Promise::state","function","src/promise.rs","72","matched","promise.go","conformance/host-promises/conformance_test.go","Safe observable behavior is represented by the cited Go API and executable evidence."
"src/promise.rs:79:function:v8::Promise::has_handler","src/promise.rs","v8::Promise::has_handler","function","src/promise.rs","79","matched","promise.go","conformance/host-promises/conformance_test.go","Safe observable behavior is represented by the cited Go API and executable evidence."
"src/promise.rs:85:function:v8::Promise::mark_as_handled","src/promise.rs","v8::Promise::mark_as_handled","function","src/promise.rs","85","matched","promise.go","conformance/host-promises/conformance_test.go","Safe observable behavior is represented by the cited Go API and executable evidence."
"src/promise.rs:92:function:v8::Promise::result","src/promise.rs","v8::Promise::result","function","src/promise.rs","92","matched","promise.go","conformance/host-promises/conformance_test.go","Safe observable behavior is represented by the cited Go API and executable evidence."
"src/promise.rs:100:function:v8::Promise::catch","src/promise.rs","v8::Promise::catch","function","src/promise.rs","100","matched","promise.go","conformance/host-promises/conformance_test.go","Safe observable behavior is represented by the cited Go API and executable evidence."
"src/promise.rs:116:function:v8::Promise::then","src/promise.rs","v8::Promise::then","function","src/promise.rs","116","matched","promise.go","conformance/host-promises/conformance_test.go","Safe observable behavior is represented by the cited Go API and executable evidence."
"src/promise.rs:133:function:v8::Promise::then2","src/promise.rs","v8::Promise::then2","function","src/promise.rs","133","matched","promise.go","conformance/host-promises/conformance_test.go","Safe observable behavior is represented by the cited Go API and executable evidence."
"src/promise.rs:155:function:v8::PromiseResolver::new","src/promise.rs","v8::PromiseResolver::new","function","src/promise.rs","155","matched","promise.go","conformance/host-promises/conformance_test.go","Safe observable behavior is represented by the cited Go API and executable evidence."
"src/promise.rs:166:function:v8::PromiseResolver::get_promise","src/promise.rs","v8::PromiseResolver::get_promise","function","src/promise.rs","166","matched","promise.go","conformance/host-promises/conformance_test.go","Safe observable behavior is represented by the cited Go API and executable evidence."
"src/promise.rs:177:function:v8::PromiseResolver::resolve","src/promise.rs","v8::PromiseResolver::resolve","function","src/promise.rs","177","matched","promise.go","conformance/host-promises/conformance_test.go","Safe observable behavior is represented by the cited Go API and executable evidence."
"src/promise.rs:195:function:v8::PromiseResolver::reject","src/promise.rs","v8::PromiseResolver::reject","function","src/promise.rs","195","matched","promise.go","conformance/host-promises/conformance_test.go","Safe observable behavior is represented by the cited Go API and executable evidence."
"src/promise.rs:213:enum:v8::promise::PromiseRejectEvent","src/promise.rs","v8::promise::PromiseRejectEvent","enum","src/promise.rs","213","matched","promise.go","conformance/host-promises/conformance_test.go","Safe observable behavior is represented by the cited Go API and executable evidence."
"src/promise.rs:214:variant:v8::promise::PromiseRejectEvent::PromiseRejectWithNoHandler","src/promise.rs","v8::promise::PromiseRejectEvent::PromiseRejectWithNoHandler","variant","src/promise.rs","214","matched","promise.go","conformance/host-promises/conformance_test.go","Safe observable behavior is represented by the cited Go API and executable evidence."
"src/promise.rs:215:variant:v8::promise::PromiseRejectEvent::PromiseHandlerAddedAfterReject","src/promise.rs","v8::promise::PromiseRejectEvent::PromiseHandlerAddedAfterReject","variant","src/promise.rs","215","matched","promise.go","conformance/host-promises/conformance_test.go","Safe observable behavior is represented by the cited Go API and executable evidence."
"src/promise.rs:216:variant:v8::promise::PromiseRejectEvent::PromiseRejectAfterResolved","src/promise.rs","v8::promise::PromiseRejectEvent::PromiseRejectAfterResolved","variant","src/promise.rs","216","matched","promise.go","conformance/host-promises/conformance_test.go","Safe observable behavior is represented by the cited Go API and executable evidence."
"src/promise.rs:217:variant:v8::promise::PromiseRejectEvent::PromiseResolveAfterResolved","src/promise.rs","v8::promise::PromiseRejectEvent::PromiseResolveAfterResolved","variant","src/promise.rs","217","matched","promise.go","conformance/host-promises/conformance_test.go","Safe observable behavior is represented by the cited Go API and executable evidence."
"src/promise.rs:222:struct:v8::promise::PromiseRejectMessage","src/promise.rs","v8::promise::PromiseRejectMessage","struct","src/promise.rs","222","matched","promise.go","conformance/host-promises/conformance_test.go","Safe observable behavior is represented by the cited Go API and executable evidence."
"src/promise.rs:226:function:v8::PromiseRejectMessage::get_promise","src/promise.rs","v8::PromiseRejectMessage::get_promise","function","src/promise.rs","226","matched","promise.go","conformance/host-promises/conformance_test.go","Safe observable behavior is represented by the cited Go API and executable evidence."
"src/promise.rs:232:function:v8::PromiseRejectMessage::get_event","src/promise.rs","v8::PromiseRejectMessage::get_event","function","src/promise.rs","232","matched","promise.go","conformance/host-promises/conformance_test.go","Safe observable behavior is represented by the cited Go API and executable evidence."
"src/promise.rs:237:function:v8::PromiseRejectMessage::get_value","src/promise.rs","v8::PromiseRejectMessage::get_value","function","src/promise.rs","237","matched","promise.go","conformance/host-promises/conformance_test.go","Safe observable behavior is represented by the cited Go API and executable evidence."
"src/property_attribute.rs:3:struct:v8::property_attribute::PropertyAttribute","src/property_attribute.rs","v8::property_attribute::PropertyAttribute","struct","src/property_attribute.rs","3","matched","runtime_values.go; object_ops.go","conformance/runtime-values/conformance_test.go; object_ops_test.go","Safe observable behavior is represented by the cited Go API and executable evidence."
"src/property_attribute.rs:7:assoc_const:v8::PropertyAttribute::NONE","src/property_attribute.rs","v8::PropertyAttribute::NONE","assoc_const","src/property_attribute.rs","7","matched","runtime_values.go; object_ops.go","conformance/runtime-values/conformance_test.go; object_ops_test.go","Safe observable behavior is represented by the cited Go API and executable evidence."
"src/property_attribute.rs:11:assoc_const:v8::PropertyAttribute::READ_ONLY","src/property_attribute.rs","v8::PropertyAttribute::READ_ONLY","assoc_const","src/property_attribute.rs","11","matched","runtime_values.go; object_ops.go","conformance/runtime-values/conformance_test.go; object_ops_test.go","Safe observable behavior is represented by the cited Go API and executable evidence."
"src/property_attribute.rs:15:assoc_const:v8::PropertyAttribute::DONT_ENUM","src/property_attribute.rs","v8::PropertyAttribute::DONT_ENUM","assoc_const","src/property_attribute.rs","15","matched","runtime_values.go; object_ops.go","conformance/runtime-values/conformance_test.go; object_ops_test.go","Safe observable behavior is represented by the cited Go API and executable evidence."
"src/property_attribute.rs:19:assoc_const:v8::PropertyAttribute::DONT_DELETE","src/property_attribute.rs","v8::PropertyAttribute::DONT_DELETE","assoc_const","src/property_attribute.rs","19","matched","runtime_values.go; object_ops.go","conformance/runtime-values/conformance_test.go; object_ops_test.go","Safe observable behavior is represented by the cited Go API and executable evidence."
"src/property_attribute.rs:23:function:v8::PropertyAttribute::is_none","src/property_attribute.rs","v8::PropertyAttribute::is_none","function","src/property_attribute.rs","23","matched","runtime_values.go; object_ops.go","conformance/runtime-values/conformance_test.go; object_ops_test.go","Safe observable behavior is represented by the cited Go API and executable evidence."
"src/property_attribute.rs:29:function:v8::PropertyAttribute::is_read_only","src/property_attribute.rs","v8::PropertyAttribute::is_read_only","function","src/property_attribute.rs","29","matched","runtime_values.go; object_ops.go","conformance/runtime-values/conformance_test.go; object_ops_test.go","Safe observable behavior is represented by the cited Go API and executable evidence."
"src/property_attribute.rs:35:function:v8::PropertyAttribute::is_dont_enum","src/property_attribute.rs","v8::PropertyAttribute::is_dont_enum","function","src/property_attribute.rs","35","matched","runtime_values.go; object_ops.go","conformance/runtime-values/conformance_test.go; object_ops_test.go","Safe observable behavior is represented by the cited Go API and executable evidence."
"src/property_attribute.rs:41:function:v8::PropertyAttribute::is_dont_delete","src/property_attribute.rs","v8::PropertyAttribute::is_dont_delete","function","src/property_attribute.rs","41","matched","runtime_values.go; object_ops.go","conformance/runtime-values/conformance_test.go; object_ops_test.go","Safe observable behavior is represented by the cited Go API and executable evidence."
"src/property_attribute.rs:52:function:v8::PropertyAttribute::as_u32","src/property_attribute.rs","v8::PropertyAttribute::as_u32","function","src/property_attribute.rs","52","matched","runtime_values.go; object_ops.go","conformance/runtime-values/conformance_test.go; object_ops_test.go","Safe observable behavior is represented by the cited Go API and executable evidence."
"src/property_descriptor.rs:64:struct:v8::property_descriptor::PropertyDescriptor","src/property_descriptor.rs","v8::property_descriptor::PropertyDescriptor","struct","src/property_descriptor.rs","64","matched","runtime_values.go; object_ops.go","conformance/runtime-values/conformance_test.go; object_ops_test.go","Safe observable behavior is represented by the cited Go API and executable evidence."
"src/property_descriptor.rs:80:function:v8::PropertyDescriptor::new","src/property_descriptor.rs","v8::PropertyDescriptor::new","function","src/property_descriptor.rs","80","matched","runtime_values.go; object_ops.go","conformance/runtime-values/conformance_test.go; object_ops_test.go","Safe observable behavior is represented by the cited Go API and executable evidence."
"src/property_descriptor.rs:88:function:v8::PropertyDescriptor::new_from_value","src/property_descriptor.rs","v8::PropertyDescriptor::new_from_value","function","src/property_descriptor.rs","88","matched","runtime_values.go; object_ops.go","conformance/runtime-values/conformance_test.go; object_ops_test.go","Safe observable behavior is represented by the cited Go API and executable evidence."
"src/property_descriptor.rs:96:function:v8::PropertyDescriptor::new_from_value_writable","src/property_descriptor.rs","v8::PropertyDescriptor::new_from_value_writable","function","src/property_descriptor.rs","96","matched","runtime_values.go; object_ops.go","conformance/runtime-values/conformance_test.go; object_ops_test.go","Safe observable behavior is represented by the cited Go API and executable evidence."
"src/property_descriptor.rs:108:function:v8::PropertyDescriptor::new_from_get_set","src/property_descriptor.rs","v8::PropertyDescriptor::new_from_get_set","function","src/property_descriptor.rs","108","matched","runtime_values.go; object_ops.go","conformance/runtime-values/conformance_test.go; object_ops_test.go","Safe observable behavior is represented by the cited Go API and executable evidence."
"src/property_descriptor.rs:120:function:v8::PropertyDescriptor::configurable","src/property_descriptor.rs","v8::PropertyDescriptor::configurable","function","src/property_descriptor.rs","120","matched","runtime_values.go; object_ops.go","conformance/runtime-values/conformance_test.go; object_ops_test.go","Safe observable behavior is represented by the cited Go API and executable evidence."
"src/property_descriptor.rs:124:function:v8::PropertyDescriptor::enumerable","src/property_descriptor.rs","v8::PropertyDescriptor::enumerable","function","src/property_descriptor.rs","124","matched","runtime_values.go; object_ops.go","conformance/runtime-values/conformance_test.go; object_ops_test.go","Safe observable behavior is represented by the cited Go API and executable evidence."
"src/property_descriptor.rs:128:function:v8::PropertyDescriptor::writable","src/property_descriptor.rs","v8::PropertyDescriptor::writable","function","src/property_descriptor.rs","128","matched","runtime_values.go; object_ops.go","conformance/runtime-values/conformance_test.go; object_ops_test.go","Safe observable behavior is represented by the cited Go API and executable evidence."
"src/property_descriptor.rs:132:function:v8::PropertyDescriptor::value","src/property_descriptor.rs","v8::PropertyDescriptor::value","function","src/property_descriptor.rs","132","matched","runtime_values.go; object_ops.go","conformance/runtime-values/conformance_test.go; object_ops_test.go","Safe observable behavior is represented by the cited Go API and executable evidence."
"src/property_descriptor.rs:136:function:v8::PropertyDescriptor::get","src/property_descriptor.rs","v8::PropertyDescriptor::get","function","src/property_descriptor.rs","136","matched","runtime_values.go; object_ops.go","conformance/runtime-values/conformance_test.go; object_ops_test.go","Safe observable behavior is represented by the cited Go API and executable evidence."
"src/property_descriptor.rs:140:function:v8::PropertyDescriptor::set","src/property_descriptor.rs","v8::PropertyDescriptor::set","function","src/property_descriptor.rs","140","matched","runtime_values.go; object_ops.go","conformance/runtime-values/conformance_test.go; object_ops_test.go","Safe observable behavior is represented by the cited Go API and executable evidence."
"src/property_descriptor.rs:144:function:v8::PropertyDescriptor::has_configurable","src/property_descriptor.rs","v8::PropertyDescriptor::has_configurable","function","src/property_descriptor.rs","144","matched","runtime_values.go; object_ops.go","conformance/runtime-values/conformance_test.go; object_ops_test.go","Safe observable behavior is represented by the cited Go API and executable evidence."
"src/property_descriptor.rs:148:function:v8::PropertyDescriptor::has_enumerable","src/property_descriptor.rs","v8::PropertyDescriptor::has_enumerable","function","src/property_descriptor.rs","148","matched","runtime_values.go; object_ops.go","conformance/runtime-values/conformance_test.go; object_ops_test.go","Safe observable behavior is represented by the cited Go API and executable evidence."
"src/property_descriptor.rs:152:function:v8::PropertyDescriptor::has_writable","src/property_descriptor.rs","v8::PropertyDescriptor::has_writable","function","src/property_descriptor.rs","152","matched","runtime_values.go; object_ops.go","conformance/runtime-values/conformance_test.go; object_ops_test.go","Safe observable behavior is represented by the cited Go API and executable evidence."
"src/property_descriptor.rs:156:function:v8::PropertyDescriptor::has_value","src/property_descriptor.rs","v8::PropertyDescriptor::has_value","function","src/property_descriptor.rs","156","matched","runtime_values.go; object_ops.go","conformance/runtime-values/conformance_test.go; object_ops_test.go","Safe observable behavior is represented by the cited Go API and executable evidence."
"src/property_descriptor.rs:160:function:v8::PropertyDescriptor::has_get","src/property_descriptor.rs","v8::PropertyDescriptor::has_get","function","src/property_descriptor.rs","160","matched","runtime_values.go; object_ops.go","conformance/runtime-values/conformance_test.go; object_ops_test.go","Safe observable behavior is represented by the cited Go API and executable evidence."
"src/property_descriptor.rs:164:function:v8::PropertyDescriptor::has_set","src/property_descriptor.rs","v8::PropertyDescriptor::has_set","function","src/property_descriptor.rs","164","matched","runtime_values.go; object_ops.go","conformance/runtime-values/conformance_test.go; object_ops_test.go","Safe observable behavior is represented by the cited Go API and executable evidence."
"src/property_descriptor.rs:168:function:v8::PropertyDescriptor::set_enumerable","src/property_descriptor.rs","v8::PropertyDescriptor::set_enumerable","function","src/property_descriptor.rs","168","matched","runtime_values.go; object_ops.go","conformance/runtime-values/conformance_test.go; object_ops_test.go","Safe observable behavior is represented by the cited Go API and executable evidence."
"src/property_descriptor.rs:172:function:v8::PropertyDescriptor::set_configurable","src/property_descriptor.rs","v8::PropertyDescriptor::set_configurable","function","src/property_descriptor.rs","172","matched","runtime_values.go; object_ops.go","conformance/runtime-values/conformance_test.go; object_ops_test.go","Safe observable behavior is represented by the cited Go API and executable evidence."
"src/property_filter.rs:3:struct:v8::property_filter::PropertyFilter","src/property_filter.rs","v8::property_filter::PropertyFilter","struct","src/property_filter.rs","3","matched","runtime_values.go; object_ops.go","conformance/runtime-values/conformance_test.go; object_ops_test.go","Safe observable behavior is represented by the cited Go API and executable evidence."
"src/property_filter.rs:6:assoc_const:v8::PropertyFilter::ALL_PROPERTIES","src/property_filter.rs","v8::PropertyFilter::ALL_PROPERTIES","assoc_const","src/property_filter.rs","6","matched","runtime_values.go; object_ops.go","conformance/runtime-values/conformance_test.go; object_ops_test.go","Safe observable behavior is represented by the cited Go API and executable evidence."
"src/property_filter.rs:8:assoc_const:v8::PropertyFilter::ONLY_WRITABLE","src/property_filter.rs","v8::PropertyFilter::ONLY_WRITABLE","assoc_const","src/property_filter.rs","8","matched","runtime_values.go; object_ops.go","conformance/runtime-values/conformance_test.go; object_ops_test.go","Safe observable behavior is represented by the cited Go API and executable evidence."
"src/property_filter.rs:10:assoc_const:v8::PropertyFilter::ONLY_ENUMERABLE","src/property_filter.rs","v8::PropertyFilter::ONLY_ENUMERABLE","assoc_const","src/property_filter.rs","10","matched","runtime_values.go; object_ops.go","conformance/runtime-values/conformance_test.go; object_ops_test.go","Safe observable behavior is represented by the cited Go API and executable evidence."
"src/property_filter.rs:12:assoc_const:v8::PropertyFilter::ONLY_CONFIGURABLE","src/property_filter.rs","v8::PropertyFilter::ONLY_CONFIGURABLE","assoc_const","src/property_filter.rs","12","matched","runtime_values.go; object_ops.go","conformance/runtime-values/conformance_test.go; object_ops_test.go","Safe observable behavior is represented by the cited Go API and executable evidence."
"src/property_filter.rs:14:assoc_const:v8::PropertyFilter::SKIP_STRINGS","src/property_filter.rs","v8::PropertyFilter::SKIP_STRINGS","assoc_const","src/property_filter.rs","14","matched","runtime_values.go; object_ops.go","conformance/runtime-values/conformance_test.go; object_ops_test.go","Safe observable behavior is represented by the cited Go API and executable evidence."
"src/property_filter.rs:16:assoc_const:v8::PropertyFilter::SKIP_SYMBOLS","src/property_filter.rs","v8::PropertyFilter::SKIP_SYMBOLS","assoc_const","src/property_filter.rs","16","matched","runtime_values.go; object_ops.go","conformance/runtime-values/conformance_test.go; object_ops_test.go","Safe observable behavior is represented by the cited Go API and executable evidence."
"src/property_filter.rs:20:function:v8::PropertyFilter::is_all_properties","src/property_filter.rs","v8::PropertyFilter::is_all_properties","function","src/property_filter.rs","20","matched","runtime_values.go; object_ops.go","conformance/runtime-values/conformance_test.go; object_ops_test.go","Safe observable behavior is represented by the cited Go API and executable evidence."
"src/property_filter.rs:26:function:v8::PropertyFilter::is_only_writable","src/property_filter.rs","v8::PropertyFilter::is_only_writable","function","src/property_filter.rs","26","matched","runtime_values.go; object_ops.go","conformance/runtime-values/conformance_test.go; object_ops_test.go","Safe observable behavior is represented by the cited Go API and executable evidence."
"src/property_filter.rs:32:function:v8::PropertyFilter::is_only_enumerable","src/property_filter.rs","v8::PropertyFilter::is_only_enumerable","function","src/property_filter.rs","32","matched","runtime_values.go; object_ops.go","conformance/runtime-values/conformance_test.go; object_ops_test.go","Safe observable behavior is represented by the cited Go API and executable evidence."
"src/property_filter.rs:38:function:v8::PropertyFilter::is_only_configurable","src/property_filter.rs","v8::PropertyFilter::is_only_configurable","function","src/property_filter.rs","38","matched","runtime_values.go; object_ops.go","conformance/runtime-values/conformance_test.go; object_ops_test.go","Safe observable behavior is represented by the cited Go API and executable evidence."
"src/property_filter.rs:44:function:v8::PropertyFilter::is_skip_strings","src/property_filter.rs","v8::PropertyFilter::is_skip_strings","function","src/property_filter.rs","44","matched","runtime_values.go; object_ops.go","conformance/runtime-values/conformance_test.go; object_ops_test.go","Safe observable behavior is represented by the cited Go API and executable evidence."
"src/property_filter.rs:50:function:v8::PropertyFilter::is_skip_symbols","src/property_filter.rs","v8::PropertyFilter::is_skip_symbols","function","src/property_filter.rs","50","matched","runtime_values.go; object_ops.go","conformance/runtime-values/conformance_test.go; object_ops_test.go","Safe observable behavior is represented by the cited Go API and executable evidence."
"src/property_handler_flags.rs:5:struct:v8::property_handler_flags::PropertyHandlerFlags","src/property_handler_flags.rs","v8::property_handler_flags::PropertyHandlerFlags","struct","src/property_handler_flags.rs","5","matched","runtime_values.go; object_ops.go","conformance/runtime-values/conformance_test.go; object_ops_test.go","Safe observable behavior is represented by the cited Go API and executable evidence."
"src/property_handler_flags.rs:9:assoc_const:v8::PropertyHandlerFlags::NONE","src/property_handler_flags.rs","v8::PropertyHandlerFlags::NONE","assoc_const","src/property_handler_flags.rs","9","matched","runtime_values.go; object_ops.go","conformance/runtime-values/conformance_test.go; object_ops_test.go","Safe observable behavior is represented by the cited Go API and executable evidence."
"src/property_handler_flags.rs:14:assoc_const:v8::PropertyHandlerFlags::NON_MASKING","src/property_handler_flags.rs","v8::PropertyHandlerFlags::NON_MASKING","assoc_const","src/property_handler_flags.rs","14","matched","runtime_values.go; object_ops.go","conformance/runtime-values/conformance_test.go; object_ops_test.go","Safe observable behavior is represented by the cited Go API and executable evidence."
"src/property_handler_flags.rs:18:assoc_const:v8::PropertyHandlerFlags::ONLY_INTERCEPT_STRINGS","src/property_handler_flags.rs","v8::PropertyHandlerFlags::ONLY_INTERCEPT_STRINGS","assoc_const","src/property_handler_flags.rs","18","matched","runtime_values.go; object_ops.go","conformance/runtime-values/conformance_test.go; object_ops_test.go","Safe observable behavior is represented by the cited Go API and executable evidence."
"src/property_handler_flags.rs:21:assoc_const:v8::PropertyHandlerFlags::HAS_NO_SIDE_EFFECT","src/property_handler_flags.rs","v8::PropertyHandlerFlags::HAS_NO_SIDE_EFFECT","assoc_const","src/property_handler_flags.rs","21","matched","runtime_values.go; object_ops.go","conformance/runtime-values/conformance_test.go; object_ops_test.go","Safe observable behavior is represented by the cited Go API and executable evidence."
"src/property_handler_flags.rs:25:function:v8::PropertyHandlerFlags::is_none","src/property_handler_flags.rs","v8::PropertyHandlerFlags::is_none","function","src/property_handler_flags.rs","25","matched","runtime_values.go; object_ops.go","conformance/runtime-values/conformance_test.go; object_ops_test.go","Safe observable behavior is represented by the cited Go API and executable evidence."
"src/property_handler_flags.rs:31:function:v8::PropertyHandlerFlags::is_non_masking","src/property_handler_flags.rs","v8::PropertyHandlerFlags::is_non_masking","function","src/property_handler_flags.rs","31","matched","runtime_values.go; object_ops.go","conformance/runtime-values/conformance_test.go; object_ops_test.go","Safe observable behavior is represented by the cited Go API and executable evidence."
"src/property_handler_flags.rs:37:function:v8::PropertyHandlerFlags::is_only_intercept_strings","src/property_handler_flags.rs","v8::PropertyHandlerFlags::is_only_intercept_strings","function","src/property_handler_flags.rs","37","matched","runtime_values.go; object_ops.go","conformance/runtime-values/conformance_test.go; object_ops_test.go","Safe observable behavior is represented by the cited Go API and executable evidence."
"src/property_handler_flags.rs:43:function:v8::PropertyHandlerFlags::is_has_no_side_effect","src/property_handler_flags.rs","v8::PropertyHandlerFlags::is_has_no_side_effect","function","src/property_handler_flags.rs","43","matched","runtime_values.go; object_ops.go","conformance/runtime-values/conformance_test.go; object_ops_test.go","Safe observable behavior is represented by the cited Go API and executable evidence."
"src/proxy.rs:22:function:v8::Proxy::new","src/proxy.rs","v8::Proxy::new","function","src/proxy.rs","22","matched","runtime_values.go","conformance/runtime-values/conformance_test.go","Safe observable behavior is represented by the cited Go API and executable evidence."
"src/proxy.rs:35:function:v8::Proxy::get_handler","src/proxy.rs","v8::Proxy::get_handler","function","src/proxy.rs","35","matched","runtime_values.go","conformance/runtime-values/conformance_test.go","Safe observable behavior is represented by the cited Go API and executable evidence."
"src/proxy.rs:40:function:v8::Proxy::get_target","src/proxy.rs","v8::Proxy::get_target","function","src/proxy.rs","40","matched","runtime_values.go","conformance/runtime-values/conformance_test.go","Safe observable behavior is represented by the cited Go API and executable evidence."
"src/proxy.rs:45:function:v8::Proxy::is_revoked","src/proxy.rs","v8::Proxy::is_revoked","function","src/proxy.rs","45","matched","runtime_values.go","conformance/runtime-values/conformance_test.go","Safe observable behavior is represented by the cited Go API and executable evidence."
"src/proxy.rs:50:function:v8::Proxy::revoke","src/proxy.rs","v8::Proxy::revoke","function","src/proxy.rs","50","matched","runtime_values.go","conformance/runtime-values/conformance_test.go","Safe observable behavior is represented by the cited Go API and executable evidence."
"src/regexp.rs:9:assoc_const:v8::RegExpCreationFlags::DOT_ALL","src/regexp.rs","v8::RegExpCreationFlags::DOT_ALL","assoc_const","src/regexp.rs","9","matched","runtime_values.go","conformance/runtime-values/conformance_test.go","Safe observable behavior is represented by the cited Go API and executable evidence."
"src/regexp.rs:9:assoc_const:v8::RegExpCreationFlags::GLOBAL","src/regexp.rs","v8::RegExpCreationFlags::GLOBAL","assoc_const","src/regexp.rs","9","matched","runtime_values.go","conformance/runtime-values/conformance_test.go","Safe observable behavior is represented by the cited Go API and executable evidence."
"src/regexp.rs:9:assoc_const:v8::RegExpCreationFlags::HAS_INDICES","src/regexp.rs","v8::RegExpCreationFlags::HAS_INDICES","assoc_const","src/regexp.rs","9","matched","runtime_values.go","conformance/runtime-values/conformance_test.go","Safe observable behavior is represented by the cited Go API and executable evidence."
"src/regexp.rs:9:assoc_const:v8::RegExpCreationFlags::IGNORE_CASE","src/regexp.rs","v8::RegExpCreationFlags::IGNORE_CASE","assoc_const","src/regexp.rs","9","matched","runtime_values.go","conformance/runtime-values/conformance_test.go","Safe observable behavior is represented by the cited Go API and executable evidence."
"src/regexp.rs:9:assoc_const:v8::RegExpCreationFlags::LINEAR","src/regexp.rs","v8::RegExpCreationFlags::LINEAR","assoc_const","src/regexp.rs","9","matched","runtime_values.go","conformance/runtime-values/conformance_test.go","Safe observable behavior is represented by the cited Go API and executable evidence."
"src/regexp.rs:9:assoc_const:v8::RegExpCreationFlags::MULTILINE","src/regexp.rs","v8::RegExpCreationFlags::MULTILINE","assoc_const","src/regexp.rs","9","matched","runtime_values.go","conformance/runtime-values/conformance_test.go","Safe observable behavior is represented by the cited Go API and executable evidence."
"src/regexp.rs:9:assoc_const:v8::RegExpCreationFlags::STICKY","src/regexp.rs","v8::RegExpCreationFlags::STICKY","assoc_const","src/regexp.rs","9","matched","runtime_values.go","conformance/runtime-values/conformance_test.go","Safe observable behavior is represented by the cited Go API and executable evidence."
"src/regexp.rs:9:assoc_const:v8::RegExpCreationFlags::UNICODE","src/regexp.rs","v8::RegExpCreationFlags::UNICODE","assoc_const","src/regexp.rs","9","matched","runtime_values.go","conformance/runtime-values/conformance_test.go","Safe observable behavior is represented by the cited Go API and executable evidence."
"src/regexp.rs:9:assoc_const:v8::RegExpCreationFlags::UNICODE_SETS","src/regexp.rs","v8::RegExpCreationFlags::UNICODE_SETS","assoc_const","src/regexp.rs","9","matched","runtime_values.go","conformance/runtime-values/conformance_test.go","Safe observable behavior is represented by the cited Go API and executable evidence."
"src/regexp.rs:9:function:v8::RegExpCreationFlags::all","src/regexp.rs","v8::RegExpCreationFlags::all","function","src/regexp.rs","9","matched","runtime_values.go","conformance/runtime-values/conformance_test.go","Safe observable behavior is represented by the cited Go API and executable evidence."
"src/regexp.rs:9:function:v8::RegExpCreationFlags::bits","src/regexp.rs","v8::RegExpCreationFlags::bits","function","src/regexp.rs","9","matched","runtime_values.go","conformance/runtime-values/conformance_test.go","Safe observable behavior is represented by the cited Go API and executable evidence."
"src/regexp.rs:9:function:v8::RegExpCreationFlags::complement","src/regexp.rs","v8::RegExpCreationFlags::complement","function","src/regexp.rs","9","matched","runtime_values.go","conformance/runtime-values/conformance_test.go","Safe observable behavior is represented by the cited Go API and executable evidence."
"src/regexp.rs:9:function:v8::RegExpCreationFlags::contains","src/regexp.rs","v8::RegExpCreationFlags::contains","function","src/regexp.rs","9","matched","runtime_values.go","conformance/runtime-values/conformance_test.go","Safe observable behavior is represented by the cited Go API and executable evidence."
"src/regexp.rs:9:function:v8::RegExpCreationFlags::difference","src/regexp.rs","v8::RegExpCreationFlags::difference","function","src/regexp.rs","9","matched","runtime_values.go","conformance/runtime-values/conformance_test.go","Safe observable behavior is represented by the cited Go API and executable evidence."
"src/regexp.rs:9:function:v8::RegExpCreationFlags::empty","src/regexp.rs","v8::RegExpCreationFlags::empty","function","src/regexp.rs","9","matched","runtime_values.go","conformance/runtime-values/conformance_test.go","Safe observable behavior is represented by the cited Go API and executable evidence."
"src/regexp.rs:9:function:v8::RegExpCreationFlags::from_bits","src/regexp.rs","v8::RegExpCreationFlags::from_bits","function","src/regexp.rs","9","matched","runtime_values.go","conformance/runtime-values/conformance_test.go","Safe observable behavior is represented by the cited Go API and executable evidence."
"src/regexp.rs:9:function:v8::RegExpCreationFlags::from_bits_retain","src/regexp.rs","v8::RegExpCreationFlags::from_bits_retain","function","src/regexp.rs","9","matched","runtime_values.go","conformance/runtime-values/conformance_test.go","Safe observable behavior is represented by the cited Go API and executable evidence."
"src/regexp.rs:9:function:v8::RegExpCreationFlags::from_bits_truncate","src/regexp.rs","v8::RegExpCreationFlags::from_bits_truncate","function","src/regexp.rs","9","matched","runtime_values.go","conformance/runtime-values/conformance_test.go","Safe observable behavior is represented by the cited Go API and executable evidence."
"src/regexp.rs:9:function:v8::RegExpCreationFlags::from_name","src/regexp.rs","v8::RegExpCreationFlags::from_name","function","src/regexp.rs","9","matched","runtime_values.go","conformance/runtime-values/conformance_test.go","Safe observable behavior is represented by the cited Go API and executable evidence."
"src/regexp.rs:9:function:v8::RegExpCreationFlags::insert","src/regexp.rs","v8::RegExpCreationFlags::insert","function","src/regexp.rs","9","matched","runtime_values.go","conformance/runtime-values/conformance_test.go","Safe observable behavior is represented by the cited Go API and executable evidence."
"src/regexp.rs:9:function:v8::RegExpCreationFlags::intersection","src/regexp.rs","v8::RegExpCreationFlags::intersection","function","src/regexp.rs","9","matched","runtime_values.go","conformance/runtime-values/conformance_test.go","Safe observable behavior is represented by the cited Go API and executable evidence."
"src/regexp.rs:9:function:v8::RegExpCreationFlags::intersects","src/regexp.rs","v8::RegExpCreationFlags::intersects","function","src/regexp.rs","9","matched","runtime_values.go","conformance/runtime-values/conformance_test.go","Safe observable behavior is represented by the cited Go API and executable evidence."
"src/regexp.rs:9:function:v8::RegExpCreationFlags::is_all","src/regexp.rs","v8::RegExpCreationFlags::is_all","function","src/regexp.rs","9","matched","runtime_values.go","conformance/runtime-values/conformance_test.go","Safe observable behavior is represented by the cited Go API and executable evidence."
"src/regexp.rs:9:function:v8::RegExpCreationFlags::is_empty","src/regexp.rs","v8::RegExpCreationFlags::is_empty","function","src/regexp.rs","9","matched","runtime_values.go","conformance/runtime-values/conformance_test.go","Safe observable behavior is represented by the cited Go API and executable evidence."
"src/regexp.rs:9:function:v8::RegExpCreationFlags::iter","src/regexp.rs","v8::RegExpCreationFlags::iter","function","src/regexp.rs","9","matched","runtime_values.go","conformance/runtime-values/conformance_test.go","Safe observable behavior is represented by the cited Go API and executable evidence."
"src/regexp.rs:9:function:v8::RegExpCreationFlags::iter_names","src/regexp.rs","v8::RegExpCreationFlags::iter_names","function","src/regexp.rs","9","matched","runtime_values.go","conformance/runtime-values/conformance_test.go","Safe observable behavior is represented by the cited Go API and executable evidence."
"src/regexp.rs:9:function:v8::RegExpCreationFlags::remove","src/regexp.rs","v8::RegExpCreationFlags::remove","function","src/regexp.rs","9","matched","runtime_values.go","conformance/runtime-values/conformance_test.go","Safe observable behavior is represented by the cited Go API and executable evidence."
"src/regexp.rs:9:function:v8::RegExpCreationFlags::set","src/regexp.rs","v8::RegExpCreationFlags::set","function","src/regexp.rs","9","matched","runtime_values.go","conformance/runtime-values/conformance_test.go","Safe observable behavior is represented by the cited Go API and executable evidence."
"src/regexp.rs:9:function:v8::RegExpCreationFlags::symmetric_difference","src/regexp.rs","v8::RegExpCreationFlags::symmetric_difference","function","src/regexp.rs","9","matched","runtime_values.go","conformance/runtime-values/conformance_test.go","Safe observable behavior is represented by the cited Go API and executable evidence."
"src/regexp.rs:9:function:v8::RegExpCreationFlags::toggle","src/regexp.rs","v8::RegExpCreationFlags::toggle","function","src/regexp.rs","9","matched","runtime_values.go","conformance/runtime-values/conformance_test.go","Safe observable behavior is represented by the cited Go API and executable evidence."
"src/regexp.rs:9:function:v8::RegExpCreationFlags::union","src/regexp.rs","v8::RegExpCreationFlags::union","function","src/regexp.rs","9","matched","runtime_values.go","conformance/runtime-values/conformance_test.go","Safe observable behavior is represented by the cited Go API and executable evidence."
"src/regexp.rs:9:struct:v8::regexp::RegExpCreationFlags","src/regexp.rs","v8::regexp::RegExpCreationFlags","struct","src/regexp.rs","9","matched","runtime_values.go","conformance/runtime-values/conformance_test.go","Safe observable behavior is represented by the cited Go API and executable evidence."
"src/regexp.rs:41:function:v8::RegExp::new","src/regexp.rs","v8::RegExp::new","function","src/regexp.rs","41","matched","runtime_values.go","conformance/runtime-values/conformance_test.go","Safe observable behavior is represented by the cited Go API and executable evidence."
"src/regexp.rs:54:function:v8::RegExp::exec","src/regexp.rs","v8::RegExp::exec","function","src/regexp.rs","54","matched","runtime_values.go","conformance/runtime-values/conformance_test.go","Safe observable behavior is represented by the cited Go API and executable evidence."
"src/regexp.rs:67:function:v8::RegExp::get_source","src/regexp.rs","v8::RegExp::get_source","function","src/regexp.rs","67","matched","runtime_values.go","conformance/runtime-values/conformance_test.go","Safe observable behavior is represented by the cited Go API and executable evidence."
"src/scope.rs:160:type_alias:v8::scope::PinScope","src/scope.rs","v8::scope::PinScope","type_alias","src/scope.rs","160","unsafe","No raw Go equivalent, safe higher-level behavior is exposed where applicable.","API_AUDIT.md#classification-boundary","Rust pinning, lexical macro, or generic scope-construction machinery"
"src/scope.rs:161:type_alias:v8::scope::PinCallbackScope","src/scope.rs","v8::scope::PinCallbackScope","type_alias","src/scope.rs","161","unsafe","No raw Go equivalent, safe higher-level behavior is exposed where applicable.","API_AUDIT.md#classification-boundary","Rust pinning, lexical macro, or generic scope-construction machinery"
"src/scope.rs:168:struct:v8::scope::ScopeStorage","src/scope.rs","v8::scope::ScopeStorage","struct","src/scope.rs","168","unsafe","No raw Go equivalent, safe higher-level behavior is exposed where applicable.","API_AUDIT.md#classification-boundary","Rust pinning, lexical macro, or generic scope-construction machinery"
"src/scope.rs:183:function:v8::ScopeStorage::new","src/scope.rs","v8::ScopeStorage::new","function","src/scope.rs","183","unsafe","No raw Go equivalent, safe higher-level behavior is exposed where applicable.","API_AUDIT.md#classification-boundary","Rust pinning, lexical macro, or generic scope-construction machinery"
"src/scope.rs:191:function:v8::ScopeStorage::init","src/scope.rs","v8::ScopeStorage::init","function","src/scope.rs","191","unsafe","No raw Go equivalent, safe higher-level behavior is exposed where applicable.","API_AUDIT.md#classification-boundary","Rust pinning, lexical macro, or generic scope-construction machinery"
"src/scope.rs:231:trait:v8::scope::Scope","src/scope.rs","v8::scope::Scope","trait","src/scope.rs","231","unsafe","No raw Go equivalent, safe higher-level behavior is exposed where applicable.","API_AUDIT.md#classification-boundary","Rust pinning, lexical macro, or generic scope-construction machinery"
"src/scope.rs:234:trait:v8::scope::sealed::Sealed","src/scope.rs","v8::scope::sealed::Sealed","trait","src/scope.rs","234","unsafe","No raw Go equivalent, safe higher-level behavior is exposed where applicable.","API_AUDIT.md#classification-boundary","Rust pinning, lexical macro, or generic scope-construction machinery"
"src/scope.rs:237:trait:v8::scope::ScopeInit","src/scope.rs","v8::scope::ScopeInit","trait","src/scope.rs","237","unsafe","No raw Go equivalent, safe higher-level behavior is exposed where applicable.","API_AUDIT.md#classification-boundary","Rust pinning, lexical macro, or generic scope-construction machinery"
"src/scope.rs:238:function:v8::ScopeInit::init_stack","src/scope.rs","v8::ScopeInit::init_stack","function","src/scope.rs","238","unsafe","No raw Go equivalent, safe higher-level behavior is exposed where applicable.","API_AUDIT.md#classification-boundary","Rust pinning, lexical macro, or generic scope-construction machinery"
"src/scope.rs:240:function:v8::ScopeInit::deinit","src/scope.rs","v8::ScopeInit::deinit","function","src/scope.rs","240","unsafe","No raw Go equivalent, safe higher-level behavior is exposed where applicable.","API_AUDIT.md#classification-boundary","Rust pinning, lexical macro, or generic scope-construction machinery"
"src/scope.rs:277:struct:v8::scope::HandleScope","src/scope.rs","v8::scope::HandleScope","struct","src/scope.rs","277","matched","scope.go; trycatch.go; context_scopes_advanced.go","conformance/context-scopes-advanced/conformance_test.go; conformance/exceptions-advanced/runner_test.go","Safe observable behavior is represented by the cited Go API and executable evidence."
"src/scope.rs:291:trait:v8::scope::get_isolate::GetIsolate","src/scope.rs","v8::scope::get_isolate::GetIsolate","trait","src/scope.rs","291","unsafe","No raw Go equivalent, safe higher-level behavior is exposed where applicable.","API_AUDIT.md#classification-boundary","Rust pinning, lexical macro, or generic scope-construction machinery"
"src/scope.rs:292:function:v8::GetIsolate::get_isolate_ptr","src/scope.rs","v8::GetIsolate::get_isolate_ptr","function","src/scope.rs","292","unsafe","No raw Go equivalent, safe higher-level behavior is exposed where applicable.","API_AUDIT.md#classification-boundary","Rust pinning, lexical macro, or generic scope-construction machinery"
"src/scope.rs:418:trait:v8::scope::NewHandleScope","src/scope.rs","v8::scope::NewHandleScope","trait","src/scope.rs","418","unsafe","No raw Go equivalent, safe higher-level behavior is exposed where applicable.","API_AUDIT.md#classification-boundary","Rust pinning, lexical macro, or generic scope-construction machinery"
"src/scope.rs:419:assoc_type:v8::NewHandleScope::NewScope","src/scope.rs","v8::NewHandleScope::NewScope","assoc_type","src/scope.rs","419","unsafe","No raw Go equivalent, safe higher-level behavior is exposed where applicable.","API_AUDIT.md#classification-boundary","Rust pinning, lexical macro, or generic scope-construction machinery"
"src/scope.rs:421:function:v8::NewHandleScope::make_new_scope","src/scope.rs","v8::NewHandleScope::make_new_scope","function","src/scope.rs","421","unsafe","No raw Go equivalent, safe higher-level behavior is exposed where applicable.","API_AUDIT.md#classification-boundary","Rust pinning, lexical macro, or generic scope-construction machinery"
"src/scope.rs:530:function:v8::HandleScope::new","src/scope.rs","v8::HandleScope::new","function","src/scope.rs","530","matched","scope.go; trycatch.go; context_scopes_advanced.go","conformance/context-scopes-advanced/conformance_test.go; conformance/exceptions-advanced/runner_test.go","Safe observable behavior is represented by the cited Go API and executable evidence."
"src/scope.rs:540:function:v8::PinnedRef::get_current_context","src/scope.rs","v8::PinnedRef::get_current_context","function","src/scope.rs","540","matched","core_advanced.go","context_ref_test.go; conformance/core-advanced/runner_test.go; conformance/context-scopes-advanced/conformance_test.go","CurrentContext returns a scope-local ContextRef supporting identity, global access, and entry with explicit empty-handle safety."
"src/scope.rs:559:function:v8::PinnedRef::get_entered_or_microtask_context","src/scope.rs","v8::PinnedRef::get_entered_or_microtask_context","function","src/scope.rs","559","matched","core_advanced.go","context_ref_test.go; conformance/core-advanced/runner_test.go; conformance/context-scopes-advanced/conformance_test.go","EnteredOrMicrotaskContext returns a usable scope-local ContextRef and matches nested explicit and native-microtask restoration behavior."
"src/scope.rs:573:function:v8::PinnedRef::get_isolate_data_from_snapshot_once","src/scope.rs","v8::PinnedRef::get_isolate_data_from_snapshot_once","function","src/scope.rs","573","matched","scope.go; trycatch.go; context_scopes_advanced.go","conformance/context-scopes-advanced/conformance_test.go; conformance/exceptions-advanced/runner_test.go","Safe observable behavior is represented by the cited Go API and executable evidence."
"src/scope.rs:604:function:v8::PinnedRef::get_context_data_from_snapshot_once","src/scope.rs","v8::PinnedRef::get_context_data_from_snapshot_once","function","src/scope.rs","604","matched","scope.go; trycatch.go; context_scopes_advanced.go","conformance/context-scopes-advanced/conformance_test.go; conformance/exceptions-advanced/runner_test.go","Safe observable behavior is represented by the cited Go API and executable evidence."
"src/scope.rs:632:function:v8::PinnedRef::set_promise_hooks","src/scope.rs","v8::PinnedRef::set_promise_hooks","function","src/scope.rs","632","matched","scope.go; trycatch.go; context_scopes_advanced.go","conformance/context-scopes-advanced/conformance_test.go; conformance/exceptions-advanced/runner_test.go","Safe observable behavior is represented by the cited Go API and executable evidence."
"src/scope.rs:652:function:v8::PinnedRef::set_continuation_preserved_embedder_data","src/scope.rs","v8::PinnedRef::set_continuation_preserved_embedder_data","function","src/scope.rs","652","matched","scope.go; trycatch.go; context_scopes_advanced.go","conformance/context-scopes-advanced/conformance_test.go; conformance/exceptions-advanced/runner_test.go","Safe observable behavior is represented by the cited Go API and executable evidence."
"src/scope.rs:663:function:v8::PinnedRef::get_continuation_preserved_embedder_data","src/scope.rs","v8::PinnedRef::get_continuation_preserved_embedder_data","function","src/scope.rs","663","matched","scope.go; trycatch.go; context_scopes_advanced.go","conformance/context-scopes-advanced/conformance_test.go; conformance/exceptions-advanced/runner_test.go","Safe observable behavior is represented by the cited Go API and executable evidence."
"src/scope.rs:678:function:v8::PinnedRef::get_current_host_defined_options","src/scope.rs","v8::PinnedRef::get_current_host_defined_options","function","src/scope.rs","678","matched","scope.go; trycatch.go; context_scopes_advanced.go","conformance/context-scopes-advanced/conformance_test.go; conformance/exceptions-advanced/runner_test.go","Safe observable behavior is represented by the cited Go API and executable evidence."
"src/scope.rs:693:trait:v8::scope::get_data_sealed::ToDataError","src/scope.rs","v8::scope::get_data_sealed::ToDataError","trait","src/scope.rs","693","unsafe","No raw Go equivalent, safe higher-level behavior is exposed where applicable.","API_AUDIT.md#classification-boundary","Rust pinning, lexical macro, or generic scope-construction machinery"
"src/scope.rs:694:function:v8::ToDataError::to_data_error","src/scope.rs","v8::ToDataError::to_data_error","function","src/scope.rs","694","unsafe","No raw Go equivalent, safe higher-level behavior is exposed where applicable.","API_AUDIT.md#classification-boundary","Rust pinning, lexical macro, or generic scope-construction machinery"
"src/scope.rs:729:function:v8::PinnedRef::throw_exception","src/scope.rs","v8::PinnedRef::throw_exception","function","src/scope.rs","729","matched","scope.go; trycatch.go; context_scopes_advanced.go","conformance/context-scopes-advanced/conformance_test.go; conformance/exceptions-advanced/runner_test.go","Safe observable behavior is represented by the cited Go API and executable evidence."
"src/scope.rs:747:function:v8::PinnedRef::unseal","src/scope.rs","v8::PinnedRef::unseal","function","src/scope.rs","747","unsafe","No raw Go equivalent, safe higher-level behavior is exposed where applicable.","API_AUDIT.md#classification-boundary","Rust pinning, lexical macro, or generic scope-construction machinery"
"src/scope.rs:764:struct:v8::scope::ContextScope","src/scope.rs","v8::scope::ContextScope","struct","src/scope.rs","764","matched","scope.go; trycatch.go; context_scopes_advanced.go","conformance/context-scopes-advanced/conformance_test.go; conformance/exceptions-advanced/runner_test.go","Safe observable behavior is represented by the cited Go API and executable evidence."
"src/scope.rs:797:trait:v8::scope::new_context_scope::NewContextScope","src/scope.rs","v8::scope::new_context_scope::NewContextScope","trait","src/scope.rs","797","unsafe","No raw Go equivalent, safe higher-level behavior is exposed where applicable.","API_AUDIT.md#classification-boundary","Rust pinning, lexical macro, or generic scope-construction machinery"
"src/scope.rs:798:assoc_type:v8::NewContextScope::NewScope","src/scope.rs","v8::NewContextScope::NewScope","assoc_type","src/scope.rs","798","unsafe","No raw Go equivalent, safe higher-level behavior is exposed where applicable.","API_AUDIT.md#classification-boundary","Rust pinning, lexical macro, or generic scope-construction machinery"
"src/scope.rs:800:function:v8::NewContextScope::make_new_scope","src/scope.rs","v8::NewContextScope::make_new_scope","function","src/scope.rs","800","unsafe","No raw Go equivalent, safe higher-level behavior is exposed where applicable.","API_AUDIT.md#classification-boundary","Rust pinning, lexical macro, or generic scope-construction machinery"
"src/scope.rs:809:trait:v8::scope::clear_cached_context::ClearCachedContext","src/scope.rs","v8::scope::clear_cached_context::ClearCachedContext","trait","src/scope.rs","809","unsafe","No raw Go equivalent, safe higher-level behavior is exposed where applicable.","API_AUDIT.md#classification-boundary","Rust pinning, lexical macro, or generic scope-construction machinery"
"src/scope.rs:810:function:v8::ClearCachedContext::clear_cached_context","src/scope.rs","v8::ClearCachedContext::clear_cached_context","function","src/scope.rs","810","unsafe","No raw Go equivalent, safe higher-level behavior is exposed where applicable.","API_AUDIT.md#classification-boundary","Rust pinning, lexical macro, or generic scope-construction machinery"
"src/scope.rs:957:function:v8::ContextScope::new","src/scope.rs","v8::ContextScope::new","function","src/scope.rs","957","matched","scope.go; trycatch.go; context_scopes_advanced.go","conformance/context-scopes-advanced/conformance_test.go; conformance/exceptions-advanced/runner_test.go","Safe observable behavior is represented by the cited Go API and executable evidence."
"src/scope.rs:999:struct:v8::scope::CallbackScope","src/scope.rs","v8::scope::CallbackScope","struct","src/scope.rs","999","matched","scope.go; trycatch.go; context_scopes_advanced.go","conformance/context-scopes-advanced/conformance_test.go; conformance/exceptions-advanced/runner_test.go","Safe observable behavior is represented by the cited Go API and executable evidence."
"src/scope.rs:1013:function:v8::CallbackScope::new","src/scope.rs","v8::CallbackScope::new","function","src/scope.rs","1013","matched","scope.go; trycatch.go; context_scopes_advanced.go","conformance/context-scopes-advanced/conformance_test.go; conformance/exceptions-advanced/runner_test.go","Safe observable behavior is represented by the cited Go API and executable evidence."
"src/scope.rs:1053:trait:v8::scope::NewCallbackScope","src/scope.rs","v8::scope::NewCallbackScope","trait","src/scope.rs","1053","unsafe","No raw Go equivalent, safe higher-level behavior is exposed where applicable.","API_AUDIT.md#classification-boundary","Rust pinning, lexical macro, or generic scope-construction machinery"
"src/scope.rs:1054:assoc_type:v8::NewCallbackScope::NewScope","src/scope.rs","v8::NewCallbackScope::NewScope","assoc_type","src/scope.rs","1054","unsafe","No raw Go equivalent, safe higher-level behavior is exposed where applicable.","API_AUDIT.md#classification-boundary","Rust pinning, lexical macro, or generic scope-construction machinery"
"src/scope.rs:1055:assoc_const:v8::NewCallbackScope::NEEDS_SCOPE","src/scope.rs","v8::NewCallbackScope::NEEDS_SCOPE","assoc_const","src/scope.rs","1055","unsafe","No raw Go equivalent, safe higher-level behavior is exposed where applicable.","API_AUDIT.md#classification-boundary","Rust pinning, lexical macro, or generic scope-construction machinery"
"src/scope.rs:1058:function:v8::NewCallbackScope::get_context","src/scope.rs","v8::NewCallbackScope::get_context","function","src/scope.rs","1058","unsafe","No raw Go equivalent, safe higher-level behavior is exposed where applicable.","API_AUDIT.md#classification-boundary","Rust pinning, lexical macro, or generic scope-construction machinery"
"src/scope.rs:1062:function:v8::NewCallbackScope::make_new_scope","src/scope.rs","v8::NewCallbackScope::make_new_scope","function","src/scope.rs","1062","unsafe","No raw Go equivalent, safe higher-level behavior is exposed where applicable.","API_AUDIT.md#classification-boundary","Rust pinning, lexical macro, or generic scope-construction machinery"
"src/scope.rs:1188:struct:v8::scope::TryCatch","src/scope.rs","v8::scope::TryCatch","struct","src/scope.rs","1188","matched","scope.go; trycatch.go; context_scopes_advanced.go","conformance/context-scopes-advanced/conformance_test.go; conformance/exceptions-advanced/runner_test.go","Safe observable behavior is represented by the cited Go API and executable evidence."
"src/scope.rs:1196:function:v8::TryCatch::new","src/scope.rs","v8::TryCatch::new","function","src/scope.rs","1196","matched","scope.go; trycatch.go; context_scopes_advanced.go","conformance/context-scopes-advanced/conformance_test.go; conformance/exceptions-advanced/runner_test.go","Safe observable behavior is represented by the cited Go API and executable evidence."
"src/scope.rs:1226:function:v8::PinnedRef::has_caught","src/scope.rs","v8::PinnedRef::has_caught","function","src/scope.rs","1226","matched","scope.go; trycatch.go; context_scopes_advanced.go","conformance/context-scopes-advanced/conformance_test.go; conformance/exceptions-advanced/runner_test.go","Safe observable behavior is represented by the cited Go API and executable evidence."
"src/scope.rs:1237:function:v8::PinnedRef::can_continue","src/scope.rs","v8::PinnedRef::can_continue","function","src/scope.rs","1237","matched","scope.go; trycatch.go; context_scopes_advanced.go","conformance/context-scopes-advanced/conformance_test.go; conformance/exceptions-advanced/runner_test.go","Safe observable behavior is represented by the cited Go API and executable evidence."
"src/scope.rs:1252:function:v8::PinnedRef::has_terminated","src/scope.rs","v8::PinnedRef::has_terminated","function","src/scope.rs","1252","matched","scope.go; trycatch.go; context_scopes_advanced.go","conformance/context-scopes-advanced/conformance_test.go; conformance/exceptions-advanced/runner_test.go","Safe observable behavior is represented by the cited Go API and executable evidence."
"src/scope.rs:1258:function:v8::PinnedRef::is_verbose","src/scope.rs","v8::PinnedRef::is_verbose","function","src/scope.rs","1258","matched","scope.go; trycatch.go; context_scopes_advanced.go","conformance/context-scopes-advanced/conformance_test.go; conformance/exceptions-advanced/runner_test.go","Safe observable behavior is represented by the cited Go API and executable evidence."
"src/scope.rs:1269:function:v8::PinnedRef::set_verbose","src/scope.rs","v8::PinnedRef::set_verbose","function","src/scope.rs","1269","matched","scope.go; trycatch.go; context_scopes_advanced.go","conformance/context-scopes-advanced/conformance_test.go; conformance/exceptions-advanced/runner_test.go","Safe observable behavior is represented by the cited Go API and executable evidence."
"src/scope.rs:1277:function:v8::PinnedRef::set_capture_message","src/scope.rs","v8::PinnedRef::set_capture_message","function","src/scope.rs","1277","matched","scope.go; trycatch.go; context_scopes_advanced.go","conformance/context-scopes-advanced/conformance_test.go; conformance/exceptions-advanced/runner_test.go","Safe observable behavior is represented by the cited Go API and executable evidence."
"src/scope.rs:1291:function:v8::PinnedRef::reset","src/scope.rs","v8::PinnedRef::reset","function","src/scope.rs","1291","matched","scope.go; trycatch.go; context_scopes_advanced.go","conformance/context-scopes-advanced/conformance_test.go; conformance/exceptions-advanced/runner_test.go","Safe observable behavior is represented by the cited Go API and executable evidence."
"src/scope.rs:1305:function:v8::PinnedRef::exception","src/scope.rs","v8::PinnedRef::exception","function","src/scope.rs","1305","matched","scope.go; trycatch.go; context_scopes_advanced.go","conformance/context-scopes-advanced/conformance_test.go; conformance/exceptions-advanced/runner_test.go","Safe observable behavior is represented by the cited Go API and executable evidence."
"src/scope.rs:1315:function:v8::PinnedRef::message","src/scope.rs","v8::PinnedRef::message","function","src/scope.rs","1315","matched","scope.go; trycatch.go; context_scopes_advanced.go","conformance/context-scopes-advanced/conformance_test.go; conformance/exceptions-advanced/runner_test.go","Safe observable behavior is represented by the cited Go API and executable evidence."
"src/scope.rs:1325:function:v8::PinnedRef::rethrow","src/scope.rs","v8::PinnedRef::rethrow","function","src/scope.rs","1325","matched","scope.go; trycatch.go; context_scopes_advanced.go","conformance/context-scopes-advanced/conformance_test.go; conformance/exceptions-advanced/runner_test.go","Safe observable behavior is represented by the cited Go API and executable evidence."
"src/scope.rs:1336:function:v8::PinnedRef::stack_trace","src/scope.rs","v8::PinnedRef::stack_trace","function","src/scope.rs","1336","matched","scope.go; trycatch.go; context_scopes_advanced.go","conformance/context-scopes-advanced/conformance_test.go; conformance/exceptions-advanced/runner_test.go","Safe observable behavior is represented by the cited Go API and executable evidence."
"src/scope.rs:1351:trait:v8::scope::NewTryCatch","src/scope.rs","v8::scope::NewTryCatch","trait","src/scope.rs","1351","unsafe","No raw Go equivalent, safe higher-level behavior is exposed where applicable.","API_AUDIT.md#classification-boundary","Rust pinning, lexical macro, or generic scope-construction machinery"
"src/scope.rs:1352:assoc_type:v8::NewTryCatch::NewScope","src/scope.rs","v8::NewTryCatch::NewScope","assoc_type","src/scope.rs","1352","unsafe","No raw Go equivalent, safe higher-level behavior is exposed where applicable.","API_AUDIT.md#classification-boundary","Rust pinning, lexical macro, or generic scope-construction machinery"
"src/scope.rs:1353:function:v8::NewTryCatch::make_new_scope","src/scope.rs","v8::NewTryCatch::make_new_scope","function","src/scope.rs","1353","unsafe","No raw Go equivalent, safe higher-level behavior is exposed where applicable.","API_AUDIT.md#classification-boundary","Rust pinning, lexical macro, or generic scope-construction machinery"
"src/scope.rs:1437:struct:v8::scope::EscapableHandleScope","src/scope.rs","v8::scope::EscapableHandleScope","struct","src/scope.rs","1437","matched","scope.go; trycatch.go; context_scopes_advanced.go","conformance/context-scopes-advanced/conformance_test.go; conformance/exceptions-advanced/runner_test.go","Safe observable behavior is represented by the cited Go API and executable evidence."
"src/scope.rs:1476:function:v8::EscapableHandleScope::new","src/scope.rs","v8::EscapableHandleScope::new","function","src/scope.rs","1476","matched","scope.go; trycatch.go; context_scopes_advanced.go","conformance/context-scopes-advanced/conformance_test.go; conformance/exceptions-advanced/runner_test.go","Safe observable behavior is represented by the cited Go API and executable evidence."
"src/scope.rs:1486:function:v8::PinnedRef::escape","src/scope.rs","v8::PinnedRef::escape","function","src/scope.rs","1486","matched","scope.go; trycatch.go; context_scopes_advanced.go","conformance/context-scopes-advanced/conformance_test.go; conformance/exceptions-advanced/runner_test.go","Safe observable behavior is represented by the cited Go API and executable evidence."
"src/scope.rs:1515:trait:v8::scope::NewEscapableHandleScope","src/scope.rs","v8::scope::NewEscapableHandleScope","trait","src/scope.rs","1515","unsafe","No raw Go equivalent, safe higher-level behavior is exposed where applicable.","API_AUDIT.md#classification-boundary","Rust pinning, lexical macro, or generic scope-construction machinery"
"src/scope.rs:1516:assoc_type:v8::NewEscapableHandleScope::NewScope","src/scope.rs","v8::NewEscapableHandleScope::NewScope","assoc_type","src/scope.rs","1516","unsafe","No raw Go equivalent, safe higher-level behavior is exposed where applicable.","API_AUDIT.md#classification-boundary","Rust pinning, lexical macro, or generic scope-construction machinery"
"src/scope.rs:1517:function:v8::NewEscapableHandleScope::make_new_scope","src/scope.rs","v8::NewEscapableHandleScope::make_new_scope","function","src/scope.rs","1517","unsafe","No raw Go equivalent, safe higher-level behavior is exposed where applicable.","API_AUDIT.md#classification-boundary","Rust pinning, lexical macro, or generic scope-construction machinery"
"src/scope.rs:1606:enum:v8::scope::OnFailure","src/scope.rs","v8::scope::OnFailure","enum","src/scope.rs","1606","matched","scope.go; trycatch.go; context_scopes_advanced.go","conformance/context-scopes-advanced/conformance_test.go; conformance/exceptions-advanced/runner_test.go","Safe observable behavior is represented by the cited Go API and executable evidence."
"src/scope.rs:1607:variant:v8::scope::OnFailure::CrashOnFailure","src/scope.rs","v8::scope::OnFailure::CrashOnFailure","variant","src/scope.rs","1607","matched","scope.go; trycatch.go; context_scopes_advanced.go","conformance/context-scopes-advanced/conformance_test.go; conformance/exceptions-advanced/runner_test.go","Safe observable behavior is represented by the cited Go API and executable evidence."
"src/scope.rs:1608:variant:v8::scope::OnFailure::ThrowOnFailure","src/scope.rs","v8::scope::OnFailure::ThrowOnFailure","variant","src/scope.rs","1608","matched","scope.go; trycatch.go; context_scopes_advanced.go","conformance/context-scopes-advanced/conformance_test.go; conformance/exceptions-advanced/runner_test.go","Safe observable behavior is represented by the cited Go API and executable evidence."
"src/scope.rs:1609:variant:v8::scope::OnFailure::DumpOnFailure","src/scope.rs","v8::scope::OnFailure::DumpOnFailure","variant","src/scope.rs","1609","matched","scope.go; trycatch.go; context_scopes_advanced.go","conformance/context-scopes-advanced/conformance_test.go; conformance/exceptions-advanced/runner_test.go","Safe observable behavior is represented by the cited Go API and executable evidence."
"src/scope.rs:1613:struct:v8::scope::DisallowJavascriptExecutionScope","src/scope.rs","v8::scope::DisallowJavascriptExecutionScope","struct","src/scope.rs","1613","matched","scope.go; trycatch.go; context_scopes_advanced.go","conformance/context-scopes-advanced/conformance_test.go; conformance/exceptions-advanced/runner_test.go","Safe observable behavior is represented by the cited Go API and executable evidence."
"src/scope.rs:1655:function:v8::DisallowJavascriptExecutionScope::new","src/scope.rs","v8::DisallowJavascriptExecutionScope::new","function","src/scope.rs","1655","matched","scope.go; trycatch.go; context_scopes_advanced.go","conformance/context-scopes-advanced/conformance_test.go; conformance/exceptions-advanced/runner_test.go","Safe observable behavior is represented by the cited Go API and executable evidence."
"src/scope.rs:1663:trait:v8::scope::NewDisallowJavascriptExecutionScope","src/scope.rs","v8::scope::NewDisallowJavascriptExecutionScope","trait","src/scope.rs","1663","unsafe","No raw Go equivalent, safe higher-level behavior is exposed where applicable.","API_AUDIT.md#classification-boundary","Rust pinning, lexical macro, or generic scope-construction machinery"
"src/scope.rs:1664:assoc_type:v8::NewDisallowJavascriptExecutionScope::NewScope","src/scope.rs","v8::NewDisallowJavascriptExecutionScope::NewScope","assoc_type","src/scope.rs","1664","unsafe","No raw Go equivalent, safe higher-level behavior is exposed where applicable.","API_AUDIT.md#classification-boundary","Rust pinning, lexical macro, or generic scope-construction machinery"
"src/scope.rs:1665:function:v8::NewDisallowJavascriptExecutionScope::make_new_scope","src/scope.rs","v8::NewDisallowJavascriptExecutionScope::make_new_scope","function","src/scope.rs","1665","unsafe","No raw Go equivalent, safe higher-level behavior is exposed where applicable.","API_AUDIT.md#classification-boundary","Rust pinning, lexical macro, or generic scope-construction machinery"
"src/scope.rs:1707:struct:v8::scope::AllowJavascriptExecutionScope","src/scope.rs","v8::scope::AllowJavascriptExecutionScope","struct","src/scope.rs","1707","matched","scope.go; trycatch.go; context_scopes_advanced.go","conformance/context-scopes-advanced/conformance_test.go; conformance/exceptions-advanced/runner_test.go","Safe observable behavior is represented by the cited Go API and executable evidence."
"src/scope.rs:1744:function:v8::AllowJavascriptExecutionScope::new","src/scope.rs","v8::AllowJavascriptExecutionScope::new","function","src/scope.rs","1744","matched","scope.go; trycatch.go; context_scopes_advanced.go","conformance/context-scopes-advanced/conformance_test.go; conformance/exceptions-advanced/runner_test.go","Safe observable behavior is represented by the cited Go API and executable evidence."
"src/scope.rs:1749:trait:v8::scope::NewAllowJavascriptExecutionScope","src/scope.rs","v8::scope::NewAllowJavascriptExecutionScope","trait","src/scope.rs","1749","unsafe","No raw Go equivalent, safe higher-level behavior is exposed where applicable.","API_AUDIT.md#classification-boundary","Rust pinning, lexical macro, or generic scope-construction machinery"
"src/scope.rs:1750:assoc_type:v8::NewAllowJavascriptExecutionScope::NewScope","src/scope.rs","v8::NewAllowJavascriptExecutionScope::NewScope","assoc_type","src/scope.rs","1750","unsafe","No raw Go equivalent, safe higher-level behavior is exposed where applicable.","API_AUDIT.md#classification-boundary","Rust pinning, lexical macro, or generic scope-construction machinery"
"src/scope.rs:1751:function:v8::NewAllowJavascriptExecutionScope::make_new_scope","src/scope.rs","v8::NewAllowJavascriptExecutionScope::make_new_scope","function","src/scope.rs","1751","unsafe","No raw Go equivalent, safe higher-level behavior is exposed where applicable.","API_AUDIT.md#classification-boundary","Rust pinning, lexical macro, or generic scope-construction machinery"
"src/scope.rs:1773:macro:v8::callback_scope","src/scope.rs","v8::callback_scope","macro","src/scope.rs","1773","unsafe","No raw Go equivalent, safe higher-level behavior is exposed where applicable.","API_AUDIT.md#classification-boundary","Rust pinning, lexical macro, or generic scope-construction machinery"
"src/scope.rs:1808:macro:v8::scope","src/scope.rs","v8::scope","macro","src/scope.rs","1808","unsafe","No raw Go equivalent, safe higher-level behavior is exposed where applicable.","API_AUDIT.md#classification-boundary","Rust pinning, lexical macro, or generic scope-construction machinery"
"src/scope.rs:1829:macro:v8::scope_with_context","src/scope.rs","v8::scope_with_context","macro","src/scope.rs","1829","unsafe","No raw Go equivalent, safe higher-level behavior is exposed where applicable.","API_AUDIT.md#classification-boundary","Rust pinning, lexical macro, or generic scope-construction machinery"
"src/scope.rs:1852:macro:v8::tc_scope","src/scope.rs","v8::tc_scope","macro","src/scope.rs","1852","unsafe","No raw Go equivalent, safe higher-level behavior is exposed where applicable.","API_AUDIT.md#classification-boundary","Rust pinning, lexical macro, or generic scope-construction machinery"
"src/scope.rs:1869:macro:v8::disallow_javascript_execution_scope","src/scope.rs","v8::disallow_javascript_execution_scope","macro","src/scope.rs","1869","unsafe","No raw Go equivalent, safe higher-level behavior is exposed where applicable.","API_AUDIT.md#classification-boundary","Rust pinning, lexical macro, or generic scope-construction machinery"
"src/scope.rs:1890:macro:v8::allow_javascript_execution_scope","src/scope.rs","v8::allow_javascript_execution_scope","macro","src/scope.rs","1890","unsafe","No raw Go equivalent, safe higher-level behavior is exposed where applicable.","API_AUDIT.md#classification-boundary","Rust pinning, lexical macro, or generic scope-construction machinery"
"src/scope.rs:1908:macro:v8::escapable_handle_scope","src/scope.rs","v8::escapable_handle_scope","macro","src/scope.rs","1908","unsafe","No raw Go equivalent, safe higher-level behavior is exposed where applicable.","API_AUDIT.md#classification-boundary","Rust pinning, lexical macro, or generic scope-construction machinery"
"src/scope.rs:1926:struct:v8::scope::PinnedRef","src/scope.rs","v8::scope::PinnedRef","struct","src/scope.rs","1926","unsafe","No raw Go equivalent, safe higher-level behavior is exposed where applicable.","API_AUDIT.md#classification-boundary","Rust pinning, lexical macro, or generic scope-construction machinery"
"src/scope.rs:1935:function:v8::PinnedRef::as_mut_ref","src/scope.rs","v8::PinnedRef::as_mut_ref","function","src/scope.rs","1935","unsafe","No raw Go equivalent, safe higher-level behavior is exposed where applicable.","API_AUDIT.md#classification-boundary","Rust pinning, lexical macro, or generic scope-construction machinery"
"src/scope.rs:2123:function:v8::PinnedRef::get_slot","src/scope.rs","v8::PinnedRef::get_slot","function","src/scope.rs","2123","matched","scope.go; trycatch.go; context_scopes_advanced.go","conformance/context-scopes-advanced/conformance_test.go; conformance/exceptions-advanced/runner_test.go","Safe observable behavior is represented by the cited Go API and executable evidence."
"src/scope.rs:2130:function:v8::PinnedRef::get_slot_mut","src/scope.rs","v8::PinnedRef::get_slot_mut","function","src/scope.rs","2130","matched","scope.go; trycatch.go; context_scopes_advanced.go","conformance/context-scopes-advanced/conformance_test.go; conformance/exceptions-advanced/runner_test.go","Safe observable behavior is represented by the cited Go API and executable evidence."
"src/scope.rs:2146:function:v8::PinnedRef::set_slot","src/scope.rs","v8::PinnedRef::set_slot","function","src/scope.rs","2146","matched","scope.go; trycatch.go; context_scopes_advanced.go","conformance/context-scopes-advanced/conformance_test.go; conformance/exceptions-advanced/runner_test.go","Safe observable behavior is represented by the cited Go API and executable evidence."
"src/scope.rs:2154:function:v8::PinnedRef::remove_slot","src/scope.rs","v8::PinnedRef::remove_slot","function","src/scope.rs","2154","matched","scope.go; trycatch.go; context_scopes_advanced.go","conformance/context-scopes-advanced/conformance_test.go; conformance/exceptions-advanced/runner_test.go","Safe observable behavior is represented by the cited Go API and executable evidence."
"src/script.rs:16:struct:v8::script::ScriptOrigin","src/script.rs","v8::script::ScriptOrigin","struct","src/script.rs","16","matched","script.go","core_advanced_script_test.go","Safe observable behavior is represented by the cited Go API and executable evidence."
"src/script.rs:62:function:v8::Script::compile","src/script.rs","v8::Script::compile","function","src/script.rs","62","matched","script.go","core_advanced_script_test.go","Safe observable behavior is represented by the cited Go API and executable evidence."
"src/script.rs:80:function:v8::Script::get_unbound_script","src/script.rs","v8::Script::get_unbound_script","function","src/script.rs","80","matched","script.go","core_advanced_script_test.go","Safe observable behavior is represented by the cited Go API and executable evidence."
"src/script.rs:93:function:v8::Script::script_id","src/script.rs","v8::Script::script_id","function","src/script.rs","93","matched","script.go","core_advanced_script_test.go","Safe observable behavior is represented by the cited Go API and executable evidence."
"src/script.rs:101:function:v8::Script::run","src/script.rs","v8::Script::run","function","src/script.rs","101","matched","script.go","core_advanced_script_test.go","Safe observable behavior is represented by the cited Go API and executable evidence."
"src/script.rs:112:function:v8::ScriptOrigin::new","src/script.rs","v8::ScriptOrigin::new","function","src/script.rs","112","matched","script.go","core_advanced_script_test.go","Safe observable behavior is represented by the cited Go API and executable evidence."
"src/script.rs:146:function:v8::ScriptOrigin::script_id","src/script.rs","v8::ScriptOrigin::script_id","function","src/script.rs","146","matched","script.go","core_advanced_script_test.go","Safe observable behavior is represented by the cited Go API and executable evidence."
"src/script.rs:151:function:v8::ScriptOrigin::resource_name","src/script.rs","v8::ScriptOrigin::resource_name","function","src/script.rs","151","matched","script.go","core_advanced_script_test.go","Safe observable behavior is represented by the cited Go API and executable evidence."
"src/script.rs:159:function:v8::ScriptOrigin::source_map_url","src/script.rs","v8::ScriptOrigin::source_map_url","function","src/script.rs","159","matched","script.go","core_advanced_script_test.go","Safe observable behavior is represented by the cited Go API and executable evidence."
"src/script_compiler.rs:2:module:v8::script_compiler","src/script_compiler.rs","v8::script_compiler","module","src/script_compiler.rs","2","matched","script.go; script_compiler_residual.go; module_cache.go","conformance/script-compiler-residual/conformance_test.go; conformance/module-cache/conformance_test.go","Safe observable behavior is represented by the cited Go API and executable evidence."
"src/script_compiler.rs:67:struct:v8::script_compiler::Source","src/script_compiler.rs","v8::script_compiler::Source","struct","src/script_compiler.rs","67","matched","script.go; script_compiler_residual.go; module_cache.go","conformance/script-compiler-residual/conformance_test.go; conformance/module-cache/conformance_test.go","Safe observable behavior is represented by the cited Go API and executable evidence."
"src/script_compiler.rs:88:struct:v8::script_compiler::CachedData","src/script_compiler.rs","v8::script_compiler::CachedData","struct","src/script_compiler.rs","88","matched","script.go; script_compiler_residual.go; module_cache.go","conformance/script-compiler-residual/conformance_test.go; conformance/module-cache/conformance_test.go","Safe observable behavior is represented by the cited Go API and executable evidence."
"src/script_compiler.rs:105:function:v8::script_compiler::CachedData::new","src/script_compiler.rs","v8::script_compiler::CachedData::new","function","src/script_compiler.rs","105","matched","script.go; script_compiler_residual.go; module_cache.go","conformance/script-compiler-residual/conformance_test.go; conformance/module-cache/conformance_test.go","Safe observable behavior is represented by the cited Go API and executable evidence."
"src/script_compiler.rs:125:function:v8::script_compiler::CachedData::rejected","src/script_compiler.rs","v8::script_compiler::CachedData::rejected","function","src/script_compiler.rs","125","matched","script.go; script_compiler_residual.go; module_cache.go","conformance/script-compiler-residual/conformance_test.go; conformance/module-cache/conformance_test.go","Safe observable behavior is represented by the cited Go API and executable evidence."
"src/script_compiler.rs:147:function:v8::script_compiler::Source::new","src/script_compiler.rs","v8::script_compiler::Source::new","function","src/script_compiler.rs","147","matched","script.go; script_compiler_residual.go; module_cache.go","conformance/script-compiler-residual/conformance_test.go; conformance/module-cache/conformance_test.go","Safe observable behavior is represented by the cited Go API and executable evidence."
"src/script_compiler.rs:164:function:v8::script_compiler::Source::new_with_cached_data","src/script_compiler.rs","v8::script_compiler::Source::new_with_cached_data","function","src/script_compiler.rs","164","matched","script.go; script_compiler_residual.go; module_cache.go","conformance/script-compiler-residual/conformance_test.go; conformance/module-cache/conformance_test.go","Safe observable behavior is represented by the cited Go API and executable evidence."
"src/script_compiler.rs:182:function:v8::script_compiler::Source::get_cached_data","src/script_compiler.rs","v8::script_compiler::Source::get_cached_data","function","src/script_compiler.rs","182","matched","script.go; script_compiler_residual.go; module_cache.go","conformance/script-compiler-residual/conformance_test.go; conformance/module-cache/conformance_test.go","Safe observable behavior is represented by the cited Go API and executable evidence."
"src/script_compiler.rs:200:assoc_const:v8::script_compiler::CompileOptions::ConsumeCodeCache","src/script_compiler.rs","v8::script_compiler::CompileOptions::ConsumeCodeCache","assoc_const","src/script_compiler.rs","200","matched","script.go; script_compiler_residual.go; module_cache.go","conformance/script-compiler-residual/conformance_test.go; conformance/module-cache/conformance_test.go","Safe observable behavior is represented by the cited Go API and executable evidence."
"src/script_compiler.rs:200:assoc_const:v8::script_compiler::CompileOptions::ConsumeCompileHints","src/script_compiler.rs","v8::script_compiler::CompileOptions::ConsumeCompileHints","assoc_const","src/script_compiler.rs","200","matched","script.go; script_compiler_residual.go; module_cache.go","conformance/script-compiler-residual/conformance_test.go; conformance/module-cache/conformance_test.go","Safe observable behavior is represented by the cited Go API and executable evidence."
"src/script_compiler.rs:200:assoc_const:v8::script_compiler::CompileOptions::EagerCompile","src/script_compiler.rs","v8::script_compiler::CompileOptions::EagerCompile","assoc_const","src/script_compiler.rs","200","matched","script.go; script_compiler_residual.go; module_cache.go","conformance/script-compiler-residual/conformance_test.go; conformance/module-cache/conformance_test.go","Safe observable behavior is represented by the cited Go API and executable evidence."
"src/script_compiler.rs:200:assoc_const:v8::script_compiler::CompileOptions::FollowCompileHintsMagicComment","src/script_compiler.rs","v8::script_compiler::CompileOptions::FollowCompileHintsMagicComment","assoc_const","src/script_compiler.rs","200","matched","script.go; script_compiler_residual.go; module_cache.go","conformance/script-compiler-residual/conformance_test.go; conformance/module-cache/conformance_test.go","Safe observable behavior is represented by the cited Go API and executable evidence."
"src/script_compiler.rs:200:assoc_const:v8::script_compiler::CompileOptions::FollowCompileHintsPerFunctionMagicComment","src/script_compiler.rs","v8::script_compiler::CompileOptions::FollowCompileHintsPerFunctionMagicComment","assoc_const","src/script_compiler.rs","200","matched","script.go; script_compiler_residual.go; module_cache.go","conformance/script-compiler-residual/conformance_test.go; conformance/module-cache/conformance_test.go","Safe observable behavior is represented by the cited Go API and executable evidence."
"src/script_compiler.rs:200:assoc_const:v8::script_compiler::CompileOptions::NoCompileOptions","src/script_compiler.rs","v8::script_compiler::CompileOptions::NoCompileOptions","assoc_const","src/script_compiler.rs","200","matched","script.go; script_compiler_residual.go; module_cache.go","conformance/script-compiler-residual/conformance_test.go; conformance/module-cache/conformance_test.go","Safe observable behavior is represented by the cited Go API and executable evidence."
"src/script_compiler.rs:200:assoc_const:v8::script_compiler::CompileOptions::ProduceCompileHints","src/script_compiler.rs","v8::script_compiler::CompileOptions::ProduceCompileHints","assoc_const","src/script_compiler.rs","200","matched","script.go; script_compiler_residual.go; module_cache.go","conformance/script-compiler-residual/conformance_test.go; conformance/module-cache/conformance_test.go","Safe observable behavior is represented by the cited Go API and executable evidence."
"src/script_compiler.rs:200:function:v8::script_compiler::CompileOptions::all","src/script_compiler.rs","v8::script_compiler::CompileOptions::all","function","src/script_compiler.rs","200","matched","script.go; script_compiler_residual.go; module_cache.go","conformance/script-compiler-residual/conformance_test.go; conformance/module-cache/conformance_test.go","Safe observable behavior is represented by the cited Go API and executable evidence."
"src/script_compiler.rs:200:function:v8::script_compiler::CompileOptions::bits","src/script_compiler.rs","v8::script_compiler::CompileOptions::bits","function","src/script_compiler.rs","200","matched","script.go; script_compiler_residual.go; module_cache.go","conformance/script-compiler-residual/conformance_test.go; conformance/module-cache/conformance_test.go","Safe observable behavior is represented by the cited Go API and executable evidence."
"src/script_compiler.rs:200:function:v8::script_compiler::CompileOptions::complement","src/script_compiler.rs","v8::script_compiler::CompileOptions::complement","function","src/script_compiler.rs","200","matched","script.go; script_compiler_residual.go; module_cache.go","conformance/script-compiler-residual/conformance_test.go; conformance/module-cache/conformance_test.go","Safe observable behavior is represented by the cited Go API and executable evidence."
"src/script_compiler.rs:200:function:v8::script_compiler::CompileOptions::contains","src/script_compiler.rs","v8::script_compiler::CompileOptions::contains","function","src/script_compiler.rs","200","matched","script.go; script_compiler_residual.go; module_cache.go","conformance/script-compiler-residual/conformance_test.go; conformance/module-cache/conformance_test.go","Safe observable behavior is represented by the cited Go API and executable evidence."
"src/script_compiler.rs:200:function:v8::script_compiler::CompileOptions::difference","src/script_compiler.rs","v8::script_compiler::CompileOptions::difference","function","src/script_compiler.rs","200","matched","script.go; script_compiler_residual.go; module_cache.go","conformance/script-compiler-residual/conformance_test.go; conformance/module-cache/conformance_test.go","Safe observable behavior is represented by the cited Go API and executable evidence."
"src/script_compiler.rs:200:function:v8::script_compiler::CompileOptions::empty","src/script_compiler.rs","v8::script_compiler::CompileOptions::empty","function","src/script_compiler.rs","200","matched","script.go; script_compiler_residual.go; module_cache.go","conformance/script-compiler-residual/conformance_test.go; conformance/module-cache/conformance_test.go","Safe observable behavior is represented by the cited Go API and executable evidence."
"src/script_compiler.rs:200:function:v8::script_compiler::CompileOptions::from_bits","src/script_compiler.rs","v8::script_compiler::CompileOptions::from_bits","function","src/script_compiler.rs","200","matched","script.go; script_compiler_residual.go; module_cache.go","conformance/script-compiler-residual/conformance_test.go; conformance/module-cache/conformance_test.go","Safe observable behavior is represented by the cited Go API and executable evidence."
"src/script_compiler.rs:200:function:v8::script_compiler::CompileOptions::from_bits_retain","src/script_compiler.rs","v8::script_compiler::CompileOptions::from_bits_retain","function","src/script_compiler.rs","200","matched","script.go; script_compiler_residual.go; module_cache.go","conformance/script-compiler-residual/conformance_test.go; conformance/module-cache/conformance_test.go","Safe observable behavior is represented by the cited Go API and executable evidence."
"src/script_compiler.rs:200:function:v8::script_compiler::CompileOptions::from_bits_truncate","src/script_compiler.rs","v8::script_compiler::CompileOptions::from_bits_truncate","function","src/script_compiler.rs","200","matched","script.go; script_compiler_residual.go; module_cache.go","conformance/script-compiler-residual/conformance_test.go; conformance/module-cache/conformance_test.go","Safe observable behavior is represented by the cited Go API and executable evidence."
"src/script_compiler.rs:200:function:v8::script_compiler::CompileOptions::from_name","src/script_compiler.rs","v8::script_compiler::CompileOptions::from_name","function","src/script_compiler.rs","200","matched","script.go; script_compiler_residual.go; module_cache.go","conformance/script-compiler-residual/conformance_test.go; conformance/module-cache/conformance_test.go","Safe observable behavior is represented by the cited Go API and executable evidence."
"src/script_compiler.rs:200:function:v8::script_compiler::CompileOptions::insert","src/script_compiler.rs","v8::script_compiler::CompileOptions::insert","function","src/script_compiler.rs","200","matched","script.go; script_compiler_residual.go; module_cache.go","conformance/script-compiler-residual/conformance_test.go; conformance/module-cache/conformance_test.go","Safe observable behavior is represented by the cited Go API and executable evidence."
"src/script_compiler.rs:200:function:v8::script_compiler::CompileOptions::intersection","src/script_compiler.rs","v8::script_compiler::CompileOptions::intersection","function","src/script_compiler.rs","200","matched","script.go; script_compiler_residual.go; module_cache.go","conformance/script-compiler-residual/conformance_test.go; conformance/module-cache/conformance_test.go","Safe observable behavior is represented by the cited Go API and executable evidence."
"src/script_compiler.rs:200:function:v8::script_compiler::CompileOptions::intersects","src/script_compiler.rs","v8::script_compiler::CompileOptions::intersects","function","src/script_compiler.rs","200","matched","script.go; script_compiler_residual.go; module_cache.go","conformance/script-compiler-residual/conformance_test.go; conformance/module-cache/conformance_test.go","Safe observable behavior is represented by the cited Go API and executable evidence."
"src/script_compiler.rs:200:function:v8::script_compiler::CompileOptions::is_all","src/script_compiler.rs","v8::script_compiler::CompileOptions::is_all","function","src/script_compiler.rs","200","matched","script.go; script_compiler_residual.go; module_cache.go","conformance/script-compiler-residual/conformance_test.go; conformance/module-cache/conformance_test.go","Safe observable behavior is represented by the cited Go API and executable evidence."
"src/script_compiler.rs:200:function:v8::script_compiler::CompileOptions::is_empty","src/script_compiler.rs","v8::script_compiler::CompileOptions::is_empty","function","src/script_compiler.rs","200","matched","script.go; script_compiler_residual.go; module_cache.go","conformance/script-compiler-residual/conformance_test.go; conformance/module-cache/conformance_test.go","Safe observable behavior is represented by the cited Go API and executable evidence."
"src/script_compiler.rs:200:function:v8::script_compiler::CompileOptions::iter","src/script_compiler.rs","v8::script_compiler::CompileOptions::iter","function","src/script_compiler.rs","200","matched","script.go; script_compiler_residual.go; module_cache.go","conformance/script-compiler-residual/conformance_test.go; conformance/module-cache/conformance_test.go","Safe observable behavior is represented by the cited Go API and executable evidence."
"src/script_compiler.rs:200:function:v8::script_compiler::CompileOptions::iter_names","src/script_compiler.rs","v8::script_compiler::CompileOptions::iter_names","function","src/script_compiler.rs","200","matched","script.go; script_compiler_residual.go; module_cache.go","conformance/script-compiler-residual/conformance_test.go; conformance/module-cache/conformance_test.go","Safe observable behavior is represented by the cited Go API and executable evidence."
"src/script_compiler.rs:200:function:v8::script_compiler::CompileOptions::remove","src/script_compiler.rs","v8::script_compiler::CompileOptions::remove","function","src/script_compiler.rs","200","matched","script.go; script_compiler_residual.go; module_cache.go","conformance/script-compiler-residual/conformance_test.go; conformance/module-cache/conformance_test.go","Safe observable behavior is represented by the cited Go API and executable evidence."
"src/script_compiler.rs:200:function:v8::script_compiler::CompileOptions::set","src/script_compiler.rs","v8::script_compiler::CompileOptions::set","function","src/script_compiler.rs","200","matched","script.go; script_compiler_residual.go; module_cache.go","conformance/script-compiler-residual/conformance_test.go; conformance/module-cache/conformance_test.go","Safe observable behavior is represented by the cited Go API and executable evidence."
"src/script_compiler.rs:200:function:v8::script_compiler::CompileOptions::symmetric_difference","src/script_compiler.rs","v8::script_compiler::CompileOptions::symmetric_difference","function","src/script_compiler.rs","200","matched","script.go; script_compiler_residual.go; module_cache.go","conformance/script-compiler-residual/conformance_test.go; conformance/module-cache/conformance_test.go","Safe observable behavior is represented by the cited Go API and executable evidence."
"src/script_compiler.rs:200:function:v8::script_compiler::CompileOptions::toggle","src/script_compiler.rs","v8::script_compiler::CompileOptions::toggle","function","src/script_compiler.rs","200","matched","script.go; script_compiler_residual.go; module_cache.go","conformance/script-compiler-residual/conformance_test.go; conformance/module-cache/conformance_test.go","Safe observable behavior is represented by the cited Go API and executable evidence."
"src/script_compiler.rs:200:function:v8::script_compiler::CompileOptions::union","src/script_compiler.rs","v8::script_compiler::CompileOptions::union","function","src/script_compiler.rs","200","matched","script.go; script_compiler_residual.go; module_cache.go","conformance/script-compiler-residual/conformance_test.go; conformance/module-cache/conformance_test.go","Safe observable behavior is represented by the cited Go API and executable evidence."
"src/script_compiler.rs:200:struct:v8::script_compiler::CompileOptions","src/script_compiler.rs","v8::script_compiler::CompileOptions","struct","src/script_compiler.rs","200","matched","script.go; script_compiler_residual.go; module_cache.go","conformance/script-compiler-residual/conformance_test.go; conformance/module-cache/conformance_test.go","Safe observable behavior is represented by the cited Go API and executable evidence."
"src/script_compiler.rs:217:enum:v8::script_compiler::NoCacheReason","src/script_compiler.rs","v8::script_compiler::NoCacheReason","enum","src/script_compiler.rs","217","matched","script.go; script_compiler_residual.go; module_cache.go","conformance/script-compiler-residual/conformance_test.go; conformance/module-cache/conformance_test.go","Safe observable behavior is represented by the cited Go API and executable evidence."
"src/script_compiler.rs:218:variant:v8::script_compiler::NoCacheReason::NoReason","src/script_compiler.rs","v8::script_compiler::NoCacheReason::NoReason","variant","src/script_compiler.rs","218","matched","script.go; script_compiler_residual.go; module_cache.go","conformance/script-compiler-residual/conformance_test.go; conformance/module-cache/conformance_test.go","Safe observable behavior is represented by the cited Go API and executable evidence."
"src/script_compiler.rs:219:variant:v8::script_compiler::NoCacheReason::BecauseCachingDisabled","src/script_compiler.rs","v8::script_compiler::NoCacheReason::BecauseCachingDisabled","variant","src/script_compiler.rs","219","matched","script.go; script_compiler_residual.go; module_cache.go","conformance/script-compiler-residual/conformance_test.go; conformance/module-cache/conformance_test.go","Safe observable behavior is represented by the cited Go API and executable evidence."
"src/script_compiler.rs:220:variant:v8::script_compiler::NoCacheReason::BecauseNoResource","src/script_compiler.rs","v8::script_compiler::NoCacheReason::BecauseNoResource","variant","src/script_compiler.rs","220","matched","script.go; script_compiler_residual.go; module_cache.go","conformance/script-compiler-residual/conformance_test.go; conformance/module-cache/conformance_test.go","Safe observable behavior is represented by the cited Go API and executable evidence."
"src/script_compiler.rs:221:variant:v8::script_compiler::NoCacheReason::BecauseInlineScript","src/script_compiler.rs","v8::script_compiler::NoCacheReason::BecauseInlineScript","variant","src/script_compiler.rs","221","matched","script.go; script_compiler_residual.go; module_cache.go","conformance/script-compiler-residual/conformance_test.go; conformance/module-cache/conformance_test.go","Safe observable behavior is represented by the cited Go API and executable evidence."
"src/script_compiler.rs:222:variant:v8::script_compiler::NoCacheReason::BecauseModule","src/script_compiler.rs","v8::script_compiler::NoCacheReason::BecauseModule","variant","src/script_compiler.rs","222","matched","script.go; script_compiler_residual.go; module_cache.go","conformance/script-compiler-residual/conformance_test.go; conformance/module-cache/conformance_test.go","Safe observable behavior is represented by the cited Go API and executable evidence."
"src/script_compiler.rs:223:variant:v8::script_compiler::NoCacheReason::BecauseStreamingSource","src/script_compiler.rs","v8::script_compiler::NoCacheReason::BecauseStreamingSource","variant","src/script_compiler.rs","223","matched","script.go; script_compiler_residual.go; module_cache.go","conformance/script-compiler-residual/conformance_test.go; conformance/module-cache/conformance_test.go","Safe observable behavior is represented by the cited Go API and executable evidence."
"src/script_compiler.rs:224:variant:v8::script_compiler::NoCacheReason::BecauseInspector","src/script_compiler.rs","v8::script_compiler::NoCacheReason::BecauseInspector","variant","src/script_compiler.rs","224","matched","script.go; script_compiler_residual.go; module_cache.go","conformance/script-compiler-residual/conformance_test.go; conformance/module-cache/conformance_test.go","Safe observable behavior is represented by the cited Go API and executable evidence."
"src/script_compiler.rs:225:variant:v8::script_compiler::NoCacheReason::BecauseScriptTooSmall","src/script_compiler.rs","v8::script_compiler::NoCacheReason::BecauseScriptTooSmall","variant","src/script_compiler.rs","225","matched","script.go; script_compiler_residual.go; module_cache.go","conformance/script-compiler-residual/conformance_test.go; conformance/module-cache/conformance_test.go","Safe observable behavior is represented by the cited Go API and executable evidence."
"src/script_compiler.rs:226:variant:v8::script_compiler::NoCacheReason::BecauseCacheTooCold","src/script_compiler.rs","v8::script_compiler::NoCacheReason::BecauseCacheTooCold","variant","src/script_compiler.rs","226","matched","script.go; script_compiler_residual.go; module_cache.go","conformance/script-compiler-residual/conformance_test.go; conformance/module-cache/conformance_test.go","Safe observable behavior is represented by the cited Go API and executable evidence."
"src/script_compiler.rs:227:variant:v8::script_compiler::NoCacheReason::BecauseV8Extension","src/script_compiler.rs","v8::script_compiler::NoCacheReason::BecauseV8Extension","variant","src/script_compiler.rs","227","matched","script.go; script_compiler_residual.go; module_cache.go","conformance/script-compiler-residual/conformance_test.go; conformance/module-cache/conformance_test.go","Safe observable behavior is represented by the cited Go API and executable evidence."
"src/script_compiler.rs:228:variant:v8::script_compiler::NoCacheReason::BecauseExtensionModule","src/script_compiler.rs","v8::script_compiler::NoCacheReason::BecauseExtensionModule","variant","src/script_compiler.rs","228","matched","script.go; script_compiler_residual.go; module_cache.go","conformance/script-compiler-residual/conformance_test.go; conformance/module-cache/conformance_test.go","Safe observable behavior is represented by the cited Go API and executable evidence."
"src/script_compiler.rs:229:variant:v8::script_compiler::NoCacheReason::BecausePacScript","src/script_compiler.rs","v8::script_compiler::NoCacheReason::BecausePacScript","variant","src/script_compiler.rs","229","matched","script.go; script_compiler_residual.go; module_cache.go","conformance/script-compiler-residual/conformance_test.go; conformance/module-cache/conformance_test.go","Safe observable behavior is represented by the cited Go API and executable evidence."
"src/script_compiler.rs:230:variant:v8::script_compiler::NoCacheReason::BecauseInDocumentWrite","src/script_compiler.rs","v8::script_compiler::NoCacheReason::BecauseInDocumentWrite","variant","src/script_compiler.rs","230","matched","script.go; script_compiler_residual.go; module_cache.go","conformance/script-compiler-residual/conformance_test.go; conformance/module-cache/conformance_test.go","Safe observable behavior is represented by the cited Go API and executable evidence."
"src/script_compiler.rs:231:variant:v8::script_compiler::NoCacheReason::BecauseResourceWithNoCacheHandler","src/script_compiler.rs","v8::script_compiler::NoCacheReason::BecauseResourceWithNoCacheHandler","variant","src/script_compiler.rs","231","matched","script.go; script_compiler_residual.go; module_cache.go","conformance/script-compiler-residual/conformance_test.go; conformance/module-cache/conformance_test.go","Safe observable behavior is represented by the cited Go API and executable evidence."
"src/script_compiler.rs:232:variant:v8::script_compiler::NoCacheReason::BecauseDeferredProduceCodeCache","src/script_compiler.rs","v8::script_compiler::NoCacheReason::BecauseDeferredProduceCodeCache","variant","src/script_compiler.rs","232","matched","script.go; script_compiler_residual.go; module_cache.go","conformance/script-compiler-residual/conformance_test.go; conformance/module-cache/conformance_test.go","Safe observable behavior is represented by the cited Go API and executable evidence."
"src/script_compiler.rs:241:function:v8::script_compiler::compile_module","src/script_compiler.rs","v8::script_compiler::compile_module","function","src/script_compiler.rs","241","matched","script.go; script_compiler_residual.go; module_cache.go","conformance/script-compiler-residual/conformance_test.go; conformance/module-cache/conformance_test.go","Safe observable behavior is represented by the cited Go API and executable evidence."
"src/script_compiler.rs:255:function:v8::script_compiler::compile_module2","src/script_compiler.rs","v8::script_compiler::compile_module2","function","src/script_compiler.rs","255","matched","script.go; script_compiler_residual.go; module_cache.go","conformance/script-compiler-residual/conformance_test.go; conformance/module-cache/conformance_test.go","Safe observable behavior is represented by the cited Go API and executable evidence."
"src/script_compiler.rs:274:function:v8::script_compiler::compile","src/script_compiler.rs","v8::script_compiler::compile","function","src/script_compiler.rs","274","matched","script.go; script_compiler_residual.go; module_cache.go","conformance/script-compiler-residual/conformance_test.go; conformance/module-cache/conformance_test.go","Safe observable behavior is represented by the cited Go API and executable evidence."
"src/script_compiler.rs:293:function:v8::script_compiler::compile_function","src/script_compiler.rs","v8::script_compiler::compile_function","function","src/script_compiler.rs","293","matched","script.go; script_compiler_residual.go; module_cache.go","conformance/script-compiler-residual/conformance_test.go; conformance/module-cache/conformance_test.go","Safe observable behavior is represented by the cited Go API and executable evidence."
"src/script_compiler.rs:320:function:v8::script_compiler::compile_unbound_script","src/script_compiler.rs","v8::script_compiler::compile_unbound_script","function","src/script_compiler.rs","320","matched","script.go; script_compiler_residual.go; module_cache.go","conformance/script-compiler-residual/conformance_test.go; conformance/module-cache/conformance_test.go","Safe observable behavior is represented by the cited Go API and executable evidence."
"src/script_compiler.rs:354:function:v8::script_compiler::cached_data_version_tag","src/script_compiler.rs","v8::script_compiler::cached_data_version_tag","function","src/script_compiler.rs","354","matched","script.go; script_compiler_residual.go; module_cache.go","conformance/script-compiler-residual/conformance_test.go; conformance/module-cache/conformance_test.go","Safe observable behavior is represented by the cited Go API and executable evidence."
"src/script_or_module.rs:21:function:v8::ScriptOrModule::get_resource_name","src/script_or_module.rs","v8::ScriptOrModule::get_resource_name","function","src/script_or_module.rs","21","matched","script.go","core_advanced_script_test.go","Safe observable behavior is represented by the cited Go API and executable evidence."
"src/script_or_module.rs:34:function:v8::ScriptOrModule::host_defined_options","src/script_or_module.rs","v8::ScriptOrModule::host_defined_options","function","src/script_or_module.rs","34","matched","script.go","core_advanced_script_test.go","Safe observable behavior is represented by the cited Go API and executable evidence."
"src/shared_array_buffer.rs:47:function:v8::SharedArrayBuffer::new","src/shared_array_buffer.rs","v8::SharedArrayBuffer::new","function","src/shared_array_buffer.rs","47","matched","buffer.go","conformance/buffers/runner_test.go","Safe observable behavior is represented by the cited Go API and executable evidence."
"src/shared_array_buffer.rs:62:function:v8::SharedArrayBuffer::with_backing_store","src/shared_array_buffer.rs","v8::SharedArrayBuffer::with_backing_store","function","src/shared_array_buffer.rs","62","matched","buffer.go","conformance/buffers/runner_test.go","Safe observable behavior is represented by the cited Go API and executable evidence."
"src/shared_array_buffer.rs:79:function:v8::SharedArrayBuffer::byte_length","src/shared_array_buffer.rs","v8::SharedArrayBuffer::byte_length","function","src/shared_array_buffer.rs","79","matched","buffer.go","conformance/buffers/runner_test.go","Safe observable behavior is represented by the cited Go API and executable evidence."
"src/shared_array_buffer.rs:88:function:v8::SharedArrayBuffer::get_backing_store","src/shared_array_buffer.rs","v8::SharedArrayBuffer::get_backing_store","function","src/shared_array_buffer.rs","88","matched","buffer.go","conformance/buffers/runner_test.go","Safe observable behavior is represented by the cited Go API and executable evidence."
"src/shared_array_buffer.rs:100:function:v8::SharedArrayBuffer::new_backing_store","src/shared_array_buffer.rs","v8::SharedArrayBuffer::new_backing_store","function","src/shared_array_buffer.rs","100","matched","buffer.go","conformance/buffers/runner_test.go","Safe observable behavior is represented by the cited Go API and executable evidence."
"src/shared_array_buffer.rs:125:function:v8::SharedArrayBuffer::new_backing_store_from_boxed_slice","src/shared_array_buffer.rs","v8::SharedArrayBuffer::new_backing_store_from_boxed_slice","function","src/shared_array_buffer.rs","125","matched","buffer.go","conformance/buffers/runner_test.go","Safe observable behavior is represented by the cited Go API and executable evidence."
"src/shared_array_buffer.rs:142:function:v8::SharedArrayBuffer::new_backing_store_from_vec","src/shared_array_buffer.rs","v8::SharedArrayBuffer::new_backing_store_from_vec","function","src/shared_array_buffer.rs","142","matched","buffer.go","conformance/buffers/runner_test.go","Safe observable behavior is represented by the cited Go API and executable evidence."
"src/shared_array_buffer.rs:171:function:v8::SharedArrayBuffer::new_backing_store_from_bytes","src/shared_array_buffer.rs","v8::SharedArrayBuffer::new_backing_store_from_bytes","function","src/shared_array_buffer.rs","171","matched","buffer.go","conformance/buffers/runner_test.go","Safe observable behavior is represented by the cited Go API and executable evidence."
"src/shared_array_buffer.rs:215:function:v8::SharedArrayBuffer::new_backing_store_from_ptr","src/shared_array_buffer.rs","v8::SharedArrayBuffer::new_backing_store_from_ptr","function","src/shared_array_buffer.rs","215","matched","buffer.go","conformance/buffers/runner_test.go","Safe observable behavior is represented by the cited Go API and executable evidence."
"src/simdutf.rs:1:module:v8::simdutf","src/simdutf.rs","v8::simdutf","module","src/simdutf.rs","1","matched","simdutf.go","conformance/simdutf/conformance_test.go","Safe observable behavior is represented by the cited Go API and executable evidence."
"src/simdutf.rs:197:enum:v8::simdutf::ErrorCode","src/simdutf.rs","v8::simdutf::ErrorCode","enum","src/simdutf.rs","197","matched","simdutf.go","conformance/simdutf/conformance_test.go","Safe observable behavior is represented by the cited Go API and executable evidence."
"src/simdutf.rs:198:variant:v8::simdutf::ErrorCode::Success","src/simdutf.rs","v8::simdutf::ErrorCode::Success","variant","src/simdutf.rs","198","matched","simdutf.go","conformance/simdutf/conformance_test.go","Safe observable behavior is represented by the cited Go API and executable evidence."
"src/simdutf.rs:199:variant:v8::simdutf::ErrorCode::HeaderBits","src/simdutf.rs","v8::simdutf::ErrorCode::HeaderBits","variant","src/simdutf.rs","199","matched","simdutf.go","conformance/simdutf/conformance_test.go","Safe observable behavior is represented by the cited Go API and executable evidence."
"src/simdutf.rs:200:variant:v8::simdutf::ErrorCode::TooShort","src/simdutf.rs","v8::simdutf::ErrorCode::TooShort","variant","src/simdutf.rs","200","matched","simdutf.go","conformance/simdutf/conformance_test.go","Safe observable behavior is represented by the cited Go API and executable evidence."
"src/simdutf.rs:201:variant:v8::simdutf::ErrorCode::TooLong","src/simdutf.rs","v8::simdutf::ErrorCode::TooLong","variant","src/simdutf.rs","201","matched","simdutf.go","conformance/simdutf/conformance_test.go","Safe observable behavior is represented by the cited Go API and executable evidence."
"src/simdutf.rs:202:variant:v8::simdutf::ErrorCode::Overlong","src/simdutf.rs","v8::simdutf::ErrorCode::Overlong","variant","src/simdutf.rs","202","matched","simdutf.go","conformance/simdutf/conformance_test.go","Safe observable behavior is represented by the cited Go API and executable evidence."
"src/simdutf.rs:203:variant:v8::simdutf::ErrorCode::TooLarge","src/simdutf.rs","v8::simdutf::ErrorCode::TooLarge","variant","src/simdutf.rs","203","matched","simdutf.go","conformance/simdutf/conformance_test.go","Safe observable behavior is represented by the cited Go API and executable evidence."
"src/simdutf.rs:204:variant:v8::simdutf::ErrorCode::Surrogate","src/simdutf.rs","v8::simdutf::ErrorCode::Surrogate","variant","src/simdutf.rs","204","matched","simdutf.go","conformance/simdutf/conformance_test.go","Safe observable behavior is represented by the cited Go API and executable evidence."
"src/simdutf.rs:205:variant:v8::simdutf::ErrorCode::InvalidBase64Character","src/simdutf.rs","v8::simdutf::ErrorCode::InvalidBase64Character","variant","src/simdutf.rs","205","matched","simdutf.go","conformance/simdutf/conformance_test.go","Safe observable behavior is represented by the cited Go API and executable evidence."
"src/simdutf.rs:206:variant:v8::simdutf::ErrorCode::Base64InputRemainder","src/simdutf.rs","v8::simdutf::ErrorCode::Base64InputRemainder","variant","src/simdutf.rs","206","matched","simdutf.go","conformance/simdutf/conformance_test.go","Safe observable behavior is represented by the cited Go API and executable evidence."
"src/simdutf.rs:207:variant:v8::simdutf::ErrorCode::Base64ExtraBits","src/simdutf.rs","v8::simdutf::ErrorCode::Base64ExtraBits","variant","src/simdutf.rs","207","matched","simdutf.go","conformance/simdutf/conformance_test.go","Safe observable behavior is represented by the cited Go API and executable evidence."
"src/simdutf.rs:208:variant:v8::simdutf::ErrorCode::OutputBufferTooSmall","src/simdutf.rs","v8::simdutf::ErrorCode::OutputBufferTooSmall","variant","src/simdutf.rs","208","matched","simdutf.go","conformance/simdutf/conformance_test.go","Safe observable behavior is represented by the cited Go API and executable evidence."
"src/simdutf.rs:209:variant:v8::simdutf::ErrorCode::Other","src/simdutf.rs","v8::simdutf::ErrorCode::Other","variant","src/simdutf.rs","209","matched","simdutf.go","conformance/simdutf/conformance_test.go","Safe observable behavior is represented by the cited Go API and executable evidence."
"src/simdutf.rs:236:struct:v8::simdutf::SimdUtfResult","src/simdutf.rs","v8::simdutf::SimdUtfResult","struct","src/simdutf.rs","236","matched","simdutf.go","conformance/simdutf/conformance_test.go","Safe observable behavior is represented by the cited Go API and executable evidence."
"src/simdutf.rs:237:struct_field:v8::simdutf::SimdUtfResult::error","src/simdutf.rs","v8::simdutf::SimdUtfResult::error","struct_field","src/simdutf.rs","237","matched","simdutf.go","conformance/simdutf/conformance_test.go","Safe observable behavior is represented by the cited Go API and executable evidence."
"src/simdutf.rs:238:struct_field:v8::simdutf::SimdUtfResult::count","src/simdutf.rs","v8::simdutf::SimdUtfResult::count","struct_field","src/simdutf.rs","238","matched","simdutf.go","conformance/simdutf/conformance_test.go","Safe observable behavior is represented by the cited Go API and executable evidence."
"src/simdutf.rs:251:function:v8::simdutf::SimdUtfResult::is_ok","src/simdutf.rs","v8::simdutf::SimdUtfResult::is_ok","function","src/simdutf.rs","251","matched","simdutf.go","conformance/simdutf/conformance_test.go","Safe observable behavior is represented by the cited Go API and executable evidence."
"src/simdutf.rs:259:module:v8::simdutf::encoding","src/simdutf.rs","v8::simdutf::encoding","module","src/simdutf.rs","259","matched","simdutf.go","conformance/simdutf/conformance_test.go","Safe observable behavior is represented by the cited Go API and executable evidence."
"src/simdutf.rs:260:constant:v8::simdutf::encoding::UTF8","src/simdutf.rs","v8::simdutf::encoding::UTF8","constant","src/simdutf.rs","260","matched","simdutf.go","conformance/simdutf/conformance_test.go","Safe observable behavior is represented by the cited Go API and executable evidence."
"src/simdutf.rs:261:constant:v8::simdutf::encoding::UTF16_LE","src/simdutf.rs","v8::simdutf::encoding::UTF16_LE","constant","src/simdutf.rs","261","matched","simdutf.go","conformance/simdutf/conformance_test.go","Safe observable behavior is represented by the cited Go API and executable evidence."
"src/simdutf.rs:262:constant:v8::simdutf::encoding::UTF16_BE","src/simdutf.rs","v8::simdutf::encoding::UTF16_BE","constant","src/simdutf.rs","262","matched","simdutf.go","conformance/simdutf/conformance_test.go","Safe observable behavior is represented by the cited Go API and executable evidence."
"src/simdutf.rs:263:constant:v8::simdutf::encoding::UTF32_LE","src/simdutf.rs","v8::simdutf::encoding::UTF32_LE","constant","src/simdutf.rs","263","matched","simdutf.go","conformance/simdutf/conformance_test.go","Safe observable behavior is represented by the cited Go API and executable evidence."
"src/simdutf.rs:264:constant:v8::simdutf::encoding::UTF32_BE","src/simdutf.rs","v8::simdutf::encoding::UTF32_BE","constant","src/simdutf.rs","264","matched","simdutf.go","conformance/simdutf/conformance_test.go","Safe observable behavior is represented by the cited Go API and executable evidence."
"src/simdutf.rs:265:constant:v8::simdutf::encoding::LATIN1","src/simdutf.rs","v8::simdutf::encoding::LATIN1","constant","src/simdutf.rs","265","matched","simdutf.go","conformance/simdutf/conformance_test.go","Safe observable behavior is represented by the cited Go API and executable evidence."
"src/simdutf.rs:271:enum:v8::simdutf::Base64Options","src/simdutf.rs","v8::simdutf::Base64Options","enum","src/simdutf.rs","271","matched","simdutf.go","conformance/simdutf/conformance_test.go","Safe observable behavior is represented by the cited Go API and executable evidence."
"src/simdutf.rs:273:variant:v8::simdutf::Base64Options::Default","src/simdutf.rs","v8::simdutf::Base64Options::Default","variant","src/simdutf.rs","273","matched","simdutf.go","conformance/simdutf/conformance_test.go","Safe observable behavior is represented by the cited Go API and executable evidence."
"src/simdutf.rs:275:variant:v8::simdutf::Base64Options::Url","src/simdutf.rs","v8::simdutf::Base64Options::Url","variant","src/simdutf.rs","275","matched","simdutf.go","conformance/simdutf/conformance_test.go","Safe observable behavior is represented by the cited Go API and executable evidence."
"src/simdutf.rs:277:variant:v8::simdutf::Base64Options::DefaultNoPadding","src/simdutf.rs","v8::simdutf::Base64Options::DefaultNoPadding","variant","src/simdutf.rs","277","matched","simdutf.go","conformance/simdutf/conformance_test.go","Safe observable behavior is represented by the cited Go API and executable evidence."
"src/simdutf.rs:279:variant:v8::simdutf::Base64Options::UrlWithPadding","src/simdutf.rs","v8::simdutf::Base64Options::UrlWithPadding","variant","src/simdutf.rs","279","matched","simdutf.go","conformance/simdutf/conformance_test.go","Safe observable behavior is represented by the cited Go API and executable evidence."
"src/simdutf.rs:285:enum:v8::simdutf::LastChunkHandling","src/simdutf.rs","v8::simdutf::LastChunkHandling","enum","src/simdutf.rs","285","matched","simdutf.go","conformance/simdutf/conformance_test.go","Safe observable behavior is represented by the cited Go API and executable evidence."
"src/simdutf.rs:287:variant:v8::simdutf::LastChunkHandling::Loose","src/simdutf.rs","v8::simdutf::LastChunkHandling::Loose","variant","src/simdutf.rs","287","matched","simdutf.go","conformance/simdutf/conformance_test.go","Safe observable behavior is represented by the cited Go API and executable evidence."
"src/simdutf.rs:289:variant:v8::simdutf::LastChunkHandling::Strict","src/simdutf.rs","v8::simdutf::LastChunkHandling::Strict","variant","src/simdutf.rs","289","matched","simdutf.go","conformance/simdutf/conformance_test.go","Safe observable behavior is represented by the cited Go API and executable evidence."
"src/simdutf.rs:291:variant:v8::simdutf::LastChunkHandling::StopBeforePartial","src/simdutf.rs","v8::simdutf::LastChunkHandling::StopBeforePartial","variant","src/simdutf.rs","291","matched","simdutf.go","conformance/simdutf/conformance_test.go","Safe observable behavior is represented by the cited Go API and executable evidence."
"src/simdutf.rs:293:variant:v8::simdutf::LastChunkHandling::OnlyFullChunks","src/simdutf.rs","v8::simdutf::LastChunkHandling::OnlyFullChunks","variant","src/simdutf.rs","293","matched","simdutf.go","conformance/simdutf/conformance_test.go","Safe observable behavior is represented by the cited Go API and executable evidence."
"src/simdutf.rs:302:function:v8::simdutf::validate_utf8","src/simdutf.rs","v8::simdutf::validate_utf8","function","src/simdutf.rs","302","matched","simdutf.go","conformance/simdutf/conformance_test.go","Safe observable behavior is represented by the cited Go API and executable evidence."
"src/simdutf.rs:308:function:v8::simdutf::validate_utf8_with_errors","src/simdutf.rs","v8::simdutf::validate_utf8_with_errors","function","src/simdutf.rs","308","matched","simdutf.go","conformance/simdutf/conformance_test.go","Safe observable behavior is represented by the cited Go API and executable evidence."
"src/simdutf.rs:316:function:v8::simdutf::validate_ascii","src/simdutf.rs","v8::simdutf::validate_ascii","function","src/simdutf.rs","316","matched","simdutf.go","conformance/simdutf/conformance_test.go","Safe observable behavior is represented by the cited Go API and executable evidence."
"src/simdutf.rs:322:function:v8::simdutf::validate_ascii_with_errors","src/simdutf.rs","v8::simdutf::validate_ascii_with_errors","function","src/simdutf.rs","322","matched","simdutf.go","conformance/simdutf/conformance_test.go","Safe observable behavior is represented by the cited Go API and executable evidence."
"src/simdutf.rs:330:function:v8::simdutf::validate_utf16le","src/simdutf.rs","v8::simdutf::validate_utf16le","function","src/simdutf.rs","330","matched","simdutf.go","conformance/simdutf/conformance_test.go","Safe observable behavior is represented by the cited Go API and executable evidence."
"src/simdutf.rs:336:function:v8::simdutf::validate_utf16le_with_errors","src/simdutf.rs","v8::simdutf::validate_utf16le_with_errors","function","src/simdutf.rs","336","matched","simdutf.go","conformance/simdutf/conformance_test.go","Safe observable behavior is represented by the cited Go API and executable evidence."
"src/simdutf.rs:344:function:v8::simdutf::validate_utf16be","src/simdutf.rs","v8::simdutf::validate_utf16be","function","src/simdutf.rs","344","matched","simdutf.go","conformance/simdutf/conformance_test.go","Safe observable behavior is represented by the cited Go API and executable evidence."
"src/simdutf.rs:350:function:v8::simdutf::validate_utf16be_with_errors","src/simdutf.rs","v8::simdutf::validate_utf16be_with_errors","function","src/simdutf.rs","350","matched","simdutf.go","conformance/simdutf/conformance_test.go","Safe observable behavior is represented by the cited Go API and executable evidence."
"src/simdutf.rs:358:function:v8::simdutf::validate_utf32","src/simdutf.rs","v8::simdutf::validate_utf32","function","src/simdutf.rs","358","matched","simdutf.go","conformance/simdutf/conformance_test.go","Safe observable behavior is represented by the cited Go API and executable evidence."
"src/simdutf.rs:364:function:v8::simdutf::validate_utf32_with_errors","src/simdutf.rs","v8::simdutf::validate_utf32_with_errors","function","src/simdutf.rs","364","matched","simdutf.go","conformance/simdutf/conformance_test.go","Safe observable behavior is represented by the cited Go API and executable evidence."
"src/simdutf.rs:381:function:v8::simdutf::convert_utf8_to_utf16le","src/simdutf.rs","v8::simdutf::convert_utf8_to_utf16le","function","src/simdutf.rs","381","matched","simdutf.go","conformance/simdutf/conformance_test.go","Safe observable behavior is represented by the cited Go API and executable evidence."
"src/simdutf.rs:400:function:v8::simdutf::convert_utf8_to_utf16le_with_errors","src/simdutf.rs","v8::simdutf::convert_utf8_to_utf16le_with_errors","function","src/simdutf.rs","400","matched","simdutf.go","conformance/simdutf/conformance_test.go","Safe observable behavior is represented by the cited Go API and executable evidence."
"src/simdutf.rs:420:function:v8::simdutf::convert_valid_utf8_to_utf16le","src/simdutf.rs","v8::simdutf::convert_valid_utf8_to_utf16le","function","src/simdutf.rs","420","matched","simdutf.go","conformance/simdutf/conformance_test.go","Safe observable behavior is represented by the cited Go API and executable evidence."
"src/simdutf.rs:440:function:v8::simdutf::convert_utf16le_to_utf8","src/simdutf.rs","v8::simdutf::convert_utf16le_to_utf8","function","src/simdutf.rs","440","matched","simdutf.go","conformance/simdutf/conformance_test.go","Safe observable behavior is represented by the cited Go API and executable evidence."
"src/simdutf.rs:459:function:v8::simdutf::convert_utf16le_to_utf8_with_errors","src/simdutf.rs","v8::simdutf::convert_utf16le_to_utf8_with_errors","function","src/simdutf.rs","459","matched","simdutf.go","conformance/simdutf/conformance_test.go","Safe observable behavior is represented by the cited Go API and executable evidence."
"src/simdutf.rs:479:function:v8::simdutf::convert_valid_utf16le_to_utf8","src/simdutf.rs","v8::simdutf::convert_valid_utf16le_to_utf8","function","src/simdutf.rs","479","matched","simdutf.go","conformance/simdutf/conformance_test.go","Safe observable behavior is represented by the cited Go API and executable evidence."
"src/simdutf.rs:502:function:v8::simdutf::convert_utf8_to_utf16be","src/simdutf.rs","v8::simdutf::convert_utf8_to_utf16be","function","src/simdutf.rs","502","matched","simdutf.go","conformance/simdutf/conformance_test.go","Safe observable behavior is represented by the cited Go API and executable evidence."
"src/simdutf.rs:521:function:v8::simdutf::convert_utf16be_to_utf8","src/simdutf.rs","v8::simdutf::convert_utf16be_to_utf8","function","src/simdutf.rs","521","matched","simdutf.go","conformance/simdutf/conformance_test.go","Safe observable behavior is represented by the cited Go API and executable evidence."
"src/simdutf.rs:546:function:v8::simdutf::convert_utf8_to_latin1","src/simdutf.rs","v8::simdutf::convert_utf8_to_latin1","function","src/simdutf.rs","546","matched","simdutf.go","conformance/simdutf/conformance_test.go","Safe observable behavior is represented by the cited Go API and executable evidence."
"src/simdutf.rs:562:function:v8::simdutf::convert_utf8_to_latin1_with_errors","src/simdutf.rs","v8::simdutf::convert_utf8_to_latin1_with_errors","function","src/simdutf.rs","562","matched","simdutf.go","conformance/simdutf/conformance_test.go","Safe observable behavior is represented by the cited Go API and executable evidence."
"src/simdutf.rs:583:function:v8::simdutf::convert_valid_utf8_to_latin1","src/simdutf.rs","v8::simdutf::convert_valid_utf8_to_latin1","function","src/simdutf.rs","583","matched","simdutf.go","conformance/simdutf/conformance_test.go","Safe observable behavior is represented by the cited Go API and executable evidence."
"src/simdutf.rs:603:function:v8::simdutf::convert_latin1_to_utf8","src/simdutf.rs","v8::simdutf::convert_latin1_to_utf8","function","src/simdutf.rs","603","matched","simdutf.go","conformance/simdutf/conformance_test.go","Safe observable behavior is represented by the cited Go API and executable evidence."
"src/simdutf.rs:623:function:v8::simdutf::convert_latin1_to_utf16le","src/simdutf.rs","v8::simdutf::convert_latin1_to_utf16le","function","src/simdutf.rs","623","matched","simdutf.go","conformance/simdutf/conformance_test.go","Safe observable behavior is represented by the cited Go API and executable evidence."
"src/simdutf.rs:643:function:v8::simdutf::convert_utf16le_to_latin1","src/simdutf.rs","v8::simdutf::convert_utf16le_to_latin1","function","src/simdutf.rs","643","matched","simdutf.go","conformance/simdutf/conformance_test.go","Safe observable behavior is represented by the cited Go API and executable evidence."
"src/simdutf.rs:666:function:v8::simdutf::convert_utf8_to_utf32","src/simdutf.rs","v8::simdutf::convert_utf8_to_utf32","function","src/simdutf.rs","666","matched","simdutf.go","conformance/simdutf/conformance_test.go","Safe observable behavior is represented by the cited Go API and executable evidence."
"src/simdutf.rs:682:function:v8::simdutf::convert_utf32_to_utf8","src/simdutf.rs","v8::simdutf::convert_utf32_to_utf8","function","src/simdutf.rs","682","matched","simdutf.go","conformance/simdutf/conformance_test.go","Safe observable behavior is represented by the cited Go API and executable evidence."
"src/simdutf.rs:699:function:v8::simdutf::utf8_length_from_utf16le","src/simdutf.rs","v8::simdutf::utf8_length_from_utf16le","function","src/simdutf.rs","699","matched","simdutf.go","conformance/simdutf/conformance_test.go","Safe observable behavior is represented by the cited Go API and executable evidence."
"src/simdutf.rs:706:function:v8::simdutf::utf8_length_from_utf16be","src/simdutf.rs","v8::simdutf::utf8_length_from_utf16be","function","src/simdutf.rs","706","matched","simdutf.go","conformance/simdutf/conformance_test.go","Safe observable behavior is represented by the cited Go API and executable evidence."
"src/simdutf.rs:713:function:v8::simdutf::utf16_length_from_utf8","src/simdutf.rs","v8::simdutf::utf16_length_from_utf8","function","src/simdutf.rs","713","matched","simdutf.go","conformance/simdutf/conformance_test.go","Safe observable behavior is represented by the cited Go API and executable evidence."
"src/simdutf.rs:719:function:v8::simdutf::utf8_length_from_latin1","src/simdutf.rs","v8::simdutf::utf8_length_from_latin1","function","src/simdutf.rs","719","matched","simdutf.go","conformance/simdutf/conformance_test.go","Safe observable behavior is represented by the cited Go API and executable evidence."
"src/simdutf.rs:726:function:v8::simdutf::latin1_length_from_utf8","src/simdutf.rs","v8::simdutf::latin1_length_from_utf8","function","src/simdutf.rs","726","matched","simdutf.go","conformance/simdutf/conformance_test.go","Safe observable behavior is represented by the cited Go API and executable evidence."
"src/simdutf.rs:733:function:v8::simdutf::utf32_length_from_utf8","src/simdutf.rs","v8::simdutf::utf32_length_from_utf8","function","src/simdutf.rs","733","matched","simdutf.go","conformance/simdutf/conformance_test.go","Safe observable behavior is represented by the cited Go API and executable evidence."
"src/simdutf.rs:739:function:v8::simdutf::utf8_length_from_utf32","src/simdutf.rs","v8::simdutf::utf8_length_from_utf32","function","src/simdutf.rs","739","matched","simdutf.go","conformance/simdutf/conformance_test.go","Safe observable behavior is represented by the cited Go API and executable evidence."
"src/simdutf.rs:746:function:v8::simdutf::utf16_length_from_utf32","src/simdutf.rs","v8::simdutf::utf16_length_from_utf32","function","src/simdutf.rs","746","matched","simdutf.go","conformance/simdutf/conformance_test.go","Safe observable behavior is represented by the cited Go API and executable evidence."
"src/simdutf.rs:753:function:v8::simdutf::utf32_length_from_utf16le","src/simdutf.rs","v8::simdutf::utf32_length_from_utf16le","function","src/simdutf.rs","753","matched","simdutf.go","conformance/simdutf/conformance_test.go","Safe observable behavior is represented by the cited Go API and executable evidence."
"src/simdutf.rs:764:function:v8::simdutf::count_utf8","src/simdutf.rs","v8::simdutf::count_utf8","function","src/simdutf.rs","764","matched","simdutf.go","conformance/simdutf/conformance_test.go","Safe observable behavior is represented by the cited Go API and executable evidence."
"src/simdutf.rs:771:function:v8::simdutf::count_utf16le","src/simdutf.rs","v8::simdutf::count_utf16le","function","src/simdutf.rs","771","matched","simdutf.go","conformance/simdutf/conformance_test.go","Safe observable behavior is represented by the cited Go API and executable evidence."
"src/simdutf.rs:778:function:v8::simdutf::count_utf16be","src/simdutf.rs","v8::simdutf::count_utf16be","function","src/simdutf.rs","778","matched","simdutf.go","conformance/simdutf/conformance_test.go","Safe observable behavior is represented by the cited Go API and executable evidence."
"src/simdutf.rs:798:function:v8::simdutf::detect_encodings","src/simdutf.rs","v8::simdutf::detect_encodings","function","src/simdutf.rs","798","matched","simdutf.go","conformance/simdutf/conformance_test.go","Safe observable behavior is represented by the cited Go API and executable evidence."
"src/simdutf.rs:809:function:v8::simdutf::maximal_binary_length_from_base64","src/simdutf.rs","v8::simdutf::maximal_binary_length_from_base64","function","src/simdutf.rs","809","matched","simdutf.go","conformance/simdutf/conformance_test.go","Safe observable behavior is represented by the cited Go API and executable evidence."
"src/simdutf.rs:822:function:v8::simdutf::base64_to_binary","src/simdutf.rs","v8::simdutf::base64_to_binary","function","src/simdutf.rs","822","matched","simdutf.go","conformance/simdutf/conformance_test.go","Safe observable behavior is represented by the cited Go API and executable evidence."
"src/simdutf.rs:842:function:v8::simdutf::base64_length_from_binary","src/simdutf.rs","v8::simdutf::base64_length_from_binary","function","src/simdutf.rs","842","matched","simdutf.go","conformance/simdutf/conformance_test.go","Safe observable behavior is represented by the cited Go API and executable evidence."
"src/simdutf.rs:856:function:v8::simdutf::binary_to_base64","src/simdutf.rs","v8::simdutf::binary_to_base64","function","src/simdutf.rs","856","matched","simdutf.go","conformance/simdutf/conformance_test.go","Safe observable behavior is represented by the cited Go API and executable evidence."
"src/snapshot.rs:57:struct:v8::snapshot::StartupData","src/snapshot.rs","v8::snapshot::StartupData","struct","src/snapshot.rs","57","matched","snapshot.go; create_params_snapshot.go","conformance/snapshots/conformance_test.go; conformance/snapshot-resource-composition/conformance_test.go","Safe observable behavior is represented by the cited Go API and executable evidence."
"src/snapshot.rs:69:function:v8::StartupData::can_be_rehashed","src/snapshot.rs","v8::StartupData::can_be_rehashed","function","src/snapshot.rs","69","matched","snapshot.go; create_params_snapshot.go","conformance/snapshots/conformance_test.go; conformance/snapshot-resource-composition/conformance_test.go","Safe observable behavior is represented by the cited Go API and executable evidence."
"src/snapshot.rs:82:function:v8::StartupData::is_valid","src/snapshot.rs","v8::StartupData::is_valid","function","src/snapshot.rs","82","matched","snapshot.go; create_params_snapshot.go","conformance/snapshots/conformance_test.go; conformance/snapshot-resource-composition/conformance_test.go","Safe observable behavior is represented by the cited Go API and executable evidence."
"src/snapshot.rs:142:enum:v8::snapshot::FunctionCodeHandling","src/snapshot.rs","v8::snapshot::FunctionCodeHandling","enum","src/snapshot.rs","142","matched","snapshot.go; create_params_snapshot.go","conformance/snapshots/conformance_test.go; conformance/snapshot-resource-composition/conformance_test.go","Safe observable behavior is represented by the cited Go API and executable evidence."
"src/snapshot.rs:143:variant:v8::snapshot::FunctionCodeHandling::Clear","src/snapshot.rs","v8::snapshot::FunctionCodeHandling::Clear","variant","src/snapshot.rs","143","matched","snapshot.go; create_params_snapshot.go","conformance/snapshots/conformance_test.go; conformance/snapshot-resource-composition/conformance_test.go","Safe observable behavior is represented by the cited Go API and executable evidence."
"src/snapshot.rs:144:variant:v8::snapshot::FunctionCodeHandling::Keep","src/snapshot.rs","v8::snapshot::FunctionCodeHandling::Keep","variant","src/snapshot.rs","144","matched","snapshot.go; create_params_snapshot.go","conformance/snapshots/conformance_test.go; conformance/snapshot-resource-composition/conformance_test.go","Safe observable behavior is represented by the cited Go API and executable evidence."
"src/string.rs:31:function:v8::string::latin1_to_utf8","src/string.rs","v8::string::latin1_to_utf8","function","src/string.rs","31","matched","strings_bigint.go; value.go","conformance/strings-bigint/runner_test.go; strings_bigint_test.go","Safe observable behavior is represented by the cited Go API and executable evidence."
"src/string.rs:216:enum:v8::string::Encoding","src/string.rs","v8::string::Encoding","enum","src/string.rs","216","matched","strings_bigint.go; value.go","conformance/strings-bigint/runner_test.go; strings_bigint_test.go","Safe observable behavior is represented by the cited Go API and executable evidence."
"src/string.rs:217:variant:v8::string::Encoding::Unknown","src/string.rs","v8::string::Encoding::Unknown","variant","src/string.rs","217","matched","strings_bigint.go; value.go","conformance/strings-bigint/runner_test.go; strings_bigint_test.go","Safe observable behavior is represented by the cited Go API and executable evidence."
"src/string.rs:218:variant:v8::string::Encoding::TwoByte","src/string.rs","v8::string::Encoding::TwoByte","variant","src/string.rs","218","matched","strings_bigint.go; value.go","conformance/strings-bigint/runner_test.go; strings_bigint_test.go","Safe observable behavior is represented by the cited Go API and executable evidence."
"src/string.rs:219:variant:v8::string::Encoding::OneByte","src/string.rs","v8::string::Encoding::OneByte","variant","src/string.rs","219","matched","strings_bigint.go; value.go","conformance/strings-bigint/runner_test.go; strings_bigint_test.go","Safe observable behavior is represented by the cited Go API and executable evidence."
"src/string.rs:223:struct:v8::string::ExternalStringResource","src/string.rs","v8::string::ExternalStringResource","struct","src/string.rs","223","matched","strings_bigint.go; value.go","conformance/strings-bigint/runner_test.go; strings_bigint_test.go","Safe observable behavior is represented by the cited Go API and executable evidence."
"src/string.rs:226:struct:v8::string::ExternalStringResourceBase","src/string.rs","v8::string::ExternalStringResourceBase","struct","src/string.rs","226","matched","strings_bigint.go; value.go","conformance/strings-bigint/runner_test.go; strings_bigint_test.go","Safe observable behavior is represented by the cited Go API and executable evidence."
"src/string.rs:235:struct:v8::string::ExternalOneByteStringResource","src/string.rs","v8::string::ExternalOneByteStringResource","struct","src/string.rs","235","matched","strings_bigint.go; value.go","conformance/strings-bigint/runner_test.go; strings_bigint_test.go","Safe observable behavior is represented by the cited Go API and executable evidence."
"src/string.rs:269:struct:v8::string::OneByteConst","src/string.rs","v8::string::OneByteConst","struct","src/string.rs","269","matched","strings_bigint.go; value.go","conformance/strings-bigint/runner_test.go; strings_bigint_test.go","Safe observable behavior is represented by the cited Go API and executable evidence."
"src/string.rs:278:function:v8::OneByteConst::as_str","src/string.rs","v8::OneByteConst::as_str","function","src/string.rs","278","matched","strings_bigint.go; value.go","conformance/strings-bigint/runner_test.go; strings_bigint_test.go","Safe observable behavior is represented by the cited Go API and executable evidence."
"src/string.rs:425:enum:v8::string::NewStringType","src/string.rs","v8::string::NewStringType","enum","src/string.rs","425","matched","strings_bigint.go; value.go","conformance/strings-bigint/runner_test.go; strings_bigint_test.go","Safe observable behavior is represented by the cited Go API and executable evidence."
"src/string.rs:427:variant:v8::string::NewStringType::Normal","src/string.rs","v8::string::NewStringType::Normal","variant","src/string.rs","427","matched","strings_bigint.go; value.go","conformance/strings-bigint/runner_test.go; strings_bigint_test.go","Safe observable behavior is represented by the cited Go API and executable evidence."
"src/string.rs:428:variant:v8::string::NewStringType::Internalized","src/string.rs","v8::string::NewStringType::Internalized","variant","src/string.rs","428","matched","strings_bigint.go; value.go","conformance/strings-bigint/runner_test.go; strings_bigint_test.go","Safe observable behavior is represented by the cited Go API and executable evidence."
"src/string.rs:431:assoc_const:v8::WriteOptions::HINT_MANY_WRITES_EXPECTED","src/string.rs","v8::WriteOptions::HINT_MANY_WRITES_EXPECTED","assoc_const","src/string.rs","431","matched","strings_bigint.go; value.go","conformance/strings-bigint/runner_test.go; strings_bigint_test.go","Safe observable behavior is represented by the cited Go API and executable evidence."
"src/string.rs:431:assoc_const:v8::WriteOptions::NO_NULL_TERMINATION","src/string.rs","v8::WriteOptions::NO_NULL_TERMINATION","assoc_const","src/string.rs","431","matched","strings_bigint.go; value.go","conformance/strings-bigint/runner_test.go; strings_bigint_test.go","Safe observable behavior is represented by the cited Go API and executable evidence."
"src/string.rs:431:assoc_const:v8::WriteOptions::NO_OPTIONS","src/string.rs","v8::WriteOptions::NO_OPTIONS","assoc_const","src/string.rs","431","matched","strings_bigint.go; value.go","conformance/strings-bigint/runner_test.go; strings_bigint_test.go","Safe observable behavior is represented by the cited Go API and executable evidence."
"src/string.rs:431:assoc_const:v8::WriteOptions::PRESERVE_ONE_BYTE_NULL","src/string.rs","v8::WriteOptions::PRESERVE_ONE_BYTE_NULL","assoc_const","src/string.rs","431","matched","strings_bigint.go; value.go","conformance/strings-bigint/runner_test.go; strings_bigint_test.go","Safe observable behavior is represented by the cited Go API and executable evidence."
"src/string.rs:431:assoc_const:v8::WriteOptions::REPLACE_INVALID_UTF8","src/string.rs","v8::WriteOptions::REPLACE_INVALID_UTF8","assoc_const","src/string.rs","431","matched","strings_bigint.go; value.go","conformance/strings-bigint/runner_test.go; strings_bigint_test.go","Safe observable behavior is represented by the cited Go API and executable evidence."
"src/string.rs:431:function:v8::WriteOptions::all","src/string.rs","v8::WriteOptions::all","function","src/string.rs","431","matched","strings_bigint.go; value.go","conformance/strings-bigint/runner_test.go; strings_bigint_test.go","Safe observable behavior is represented by the cited Go API and executable evidence."
"src/string.rs:431:function:v8::WriteOptions::bits","src/string.rs","v8::WriteOptions::bits","function","src/string.rs","431","matched","strings_bigint.go; value.go","conformance/strings-bigint/runner_test.go; strings_bigint_test.go","Safe observable behavior is represented by the cited Go API and executable evidence."
"src/string.rs:431:function:v8::WriteOptions::complement","src/string.rs","v8::WriteOptions::complement","function","src/string.rs","431","matched","strings_bigint.go; value.go","conformance/strings-bigint/runner_test.go; strings_bigint_test.go","Safe observable behavior is represented by the cited Go API and executable evidence."
"src/string.rs:431:function:v8::WriteOptions::contains","src/string.rs","v8::WriteOptions::contains","function","src/string.rs","431","matched","strings_bigint.go; value.go","conformance/strings-bigint/runner_test.go; strings_bigint_test.go","Safe observable behavior is represented by the cited Go API and executable evidence."
"src/string.rs:431:function:v8::WriteOptions::difference","src/string.rs","v8::WriteOptions::difference","function","src/string.rs","431","matched","strings_bigint.go; value.go","conformance/strings-bigint/runner_test.go; strings_bigint_test.go","Safe observable behavior is represented by the cited Go API and executable evidence."
"src/string.rs:431:function:v8::WriteOptions::empty","src/string.rs","v8::WriteOptions::empty","function","src/string.rs","431","matched","strings_bigint.go; value.go","conformance/strings-bigint/runner_test.go; strings_bigint_test.go","Safe observable behavior is represented by the cited Go API and executable evidence."
"src/string.rs:431:function:v8::WriteOptions::from_bits","src/string.rs","v8::WriteOptions::from_bits","function","src/string.rs","431","matched","strings_bigint.go; value.go","conformance/strings-bigint/runner_test.go; strings_bigint_test.go","Safe observable behavior is represented by the cited Go API and executable evidence."
"src/string.rs:431:function:v8::WriteOptions::from_bits_retain","src/string.rs","v8::WriteOptions::from_bits_retain","function","src/string.rs","431","matched","strings_bigint.go; value.go","conformance/strings-bigint/runner_test.go; strings_bigint_test.go","Safe observable behavior is represented by the cited Go API and executable evidence."
"src/string.rs:431:function:v8::WriteOptions::from_bits_truncate","src/string.rs","v8::WriteOptions::from_bits_truncate","function","src/string.rs","431","matched","strings_bigint.go; value.go","conformance/strings-bigint/runner_test.go; strings_bigint_test.go","Safe observable behavior is represented by the cited Go API and executable evidence."
"src/string.rs:431:function:v8::WriteOptions::from_name","src/string.rs","v8::WriteOptions::from_name","function","src/string.rs","431","matched","strings_bigint.go; value.go","conformance/strings-bigint/runner_test.go; strings_bigint_test.go","Safe observable behavior is represented by the cited Go API and executable evidence."
"src/string.rs:431:function:v8::WriteOptions::insert","src/string.rs","v8::WriteOptions::insert","function","src/string.rs","431","matched","strings_bigint.go; value.go","conformance/strings-bigint/runner_test.go; strings_bigint_test.go","Safe observable behavior is represented by the cited Go API and executable evidence."
"src/string.rs:431:function:v8::WriteOptions::intersection","src/string.rs","v8::WriteOptions::intersection","function","src/string.rs","431","matched","strings_bigint.go; value.go","conformance/strings-bigint/runner_test.go; strings_bigint_test.go","Safe observable behavior is represented by the cited Go API and executable evidence."
"src/string.rs:431:function:v8::WriteOptions::intersects","src/string.rs","v8::WriteOptions::intersects","function","src/string.rs","431","matched","strings_bigint.go; value.go","conformance/strings-bigint/runner_test.go; strings_bigint_test.go","Safe observable behavior is represented by the cited Go API and executable evidence."
"src/string.rs:431:function:v8::WriteOptions::is_all","src/string.rs","v8::WriteOptions::is_all","function","src/string.rs","431","matched","strings_bigint.go; value.go","conformance/strings-bigint/runner_test.go; strings_bigint_test.go","Safe observable behavior is represented by the cited Go API and executable evidence."
"src/string.rs:431:function:v8::WriteOptions::is_empty","src/string.rs","v8::WriteOptions::is_empty","function","src/string.rs","431","matched","strings_bigint.go; value.go","conformance/strings-bigint/runner_test.go; strings_bigint_test.go","Safe observable behavior is represented by the cited Go API and executable evidence."
"src/string.rs:431:function:v8::WriteOptions::iter","src/string.rs","v8::WriteOptions::iter","function","src/string.rs","431","matched","strings_bigint.go; value.go","conformance/strings-bigint/runner_test.go; strings_bigint_test.go","Safe observable behavior is represented by the cited Go API and executable evidence."
"src/string.rs:431:function:v8::WriteOptions::iter_names","src/string.rs","v8::WriteOptions::iter_names","function","src/string.rs","431","matched","strings_bigint.go; value.go","conformance/strings-bigint/runner_test.go; strings_bigint_test.go","Safe observable behavior is represented by the cited Go API and executable evidence."
"src/string.rs:431:function:v8::WriteOptions::remove","src/string.rs","v8::WriteOptions::remove","function","src/string.rs","431","matched","strings_bigint.go; value.go","conformance/strings-bigint/runner_test.go; strings_bigint_test.go","Safe observable behavior is represented by the cited Go API and executable evidence."
"src/string.rs:431:function:v8::WriteOptions::set","src/string.rs","v8::WriteOptions::set","function","src/string.rs","431","matched","strings_bigint.go; value.go","conformance/strings-bigint/runner_test.go; strings_bigint_test.go","Safe observable behavior is represented by the cited Go API and executable evidence."
"src/string.rs:431:function:v8::WriteOptions::symmetric_difference","src/string.rs","v8::WriteOptions::symmetric_difference","function","src/string.rs","431","matched","strings_bigint.go; value.go","conformance/strings-bigint/runner_test.go; strings_bigint_test.go","Safe observable behavior is represented by the cited Go API and executable evidence."
"src/string.rs:431:function:v8::WriteOptions::toggle","src/string.rs","v8::WriteOptions::toggle","function","src/string.rs","431","matched","strings_bigint.go; value.go","conformance/strings-bigint/runner_test.go; strings_bigint_test.go","Safe observable behavior is represented by the cited Go API and executable evidence."
"src/string.rs:431:function:v8::WriteOptions::union","src/string.rs","v8::WriteOptions::union","function","src/string.rs","431","matched","strings_bigint.go; value.go","conformance/strings-bigint/runner_test.go; strings_bigint_test.go","Safe observable behavior is represented by the cited Go API and executable evidence."
"src/string.rs:431:struct:v8::string::WriteOptions","src/string.rs","v8::string::WriteOptions","struct","src/string.rs","431","matched","strings_bigint.go; value.go","conformance/strings-bigint/runner_test.go; strings_bigint_test.go","Safe observable behavior is represented by the cited Go API and executable evidence."
"src/string.rs:446:assoc_const:v8::WriteFlags::kNullTerminate","src/string.rs","v8::WriteFlags::kNullTerminate","assoc_const","src/string.rs","446","matched","strings_bigint.go; value.go","conformance/strings-bigint/runner_test.go; strings_bigint_test.go","Safe observable behavior is represented by the cited Go API and executable evidence."
"src/string.rs:446:assoc_const:v8::WriteFlags::kReplaceInvalidUtf8","src/string.rs","v8::WriteFlags::kReplaceInvalidUtf8","assoc_const","src/string.rs","446","matched","strings_bigint.go; value.go","conformance/strings-bigint/runner_test.go; strings_bigint_test.go","Safe observable behavior is represented by the cited Go API and executable evidence."
"src/string.rs:446:function:v8::WriteFlags::all","src/string.rs","v8::WriteFlags::all","function","src/string.rs","446","matched","strings_bigint.go; value.go","conformance/strings-bigint/runner_test.go; strings_bigint_test.go","Safe observable behavior is represented by the cited Go API and executable evidence."
"src/string.rs:446:function:v8::WriteFlags::bits","src/string.rs","v8::WriteFlags::bits","function","src/string.rs","446","matched","strings_bigint.go; value.go","conformance/strings-bigint/runner_test.go; strings_bigint_test.go","Safe observable behavior is represented by the cited Go API and executable evidence."
"src/string.rs:446:function:v8::WriteFlags::complement","src/string.rs","v8::WriteFlags::complement","function","src/string.rs","446","matched","strings_bigint.go; value.go","conformance/strings-bigint/runner_test.go; strings_bigint_test.go","Safe observable behavior is represented by the cited Go API and executable evidence."
"src/string.rs:446:function:v8::WriteFlags::contains","src/string.rs","v8::WriteFlags::contains","function","src/string.rs","446","matched","strings_bigint.go; value.go","conformance/strings-bigint/runner_test.go; strings_bigint_test.go","Safe observable behavior is represented by the cited Go API and executable evidence."
"src/string.rs:446:function:v8::WriteFlags::difference","src/string.rs","v8::WriteFlags::difference","function","src/string.rs","446","matched","strings_bigint.go; value.go","conformance/strings-bigint/runner_test.go; strings_bigint_test.go","Safe observable behavior is represented by the cited Go API and executable evidence."
"src/string.rs:446:function:v8::WriteFlags::empty","src/string.rs","v8::WriteFlags::empty","function","src/string.rs","446","matched","strings_bigint.go; value.go","conformance/strings-bigint/runner_test.go; strings_bigint_test.go","Safe observable behavior is represented by the cited Go API and executable evidence."
"src/string.rs:446:function:v8::WriteFlags::from_bits","src/string.rs","v8::WriteFlags::from_bits","function","src/string.rs","446","matched","strings_bigint.go; value.go","conformance/strings-bigint/runner_test.go; strings_bigint_test.go","Safe observable behavior is represented by the cited Go API and executable evidence."
"src/string.rs:446:function:v8::WriteFlags::from_bits_retain","src/string.rs","v8::WriteFlags::from_bits_retain","function","src/string.rs","446","matched","strings_bigint.go; value.go","conformance/strings-bigint/runner_test.go; strings_bigint_test.go","Safe observable behavior is represented by the cited Go API and executable evidence."
"src/string.rs:446:function:v8::WriteFlags::from_bits_truncate","src/string.rs","v8::WriteFlags::from_bits_truncate","function","src/string.rs","446","matched","strings_bigint.go; value.go","conformance/strings-bigint/runner_test.go; strings_bigint_test.go","Safe observable behavior is represented by the cited Go API and executable evidence."
"src/string.rs:446:function:v8::WriteFlags::from_name","src/string.rs","v8::WriteFlags::from_name","function","src/string.rs","446","matched","strings_bigint.go; value.go","conformance/strings-bigint/runner_test.go; strings_bigint_test.go","Safe observable behavior is represented by the cited Go API and executable evidence."
"src/string.rs:446:function:v8::WriteFlags::insert","src/string.rs","v8::WriteFlags::insert","function","src/string.rs","446","matched","strings_bigint.go; value.go","conformance/strings-bigint/runner_test.go; strings_bigint_test.go","Safe observable behavior is represented by the cited Go API and executable evidence."
"src/string.rs:446:function:v8::WriteFlags::intersection","src/string.rs","v8::WriteFlags::intersection","function","src/string.rs","446","matched","strings_bigint.go; value.go","conformance/strings-bigint/runner_test.go; strings_bigint_test.go","Safe observable behavior is represented by the cited Go API and executable evidence."
"src/string.rs:446:function:v8::WriteFlags::intersects","src/string.rs","v8::WriteFlags::intersects","function","src/string.rs","446","matched","strings_bigint.go; value.go","conformance/strings-bigint/runner_test.go; strings_bigint_test.go","Safe observable behavior is represented by the cited Go API and executable evidence."
"src/string.rs:446:function:v8::WriteFlags::is_all","src/string.rs","v8::WriteFlags::is_all","function","src/string.rs","446","matched","strings_bigint.go; value.go","conformance/strings-bigint/runner_test.go; strings_bigint_test.go","Safe observable behavior is represented by the cited Go API and executable evidence."
"src/string.rs:446:function:v8::WriteFlags::is_empty","src/string.rs","v8::WriteFlags::is_empty","function","src/string.rs","446","matched","strings_bigint.go; value.go","conformance/strings-bigint/runner_test.go; strings_bigint_test.go","Safe observable behavior is represented by the cited Go API and executable evidence."
"src/string.rs:446:function:v8::WriteFlags::iter","src/string.rs","v8::WriteFlags::iter","function","src/string.rs","446","matched","strings_bigint.go; value.go","conformance/strings-bigint/runner_test.go; strings_bigint_test.go","Safe observable behavior is represented by the cited Go API and executable evidence."
"src/string.rs:446:function:v8::WriteFlags::iter_names","src/string.rs","v8::WriteFlags::iter_names","function","src/string.rs","446","matched","strings_bigint.go; value.go","conformance/strings-bigint/runner_test.go; strings_bigint_test.go","Safe observable behavior is represented by the cited Go API and executable evidence."
"src/string.rs:446:function:v8::WriteFlags::remove","src/string.rs","v8::WriteFlags::remove","function","src/string.rs","446","matched","strings_bigint.go; value.go","conformance/strings-bigint/runner_test.go; strings_bigint_test.go","Safe observable behavior is represented by the cited Go API and executable evidence."
"src/string.rs:446:function:v8::WriteFlags::set","src/string.rs","v8::WriteFlags::set","function","src/string.rs","446","matched","strings_bigint.go; value.go","conformance/strings-bigint/runner_test.go; strings_bigint_test.go","Safe observable behavior is represented by the cited Go API and executable evidence."
"src/string.rs:446:function:v8::WriteFlags::symmetric_difference","src/string.rs","v8::WriteFlags::symmetric_difference","function","src/string.rs","446","matched","strings_bigint.go; value.go","conformance/strings-bigint/runner_test.go; strings_bigint_test.go","Safe observable behavior is represented by the cited Go API and executable evidence."
"src/string.rs:446:function:v8::WriteFlags::toggle","src/string.rs","v8::WriteFlags::toggle","function","src/string.rs","446","matched","strings_bigint.go; value.go","conformance/strings-bigint/runner_test.go; strings_bigint_test.go","Safe observable behavior is represented by the cited Go API and executable evidence."
"src/string.rs:446:function:v8::WriteFlags::union","src/string.rs","v8::WriteFlags::union","function","src/string.rs","446","matched","strings_bigint.go; value.go","conformance/strings-bigint/runner_test.go; strings_bigint_test.go","Safe observable behavior is represented by the cited Go API and executable evidence."
"src/string.rs:446:struct:v8::string::WriteFlags","src/string.rs","v8::string::WriteFlags","struct","src/string.rs","446","matched","strings_bigint.go; value.go","conformance/strings-bigint/runner_test.go; strings_bigint_test.go","Safe observable behavior is represented by the cited Go API and executable evidence."
"src/string.rs:461:assoc_const:v8::String::MAX_LENGTH","src/string.rs","v8::String::MAX_LENGTH","assoc_const","src/string.rs","461","matched","strings_bigint.go; value.go","conformance/strings-bigint/runner_test.go; strings_bigint_test.go","Safe observable behavior is represented by the cited Go API and executable evidence."
"src/string.rs:464:function:v8::String::empty","src/string.rs","v8::String::empty","function","src/string.rs","464","matched","strings_bigint.go; value.go","conformance/strings-bigint/runner_test.go; strings_bigint_test.go","Safe observable behavior is represented by the cited Go API and executable evidence."
"src/string.rs:474:function:v8::String::new_from_utf8","src/string.rs","v8::String::new_from_utf8","function","src/string.rs","474","matched","strings_bigint.go; value.go","conformance/strings-bigint/runner_test.go; strings_bigint_test.go","Safe observable behavior is represented by the cited Go API and executable evidence."
"src/string.rs:578:function:v8::String::new_from_one_byte","src/string.rs","v8::String::new_from_one_byte","function","src/string.rs","578","matched","strings_bigint.go; value.go","conformance/strings-bigint/runner_test.go; strings_bigint_test.go","Safe observable behavior is represented by the cited Go API and executable evidence."
"src/string.rs:599:function:v8::String::new_from_two_byte","src/string.rs","v8::String::new_from_two_byte","function","src/string.rs","599","matched","strings_bigint.go; value.go","conformance/strings-bigint/runner_test.go; strings_bigint_test.go","Safe observable behavior is represented by the cited Go API and executable evidence."
"src/string.rs:619:function:v8::String::length","src/string.rs","v8::String::length","function","src/string.rs","619","matched","strings_bigint.go; value.go","conformance/strings-bigint/runner_test.go; strings_bigint_test.go","Safe observable behavior is represented by the cited Go API and executable evidence."
"src/string.rs:626:function:v8::String::utf8_length","src/string.rs","v8::String::utf8_length","function","src/string.rs","626","matched","strings_bigint.go; value.go","conformance/strings-bigint/runner_test.go; strings_bigint_test.go","Safe observable behavior is represented by the cited Go API and executable evidence."
"src/string.rs:633:function:v8::String::write_v2","src/string.rs","v8::String::write_v2","function","src/string.rs","633","matched","strings_bigint.go; value.go","conformance/strings-bigint/runner_test.go; strings_bigint_test.go","Safe observable behavior is represented by the cited Go API and executable evidence."
"src/string.rs:655:function:v8::String::write_one_byte_v2","src/string.rs","v8::String::write_one_byte_v2","function","src/string.rs","655","matched","strings_bigint.go; value.go","conformance/strings-bigint/runner_test.go; strings_bigint_test.go","Safe observable behavior is represented by the cited Go API and executable evidence."
"src/string.rs:677:function:v8::String::write_one_byte_uninit_v2","src/string.rs","v8::String::write_one_byte_uninit_v2","function","src/string.rs","677","matched","strings_bigint.go; value.go","conformance/strings-bigint/runner_test.go; strings_bigint_test.go","Safe observable behavior is represented by the cited Go API and executable evidence."
"src/string.rs:698:function:v8::String::write_utf8_v2","src/string.rs","v8::String::write_utf8_v2","function","src/string.rs","698","matched","strings_bigint.go; value.go","conformance/strings-bigint/runner_test.go; strings_bigint_test.go","Safe observable behavior is represented by the cited Go API and executable evidence."
"src/string.rs:725:function:v8::String::write_utf8_uninit_v2","src/string.rs","v8::String::write_utf8_uninit_v2","function","src/string.rs","725","matched","strings_bigint.go; value.go","conformance/strings-bigint/runner_test.go; strings_bigint_test.go","Safe observable behavior is represented by the cited Go API and executable evidence."
"src/string.rs:749:function:v8::String::new","src/string.rs","v8::String::new","function","src/string.rs","749","matched","strings_bigint.go; value.go","conformance/strings-bigint/runner_test.go; strings_bigint_test.go","Safe observable behavior is represented by the cited Go API and executable evidence."
"src/string.rs:760:function:v8::String::concat","src/string.rs","v8::String::concat","function","src/string.rs","760","matched","strings_bigint.go; value.go","conformance/strings-bigint/runner_test.go; strings_bigint_test.go","Safe observable behavior is represented by the cited Go API and executable evidence."
"src/string.rs:775:function:v8::String::create_external_onebyte_const","src/string.rs","v8::String::create_external_onebyte_const","function","src/string.rs","775","matched","strings_bigint.go; value.go","conformance/strings-bigint/runner_test.go; strings_bigint_test.go","Safe observable behavior is represented by the cited Go API and executable evidence."
"src/string.rs:797:function:v8::String::create_external_onebyte_const_unchecked","src/string.rs","v8::String::create_external_onebyte_const_unchecked","function","src/string.rs","797","matched","strings_bigint.go; value.go","conformance/strings-bigint/runner_test.go; strings_bigint_test.go","Safe observable behavior is represented by the cited Go API and executable evidence."
"src/string.rs:813:function:v8::String::new_from_onebyte_const","src/string.rs","v8::String::new_from_onebyte_const","function","src/string.rs","813","matched","strings_bigint.go; value.go","conformance/strings-bigint/runner_test.go; strings_bigint_test.go","Safe observable behavior is represented by the cited Go API and executable evidence."
"src/string.rs:827:function:v8::String::new_external_onebyte_static","src/string.rs","v8::String::new_external_onebyte_static","function","src/string.rs","827","matched","strings_bigint.go; value.go","conformance/strings-bigint/runner_test.go; strings_bigint_test.go","Safe observable behavior is represented by the cited Go API and executable evidence."
"src/string.rs:847:function:v8::String::new_external_onebyte","src/string.rs","v8::String::new_external_onebyte","function","src/string.rs","847","matched","strings_bigint.go; value.go","conformance/strings-bigint/runner_test.go; strings_bigint_test.go","Safe observable behavior is represented by the cited Go API and executable evidence."
"src/string.rs:872:function:v8::String::new_external_onebyte_raw","src/string.rs","v8::String::new_external_onebyte_raw","function","src/string.rs","872","matched","strings_bigint.go; value.go","conformance/strings-bigint/runner_test.go; strings_bigint_test.go","Safe observable behavior is represented by the cited Go API and executable evidence."
"src/string.rs:892:function:v8::String::new_external_twobyte_static","src/string.rs","v8::String::new_external_twobyte_static","function","src/string.rs","892","matched","strings_bigint.go; value.go","conformance/strings-bigint/runner_test.go; strings_bigint_test.go","Safe observable behavior is represented by the cited Go API and executable evidence."
"src/string.rs:912:function:v8::String::new_external_twobyte","src/string.rs","v8::String::new_external_twobyte","function","src/string.rs","912","matched","strings_bigint.go; value.go","conformance/strings-bigint/runner_test.go; strings_bigint_test.go","Safe observable behavior is represented by the cited Go API and executable evidence."
"src/string.rs:941:function:v8::String::new_external_twobyte_raw","src/string.rs","v8::String::new_external_twobyte_raw","function","src/string.rs","941","matched","strings_bigint.go; value.go","conformance/strings-bigint/runner_test.go; strings_bigint_test.go","Safe observable behavior is represented by the cited Go API and executable evidence."
"src/string.rs:963:function:v8::String::get_external_string_resource","src/string.rs","v8::String::get_external_string_resource","function","src/string.rs","963","matched","strings_bigint.go; value.go","conformance/strings-bigint/runner_test.go; strings_bigint_test.go","Safe observable behavior is represented by the cited Go API and executable evidence."
"src/string.rs:973:function:v8::String::get_external_onebyte_string_resource","src/string.rs","v8::String::get_external_onebyte_string_resource","function","src/string.rs","973","matched","strings_bigint.go; value.go","conformance/strings-bigint/runner_test.go; strings_bigint_test.go","Safe observable behavior is represented by the cited Go API and executable evidence."
"src/string.rs:989:function:v8::String::get_external_string_resource_base","src/string.rs","v8::String::get_external_string_resource_base","function","src/string.rs","989","matched","strings_bigint.go; value.go","conformance/strings-bigint/runner_test.go; strings_bigint_test.go","Safe observable behavior is represented by the cited Go API and executable evidence."
"src/string.rs:1003:function:v8::String::is_external","src/string.rs","v8::String::is_external","function","src/string.rs","1003","matched","strings_bigint.go; value.go","conformance/strings-bigint/runner_test.go; strings_bigint_test.go","Safe observable behavior is represented by the cited Go API and executable evidence."
"src/string.rs:1016:function:v8::String::is_external_onebyte","src/string.rs","v8::String::is_external_onebyte","function","src/string.rs","1016","matched","strings_bigint.go; value.go","conformance/strings-bigint/runner_test.go; strings_bigint_test.go","Safe observable behavior is represented by the cited Go API and executable evidence."
"src/string.rs:1023:function:v8::String::is_external_twobyte","src/string.rs","v8::String::is_external_twobyte","function","src/string.rs","1023","matched","strings_bigint.go; value.go","conformance/strings-bigint/runner_test.go; strings_bigint_test.go","Safe observable behavior is represented by the cited Go API and executable evidence."
"src/string.rs:1036:function:v8::String::is_onebyte","src/string.rs","v8::String::is_onebyte","function","src/string.rs","1036","matched","strings_bigint.go; value.go","conformance/strings-bigint/runner_test.go; strings_bigint_test.go","Safe observable behavior is represented by the cited Go API and executable evidence."
"src/string.rs:1043:function:v8::String::contains_only_onebyte","src/string.rs","v8::String::contains_only_onebyte","function","src/string.rs","1043","matched","strings_bigint.go; value.go","conformance/strings-bigint/runner_test.go; strings_bigint_test.go","Safe observable behavior is represented by the cited Go API and executable evidence."
"src/string.rs:1053:function:v8::String::to_rust_string_lossy","src/string.rs","v8::String::to_rust_string_lossy","function","src/string.rs","1053","matched","strings_bigint.go; value.go","conformance/strings-bigint/runner_test.go; strings_bigint_test.go","Safe observable behavior is represented by the cited Go API and executable evidence."
"src/string.rs:1075:function:v8::String::write_utf8_into","src/string.rs","v8::String::write_utf8_into","function","src/string.rs","1075","matched","strings_bigint.go; value.go","conformance/strings-bigint/runner_test.go; strings_bigint_test.go","Safe observable behavior is represented by the cited Go API and executable evidence."
"src/string.rs:1126:function:v8::String::to_rust_cow_lossy","src/string.rs","v8::String::to_rust_cow_lossy","function","src/string.rs","1126","matched","strings_bigint.go; value.go","conformance/strings-bigint/runner_test.go; strings_bigint_test.go","Safe observable behavior is represented by the cited Go API and executable evidence."
"src/string.rs:1210:enum:v8::string::ValueViewData","src/string.rs","v8::string::ValueViewData","enum","src/string.rs","1210","matched","strings_bigint.go; value.go","conformance/strings-bigint/runner_test.go; strings_bigint_test.go","Safe observable behavior is represented by the cited Go API and executable evidence."
"src/string.rs:1211:variant:v8::string::ValueViewData::OneByte","src/string.rs","v8::string::ValueViewData::OneByte","variant","src/string.rs","1211","matched","strings_bigint.go; value.go","conformance/strings-bigint/runner_test.go; strings_bigint_test.go","Safe observable behavior is represented by the cited Go API and executable evidence."
"src/string.rs:1212:variant:v8::string::ValueViewData::TwoByte","src/string.rs","v8::string::ValueViewData::TwoByte","variant","src/string.rs","1212","matched","strings_bigint.go; value.go","conformance/strings-bigint/runner_test.go; strings_bigint_test.go","Safe observable behavior is represented by the cited Go API and executable evidence."
"src/string.rs:1224:struct:v8::string::ValueView","src/string.rs","v8::string::ValueView","struct","src/string.rs","1224","matched","strings_bigint.go; value.go","conformance/strings-bigint/runner_test.go; strings_bigint_test.go","Safe observable behavior is represented by the cited Go API and executable evidence."
"src/string.rs:1231:function:v8::ValueView::new","src/string.rs","v8::ValueView::new","function","src/string.rs","1231","matched","strings_bigint.go; value.go","conformance/strings-bigint/runner_test.go; strings_bigint_test.go","Safe observable behavior is represented by the cited Go API and executable evidence."
"src/string.rs:1264:function:v8::ValueView::data","src/string.rs","v8::ValueView::data","function","src/string.rs","1264","matched","strings_bigint.go; value.go","conformance/strings-bigint/runner_test.go; strings_bigint_test.go","Safe observable behavior is represented by the cited Go API and executable evidence."
"src/string.rs:1315:function:v8::ValueView::as_str","src/string.rs","v8::ValueView::as_str","function","src/string.rs","1315","matched","strings_bigint.go; value.go","conformance/strings-bigint/runner_test.go; strings_bigint_test.go","Safe observable behavior is represented by the cited Go API and executable evidence."
"src/string.rs:1338:function:v8::ValueView::to_cow_lossy","src/string.rs","v8::ValueView::to_cow_lossy","function","src/string.rs","1338","matched","strings_bigint.go; value.go","conformance/strings-bigint/runner_test.go; strings_bigint_test.go","Safe observable behavior is represented by the cited Go API and executable evidence."
"src/support.rs:41:struct:v8::support::UniquePtr","src/support.rs","v8::support::UniquePtr","struct","src/support.rs","41","unsafe","No raw Go equivalent, safe higher-level behavior is exposed where applicable.","API_AUDIT.md#classification-boundary","Rust-only generic smart-pointer or mapping-vtable machinery"
"src/support.rs:44:function:v8::UniquePtr::is_null","src/support.rs","v8::UniquePtr::is_null","function","src/support.rs","44","unsafe","No raw Go equivalent, safe higher-level behavior is exposed where applicable.","API_AUDIT.md#classification-boundary","Rust-only generic smart-pointer or mapping-vtable machinery"
"src/support.rs:48:function:v8::UniquePtr::as_ref","src/support.rs","v8::UniquePtr::as_ref","function","src/support.rs","48","unsafe","No raw Go equivalent, safe higher-level behavior is exposed where applicable.","API_AUDIT.md#classification-boundary","Rust-only generic smart-pointer or mapping-vtable machinery"
"src/support.rs:52:function:v8::UniquePtr::as_mut","src/support.rs","v8::UniquePtr::as_mut","function","src/support.rs","52","unsafe","No raw Go equivalent, safe higher-level behavior is exposed where applicable.","API_AUDIT.md#classification-boundary","Rust-only generic smart-pointer or mapping-vtable machinery"
"src/support.rs:56:function:v8::UniquePtr::take","src/support.rs","v8::UniquePtr::take","function","src/support.rs","56","unsafe","No raw Go equivalent, safe higher-level behavior is exposed where applicable.","API_AUDIT.md#classification-boundary","Rust-only generic smart-pointer or mapping-vtable machinery"
"src/support.rs:60:function:v8::UniquePtr::unwrap","src/support.rs","v8::UniquePtr::unwrap","function","src/support.rs","60","unsafe","No raw Go equivalent, safe higher-level behavior is exposed where applicable.","API_AUDIT.md#classification-boundary","Rust-only generic smart-pointer or mapping-vtable machinery"
"src/support.rs:66:function:v8::UniquePtr::from_raw","src/support.rs","v8::UniquePtr::from_raw","function","src/support.rs","66","unsafe","No raw Go equivalent, safe higher-level behavior is exposed where applicable.","API_AUDIT.md#classification-boundary","Rust-only generic smart-pointer or mapping-vtable machinery"
"src/support.rs:71:function:v8::UniquePtr::into_raw","src/support.rs","v8::UniquePtr::into_raw","function","src/support.rs","71","unsafe","No raw Go equivalent, safe higher-level behavior is exposed where applicable.","API_AUDIT.md#classification-boundary","Rust-only generic smart-pointer or mapping-vtable machinery"
"src/support.rs:79:function:v8::UniquePtr::make_shared","src/support.rs","v8::UniquePtr::make_shared","function","src/support.rs","79","unsafe","No raw Go equivalent, safe higher-level behavior is exposed where applicable.","API_AUDIT.md#classification-boundary","Rust-only generic smart-pointer or mapping-vtable machinery"
"src/support.rs:101:struct:v8::support::UniqueRef","src/support.rs","v8::support::UniqueRef","struct","src/support.rs","101","unsafe","No raw Go equivalent, safe higher-level behavior is exposed where applicable.","API_AUDIT.md#classification-boundary","Rust-only generic smart-pointer or mapping-vtable machinery"
"src/support.rs:114:function:v8::UniqueRef::into_raw","src/support.rs","v8::UniqueRef::into_raw","function","src/support.rs","114","unsafe","No raw Go equivalent, safe higher-level behavior is exposed where applicable.","API_AUDIT.md#classification-boundary","Rust-only generic smart-pointer or mapping-vtable machinery"
"src/support.rs:126:function:v8::UniqueRef::make_shared","src/support.rs","v8::UniqueRef::make_shared","function","src/support.rs","126","unsafe","No raw Go equivalent, safe higher-level behavior is exposed where applicable.","API_AUDIT.md#classification-boundary","Rust-only generic smart-pointer or mapping-vtable machinery"
"src/support.rs:181:trait:v8::support::Shared","src/support.rs","v8::support::Shared","trait","src/support.rs","181","unsafe","No raw Go equivalent, safe higher-level behavior is exposed where applicable.","API_AUDIT.md#classification-boundary","Rust-only generic smart-pointer or mapping-vtable machinery"
"src/support.rs:185:function:v8::Shared::clone","src/support.rs","v8::Shared::clone","function","src/support.rs","185","unsafe","No raw Go equivalent, safe higher-level behavior is exposed where applicable.","API_AUDIT.md#classification-boundary","Rust-only generic smart-pointer or mapping-vtable machinery"
"src/support.rs:186:function:v8::Shared::from_unique_ptr","src/support.rs","v8::Shared::from_unique_ptr","function","src/support.rs","186","unsafe","No raw Go equivalent, safe higher-level behavior is exposed where applicable.","API_AUDIT.md#classification-boundary","Rust-only generic smart-pointer or mapping-vtable machinery"
"src/support.rs:187:function:v8::Shared::get","src/support.rs","v8::Shared::get","function","src/support.rs","187","unsafe","No raw Go equivalent, safe higher-level behavior is exposed where applicable.","API_AUDIT.md#classification-boundary","Rust-only generic smart-pointer or mapping-vtable machinery"
"src/support.rs:188:function:v8::Shared::reset","src/support.rs","v8::Shared::reset","function","src/support.rs","188","unsafe","No raw Go equivalent, safe higher-level behavior is exposed where applicable.","API_AUDIT.md#classification-boundary","Rust-only generic smart-pointer or mapping-vtable machinery"
"src/support.rs:189:function:v8::Shared::use_count","src/support.rs","v8::Shared::use_count","function","src/support.rs","189","unsafe","No raw Go equivalent, safe higher-level behavior is exposed where applicable.","API_AUDIT.md#classification-boundary","Rust-only generic smart-pointer or mapping-vtable machinery"
"src/support.rs:196:struct:v8::support::SharedPtrBase","src/support.rs","v8::support::SharedPtrBase","struct","src/support.rs","196","unsafe","No raw Go equivalent, safe higher-level behavior is exposed where applicable.","API_AUDIT.md#classification-boundary","Rust-only generic smart-pointer or mapping-vtable machinery"
"src/support.rs:216:struct:v8::support::SharedPtr","src/support.rs","v8::support::SharedPtr","struct","src/support.rs","216","unsafe","No raw Go equivalent, safe higher-level behavior is exposed where applicable.","API_AUDIT.md#classification-boundary","Rust-only generic smart-pointer or mapping-vtable machinery"
"src/support.rs:227:function:v8::SharedPtr::assert_use_count_eq","src/support.rs","v8::SharedPtr::assert_use_count_eq","function","src/support.rs","227","unsafe","No raw Go equivalent, safe higher-level behavior is exposed where applicable.","API_AUDIT.md#classification-boundary","Rust-only generic smart-pointer or mapping-vtable machinery"
"src/support.rs:231:function:v8::SharedPtr::is_null","src/support.rs","v8::SharedPtr::is_null","function","src/support.rs","231","unsafe","No raw Go equivalent, safe higher-level behavior is exposed where applicable.","API_AUDIT.md#classification-boundary","Rust-only generic smart-pointer or mapping-vtable machinery"
"src/support.rs:235:function:v8::SharedPtr::take","src/support.rs","v8::SharedPtr::take","function","src/support.rs","235","unsafe","No raw Go equivalent, safe higher-level behavior is exposed where applicable.","API_AUDIT.md#classification-boundary","Rust-only generic smart-pointer or mapping-vtable machinery"
"src/support.rs:244:function:v8::SharedPtr::unwrap","src/support.rs","v8::SharedPtr::unwrap","function","src/support.rs","244","unsafe","No raw Go equivalent, safe higher-level behavior is exposed where applicable.","API_AUDIT.md#classification-boundary","Rust-only generic smart-pointer or mapping-vtable machinery"
"src/support.rs:283:struct:v8::support::SharedRef","src/support.rs","v8::support::SharedRef","struct","src/support.rs","283","unsafe","No raw Go equivalent, safe higher-level behavior is exposed where applicable.","API_AUDIT.md#classification-boundary","Rust-only generic smart-pointer or mapping-vtable machinery"
"src/support.rs:294:function:v8::SharedRef::assert_use_count_eq","src/support.rs","v8::SharedRef::assert_use_count_eq","function","src/support.rs","294","unsafe","No raw Go equivalent, safe higher-level behavior is exposed where applicable.","API_AUDIT.md#classification-boundary","Rust-only generic smart-pointer or mapping-vtable machinery"
"src/support.rs:365:enum:v8::support::MaybeBool","src/support.rs","v8::support::MaybeBool","enum","src/support.rs","365","matched","runtime_values.go; object_ops.go","conformance/runtime-values/conformance_test.go; object_ops_test.go","Safe observable behavior is represented by the cited Go API and executable evidence."
"src/support.rs:366:variant:v8::support::MaybeBool::JustFalse","src/support.rs","v8::support::MaybeBool::JustFalse","variant","src/support.rs","366","matched","runtime_values.go; object_ops.go","conformance/runtime-values/conformance_test.go; object_ops_test.go","Safe observable behavior is represented by the cited Go API and executable evidence."
"src/support.rs:367:variant:v8::support::MaybeBool::JustTrue","src/support.rs","v8::support::MaybeBool::JustTrue","variant","src/support.rs","367","matched","runtime_values.go; object_ops.go","conformance/runtime-values/conformance_test.go; object_ops_test.go","Safe observable behavior is represented by the cited Go API and executable evidence."
"src/support.rs:368:variant:v8::support::MaybeBool::Nothing","src/support.rs","v8::support::MaybeBool::Nothing","variant","src/support.rs","368","matched","runtime_values.go; object_ops.go","conformance/runtime-values/conformance_test.go; object_ops_test.go","Safe observable behavior is represented by the cited Go API and executable evidence."
"src/support.rs:434:struct:v8::support::Maybe","src/support.rs","v8::support::Maybe","struct","src/support.rs","434","matched","runtime_values.go; object_ops.go","conformance/runtime-values/conformance_test.go; object_ops_test.go","Safe observable behavior is represented by the cited Go API and executable evidence."
"src/support.rs:449:trait:v8::support::UnitType","src/support.rs","v8::support::UnitType","trait","src/support.rs","449","matched","runtime_values.go; object_ops.go","conformance/runtime-values/conformance_test.go; object_ops_test.go","Safe observable behavior is represented by the cited Go API and executable evidence."
"src/support.rs:454:function:v8::UnitType::get","src/support.rs","v8::UnitType::get","function","src/support.rs","454","matched","runtime_values.go; object_ops.go","conformance/runtime-values/conformance_test.go; object_ops_test.go","Safe observable behavior is represented by the cited Go API and executable evidence."
"src/support.rs:496:struct:v8::support::DefaultTag","src/support.rs","v8::support::DefaultTag","struct","src/support.rs","496","matched","runtime_values.go; object_ops.go","conformance/runtime-values/conformance_test.go; object_ops_test.go","Safe observable behavior is represented by the cited Go API and executable evidence."
"src/support.rs:499:struct:v8::support::IdenticalConversionTag","src/support.rs","v8::support::IdenticalConversionTag","struct","src/support.rs","499","matched","runtime_values.go; object_ops.go","conformance/runtime-values/conformance_test.go; object_ops_test.go","Safe observable behavior is represented by the cited Go API and executable evidence."
"src/support.rs:501:trait:v8::support::MapFnFrom","src/support.rs","v8::support::MapFnFrom","trait","src/support.rs","501","unsafe","No raw Go equivalent, safe higher-level behavior is exposed where applicable.","API_AUDIT.md#classification-boundary","Rust-only generic smart-pointer or mapping-vtable machinery"
"src/support.rs:506:function:v8::MapFnFrom::mapping","src/support.rs","v8::MapFnFrom::mapping","function","src/support.rs","506","unsafe","No raw Go equivalent, safe higher-level behavior is exposed where applicable.","API_AUDIT.md#classification-boundary","Rust-only generic smart-pointer or mapping-vtable machinery"
"src/support.rs:509:function:v8::MapFnFrom::map_fn_from","src/support.rs","v8::MapFnFrom::map_fn_from","function","src/support.rs","509","unsafe","No raw Go equivalent, safe higher-level behavior is exposed where applicable.","API_AUDIT.md#classification-boundary","Rust-only generic smart-pointer or mapping-vtable machinery"
"src/support.rs:524:trait:v8::support::MapFnTo","src/support.rs","v8::support::MapFnTo","trait","src/support.rs","524","unsafe","No raw Go equivalent, safe higher-level behavior is exposed where applicable.","API_AUDIT.md#classification-boundary","Rust-only generic smart-pointer or mapping-vtable machinery"
"src/support.rs:529:function:v8::MapFnTo::mapping","src/support.rs","v8::MapFnTo::mapping","function","src/support.rs","529","unsafe","No raw Go equivalent, safe higher-level behavior is exposed where applicable.","API_AUDIT.md#classification-boundary","Rust-only generic smart-pointer or mapping-vtable machinery"
"src/support.rs:532:function:v8::MapFnTo::map_fn_to","src/support.rs","v8::MapFnTo::map_fn_to","function","src/support.rs","532","unsafe","No raw Go equivalent, safe higher-level behavior is exposed where applicable.","API_AUDIT.md#classification-boundary","Rust-only generic smart-pointer or mapping-vtable machinery"
"src/symbol.rs:42:function:v8::Symbol::new","src/symbol.rs","v8::Symbol::new","function","src/symbol.rs","42","matched","runtime_values.go; runtime_values.go","conformance/runtime-values-residual/conformance_test.go","Safe observable behavior is represented by the cited Go API and executable evidence."
"src/symbol.rs:65:function:v8::Symbol::for_key","src/symbol.rs","v8::Symbol::for_key","function","src/symbol.rs","65","matched","runtime_values.go; runtime_values.go","conformance/runtime-values-residual/conformance_test.go","Safe observable behavior is represented by the cited Go API and executable evidence."
"src/symbol.rs:80:function:v8::Symbol::for_api","src/symbol.rs","v8::Symbol::for_api","function","src/symbol.rs","80","matched","runtime_values.go; runtime_values.go","conformance/runtime-values-residual/conformance_test.go","Safe observable behavior is represented by the cited Go API and executable evidence."
"src/symbol.rs:94:function:v8::Symbol::description","src/symbol.rs","v8::Symbol::description","function","src/symbol.rs","94","matched","runtime_values.go; runtime_values.go","conformance/runtime-values-residual/conformance_test.go","Safe observable behavior is represented by the cited Go API and executable evidence."
"src/symbol.rs:104:function:v8::Symbol::get_async_iterator","src/symbol.rs","v8::Symbol::get_async_iterator","function","src/symbol.rs","104","matched","runtime_values.go; runtime_values.go","conformance/runtime-values-residual/conformance_test.go","Safe observable behavior is represented by the cited Go API and executable evidence."
"src/symbol.rs:105:function:v8::Symbol::get_has_instance","src/symbol.rs","v8::Symbol::get_has_instance","function","src/symbol.rs","105","matched","runtime_values.go; runtime_values.go","conformance/runtime-values-residual/conformance_test.go","Safe observable behavior is represented by the cited Go API and executable evidence."
"src/symbol.rs:106:function:v8::Symbol::get_is_concat_spreadable","src/symbol.rs","v8::Symbol::get_is_concat_spreadable","function","src/symbol.rs","106","matched","runtime_values.go; runtime_values.go","conformance/runtime-values-residual/conformance_test.go","Safe observable behavior is represented by the cited Go API and executable evidence."
"src/symbol.rs:107:function:v8::Symbol::get_iterator","src/symbol.rs","v8::Symbol::get_iterator","function","src/symbol.rs","107","matched","runtime_values.go; runtime_values.go","conformance/runtime-values-residual/conformance_test.go","Safe observable behavior is represented by the cited Go API and executable evidence."
"src/symbol.rs:108:function:v8::Symbol::get_match","src/symbol.rs","v8::Symbol::get_match","function","src/symbol.rs","108","matched","runtime_values.go; runtime_values.go","conformance/runtime-values-residual/conformance_test.go","Safe observable behavior is represented by the cited Go API and executable evidence."
"src/symbol.rs:109:function:v8::Symbol::get_replace","src/symbol.rs","v8::Symbol::get_replace","function","src/symbol.rs","109","matched","runtime_values.go; runtime_values.go","conformance/runtime-values-residual/conformance_test.go","Safe observable behavior is represented by the cited Go API and executable evidence."
"src/symbol.rs:110:function:v8::Symbol::get_search","src/symbol.rs","v8::Symbol::get_search","function","src/symbol.rs","110","matched","runtime_values.go; runtime_values.go","conformance/runtime-values-residual/conformance_test.go","Safe observable behavior is represented by the cited Go API and executable evidence."
"src/symbol.rs:111:function:v8::Symbol::get_split","src/symbol.rs","v8::Symbol::get_split","function","src/symbol.rs","111","matched","runtime_values.go; runtime_values.go","conformance/runtime-values-residual/conformance_test.go","Safe observable behavior is represented by the cited Go API and executable evidence."
"src/symbol.rs:112:function:v8::Symbol::get_to_primitive","src/symbol.rs","v8::Symbol::get_to_primitive","function","src/symbol.rs","112","matched","runtime_values.go; runtime_values.go","conformance/runtime-values-residual/conformance_test.go","Safe observable behavior is represented by the cited Go API and executable evidence."
"src/symbol.rs:113:function:v8::Symbol::get_to_string_tag","src/symbol.rs","v8::Symbol::get_to_string_tag","function","src/symbol.rs","113","matched","runtime_values.go; runtime_values.go","conformance/runtime-values-residual/conformance_test.go","Safe observable behavior is represented by the cited Go API and executable evidence."
"src/symbol.rs:114:function:v8::Symbol::get_unscopables","src/symbol.rs","v8::Symbol::get_unscopables","function","src/symbol.rs","114","matched","runtime_values.go; runtime_values.go","conformance/runtime-values-residual/conformance_test.go","Safe observable behavior is represented by the cited Go API and executable evidence."
"src/template.rs:164:type_alias:v8::template::AccessorNameGetterCallback","src/template.rs","v8::template::AccessorNameGetterCallback","type_alias","src/template.rs","164","matched","template.go; template_advanced.go; template_name_keys.go","conformance/host-templates/main_test.go; conformance/template-advanced/main_test.go","Safe observable behavior is represented by the cited Go API and executable evidence."
"src/template.rs:167:type_alias:v8::template::AccessorNameSetterCallback","src/template.rs","v8::template::AccessorNameSetterCallback","type_alias","src/template.rs","167","matched","template.go; template_advanced.go; template_name_keys.go","conformance/host-templates/main_test.go; conformance/template-advanced/main_test.go","Safe observable behavior is represented by the cited Go API and executable evidence."
"src/template.rs:176:type_alias:v8::template::NamedPropertyGetterCallback","src/template.rs","v8::template::NamedPropertyGetterCallback","type_alias","src/template.rs","176","matched","template.go; template_advanced.go; template_name_keys.go","conformance/host-templates/main_test.go; conformance/template-advanced/main_test.go","Safe observable behavior is represented by the cited Go API and executable evidence."
"src/template.rs:188:type_alias:v8::template::NamedPropertySetterCallback","src/template.rs","v8::template::NamedPropertySetterCallback","type_alias","src/template.rs","188","matched","template.go; template_advanced.go; template_name_keys.go","conformance/host-templates/main_test.go; conformance/template-advanced/main_test.go","Safe observable behavior is represented by the cited Go API and executable evidence."
"src/template.rs:202:type_alias:v8::template::NamedPropertyQueryCallback","src/template.rs","v8::template::NamedPropertyQueryCallback","type_alias","src/template.rs","202","matched","template.go; template_advanced.go; template_name_keys.go","conformance/host-templates/main_test.go; conformance/template-advanced/main_test.go","Safe observable behavior is represented by the cited Go API and executable evidence."
"src/template.rs:219:type_alias:v8::template::NamedPropertyDeleterCallback","src/template.rs","v8::template::NamedPropertyDeleterCallback","type_alias","src/template.rs","219","matched","template.go; template_advanced.go; template_name_keys.go","conformance/host-templates/main_test.go; conformance/template-advanced/main_test.go","Safe observable behavior is represented by the cited Go API and executable evidence."
"src/template.rs:226:type_alias:v8::template::NamedPropertyEnumeratorCallback","src/template.rs","v8::template::NamedPropertyEnumeratorCallback","type_alias","src/template.rs","226","matched","template.go; template_advanced.go; template_name_keys.go","conformance/host-templates/main_test.go; conformance/template-advanced/main_test.go","Safe observable behavior is represented by the cited Go API and executable evidence."
"src/template.rs:238:type_alias:v8::template::NamedPropertyDefinerCallback","src/template.rs","v8::template::NamedPropertyDefinerCallback","type_alias","src/template.rs","238","matched","template.go; template_advanced.go; template_name_keys.go","conformance/host-templates/main_test.go; conformance/template-advanced/main_test.go","Safe observable behavior is represented by the cited Go API and executable evidence."
"src/template.rs:251:type_alias:v8::template::NamedPropertyDescriptorCallback","src/template.rs","v8::template::NamedPropertyDescriptorCallback","type_alias","src/template.rs","251","matched","template.go; template_advanced.go; template_name_keys.go","conformance/host-templates/main_test.go; conformance/template-advanced/main_test.go","Safe observable behavior is represented by the cited Go API and executable evidence."
"src/template.rs:254:type_alias:v8::template::IndexedPropertyGetterCallback","src/template.rs","v8::template::IndexedPropertyGetterCallback","type_alias","src/template.rs","254","matched","template.go; template_advanced.go; template_name_keys.go","conformance/host-templates/main_test.go; conformance/template-advanced/main_test.go","Safe observable behavior is represented by the cited Go API and executable evidence."
"src/template.rs:257:type_alias:v8::template::IndexedPropertySetterCallback","src/template.rs","v8::template::IndexedPropertySetterCallback","type_alias","src/template.rs","257","matched","template.go; template_advanced.go; template_name_keys.go","conformance/host-templates/main_test.go; conformance/template-advanced/main_test.go","Safe observable behavior is represented by the cited Go API and executable evidence."
"src/template.rs:260:type_alias:v8::template::IndexedPropertyQueryCallback","src/template.rs","v8::template::IndexedPropertyQueryCallback","type_alias","src/template.rs","260","matched","template.go; template_advanced.go; template_name_keys.go","conformance/host-templates/main_test.go; conformance/template-advanced/main_test.go","Safe observable behavior is represented by the cited Go API and executable evidence."
"src/template.rs:263:type_alias:v8::template::IndexedPropertyDeleterCallback","src/template.rs","v8::template::IndexedPropertyDeleterCallback","type_alias","src/template.rs","263","matched","template.go; template_advanced.go; template_name_keys.go","conformance/host-templates/main_test.go; conformance/template-advanced/main_test.go","Safe observable behavior is represented by the cited Go API and executable evidence."
"src/template.rs:266:type_alias:v8::template::IndexedPropertyEnumeratorCallback","src/template.rs","v8::template::IndexedPropertyEnumeratorCallback","type_alias","src/template.rs","266","matched","template.go; template_advanced.go; template_name_keys.go","conformance/host-templates/main_test.go; conformance/template-advanced/main_test.go","Safe observable behavior is represented by the cited Go API and executable evidence."
"src/template.rs:269:type_alias:v8::template::IndexedPropertyDefinerCallback","src/template.rs","v8::template::IndexedPropertyDefinerCallback","type_alias","src/template.rs","269","matched","template.go; template_advanced.go; template_name_keys.go","conformance/host-templates/main_test.go; conformance/template-advanced/main_test.go","Safe observable behavior is represented by the cited Go API and executable evidence."
"src/template.rs:272:type_alias:v8::template::IndexedPropertyDescriptorCallback","src/template.rs","v8::template::IndexedPropertyDescriptorCallback","type_alias","src/template.rs","272","matched","template.go; template_advanced.go; template_name_keys.go","conformance/host-templates/main_test.go; conformance/template-advanced/main_test.go","Safe observable behavior is represented by the cited Go API and executable evidence."
"src/template.rs:274:struct:v8::template::AccessorConfiguration","src/template.rs","v8::template::AccessorConfiguration","struct","src/template.rs","274","matched","template.go; template_advanced.go; template_name_keys.go","conformance/host-templates/main_test.go; conformance/template-advanced/main_test.go","Safe observable behavior is represented by the cited Go API and executable evidence."
"src/template.rs:282:function:v8::AccessorConfiguration::new","src/template.rs","v8::AccessorConfiguration::new","function","src/template.rs","282","matched","template.go; template_advanced.go; template_name_keys.go","conformance/host-templates/main_test.go; conformance/template-advanced/main_test.go","Safe observable behavior is represented by the cited Go API and executable evidence."
"src/template.rs:291:function:v8::AccessorConfiguration::setter","src/template.rs","v8::AccessorConfiguration::setter","function","src/template.rs","291","matched","template.go; template_advanced.go; template_name_keys.go","conformance/host-templates/main_test.go; conformance/template-advanced/main_test.go","Safe observable behavior is represented by the cited Go API and executable evidence."
"src/template.rs:299:function:v8::AccessorConfiguration::property_attribute","src/template.rs","v8::AccessorConfiguration::property_attribute","function","src/template.rs","299","matched","template.go; template_advanced.go; template_name_keys.go","conformance/host-templates/main_test.go; conformance/template-advanced/main_test.go","Safe observable behavior is represented by the cited Go API and executable evidence."
"src/template.rs:308:function:v8::AccessorConfiguration::data","src/template.rs","v8::AccessorConfiguration::data","function","src/template.rs","308","matched","template.go; template_advanced.go; template_name_keys.go","conformance/host-templates/main_test.go; conformance/template-advanced/main_test.go","Safe observable behavior is represented by the cited Go API and executable evidence."
"src/template.rs:315:struct:v8::template::NamedPropertyHandlerConfiguration","src/template.rs","v8::template::NamedPropertyHandlerConfiguration","struct","src/template.rs","315","matched","template.go; template_advanced.go; template_name_keys.go","conformance/host-templates/main_test.go; conformance/template-advanced/main_test.go","Safe observable behavior is represented by the cited Go API and executable evidence."
"src/template.rs:328:function:v8::NamedPropertyHandlerConfiguration::new","src/template.rs","v8::NamedPropertyHandlerConfiguration::new","function","src/template.rs","328","matched","template.go; template_advanced.go; template_name_keys.go","conformance/host-templates/main_test.go; conformance/template-advanced/main_test.go","Safe observable behavior is represented by the cited Go API and executable evidence."
"src/template.rs:342:function:v8::NamedPropertyHandlerConfiguration::is_some","src/template.rs","v8::NamedPropertyHandlerConfiguration::is_some","function","src/template.rs","342","matched","template.go; template_advanced.go; template_name_keys.go","conformance/host-templates/main_test.go; conformance/template-advanced/main_test.go","Safe observable behavior is represented by the cited Go API and executable evidence."
"src/template.rs:353:function:v8::NamedPropertyHandlerConfiguration::getter","src/template.rs","v8::NamedPropertyHandlerConfiguration::getter","function","src/template.rs","353","matched","template.go; template_advanced.go; template_name_keys.go","conformance/host-templates/main_test.go; conformance/template-advanced/main_test.go","Safe observable behavior is represented by the cited Go API and executable evidence."
"src/template.rs:361:function:v8::NamedPropertyHandlerConfiguration::getter_raw","src/template.rs","v8::NamedPropertyHandlerConfiguration::getter_raw","function","src/template.rs","361","matched","template.go; template_advanced.go; template_name_keys.go","conformance/host-templates/main_test.go; conformance/template-advanced/main_test.go","Safe observable behavior is represented by the cited Go API and executable evidence."
"src/template.rs:366:function:v8::NamedPropertyHandlerConfiguration::setter","src/template.rs","v8::NamedPropertyHandlerConfiguration::setter","function","src/template.rs","366","matched","template.go; template_advanced.go; template_name_keys.go","conformance/host-templates/main_test.go; conformance/template-advanced/main_test.go","Safe observable behavior is represented by the cited Go API and executable evidence."
"src/template.rs:374:function:v8::NamedPropertyHandlerConfiguration::setter_raw","src/template.rs","v8::NamedPropertyHandlerConfiguration::setter_raw","function","src/template.rs","374","matched","template.go; template_advanced.go; template_name_keys.go","conformance/host-templates/main_test.go; conformance/template-advanced/main_test.go","Safe observable behavior is represented by the cited Go API and executable evidence."
"src/template.rs:379:function:v8::NamedPropertyHandlerConfiguration::query","src/template.rs","v8::NamedPropertyHandlerConfiguration::query","function","src/template.rs","379","matched","template.go; template_advanced.go; template_name_keys.go","conformance/host-templates/main_test.go; conformance/template-advanced/main_test.go","Safe observable behavior is represented by the cited Go API and executable evidence."
"src/template.rs:387:function:v8::NamedPropertyHandlerConfiguration::query_raw","src/template.rs","v8::NamedPropertyHandlerConfiguration::query_raw","function","src/template.rs","387","matched","template.go; template_advanced.go; template_name_keys.go","conformance/host-templates/main_test.go; conformance/template-advanced/main_test.go","Safe observable behavior is represented by the cited Go API and executable evidence."
"src/template.rs:392:function:v8::NamedPropertyHandlerConfiguration::deleter","src/template.rs","v8::NamedPropertyHandlerConfiguration::deleter","function","src/template.rs","392","matched","template.go; template_advanced.go; template_name_keys.go","conformance/host-templates/main_test.go; conformance/template-advanced/main_test.go","Safe observable behavior is represented by the cited Go API and executable evidence."
"src/template.rs:400:function:v8::NamedPropertyHandlerConfiguration::deleter_raw","src/template.rs","v8::NamedPropertyHandlerConfiguration::deleter_raw","function","src/template.rs","400","matched","template.go; template_advanced.go; template_name_keys.go","conformance/host-templates/main_test.go; conformance/template-advanced/main_test.go","Safe observable behavior is represented by the cited Go API and executable evidence."
"src/template.rs:405:function:v8::NamedPropertyHandlerConfiguration::enumerator","src/template.rs","v8::NamedPropertyHandlerConfiguration::enumerator","function","src/template.rs","405","matched","template.go; template_advanced.go; template_name_keys.go","conformance/host-templates/main_test.go; conformance/template-advanced/main_test.go","Safe observable behavior is represented by the cited Go API and executable evidence."
"src/template.rs:413:function:v8::NamedPropertyHandlerConfiguration::enumerator_raw","src/template.rs","v8::NamedPropertyHandlerConfiguration::enumerator_raw","function","src/template.rs","413","matched","template.go; template_advanced.go; template_name_keys.go","conformance/host-templates/main_test.go; conformance/template-advanced/main_test.go","Safe observable behavior is represented by the cited Go API and executable evidence."
"src/template.rs:421:function:v8::NamedPropertyHandlerConfiguration::definer","src/template.rs","v8::NamedPropertyHandlerConfiguration::definer","function","src/template.rs","421","matched","template.go; template_advanced.go; template_name_keys.go","conformance/host-templates/main_test.go; conformance/template-advanced/main_test.go","Safe observable behavior is represented by the cited Go API and executable evidence."
"src/template.rs:429:function:v8::NamedPropertyHandlerConfiguration::definer_raw","src/template.rs","v8::NamedPropertyHandlerConfiguration::definer_raw","function","src/template.rs","429","matched","template.go; template_advanced.go; template_name_keys.go","conformance/host-templates/main_test.go; conformance/template-advanced/main_test.go","Safe observable behavior is represented by the cited Go API and executable evidence."
"src/template.rs:434:function:v8::NamedPropertyHandlerConfiguration::descriptor","src/template.rs","v8::NamedPropertyHandlerConfiguration::descriptor","function","src/template.rs","434","matched","template.go; template_advanced.go; template_name_keys.go","conformance/host-templates/main_test.go; conformance/template-advanced/main_test.go","Safe observable behavior is represented by the cited Go API and executable evidence."
"src/template.rs:442:function:v8::NamedPropertyHandlerConfiguration::descriptor_raw","src/template.rs","v8::NamedPropertyHandlerConfiguration::descriptor_raw","function","src/template.rs","442","matched","template.go; template_advanced.go; template_name_keys.go","conformance/host-templates/main_test.go; conformance/template-advanced/main_test.go","Safe observable behavior is represented by the cited Go API and executable evidence."
"src/template.rs:451:function:v8::NamedPropertyHandlerConfiguration::data","src/template.rs","v8::NamedPropertyHandlerConfiguration::data","function","src/template.rs","451","matched","template.go; template_advanced.go; template_name_keys.go","conformance/host-templates/main_test.go; conformance/template-advanced/main_test.go","Safe observable behavior is represented by the cited Go API and executable evidence."
"src/template.rs:457:function:v8::NamedPropertyHandlerConfiguration::flags","src/template.rs","v8::NamedPropertyHandlerConfiguration::flags","function","src/template.rs","457","matched","template.go; template_advanced.go; template_name_keys.go","conformance/host-templates/main_test.go; conformance/template-advanced/main_test.go","Safe observable behavior is represented by the cited Go API and executable evidence."
"src/template.rs:464:struct:v8::template::IndexedPropertyHandlerConfiguration","src/template.rs","v8::template::IndexedPropertyHandlerConfiguration","struct","src/template.rs","464","matched","template.go; template_advanced.go; template_name_keys.go","conformance/host-templates/main_test.go; conformance/template-advanced/main_test.go","Safe observable behavior is represented by the cited Go API and executable evidence."
"src/template.rs:477:function:v8::IndexedPropertyHandlerConfiguration::new","src/template.rs","v8::IndexedPropertyHandlerConfiguration::new","function","src/template.rs","477","matched","template.go; template_advanced.go; template_name_keys.go","conformance/host-templates/main_test.go; conformance/template-advanced/main_test.go","Safe observable behavior is represented by the cited Go API and executable evidence."
"src/template.rs:491:function:v8::IndexedPropertyHandlerConfiguration::is_some","src/template.rs","v8::IndexedPropertyHandlerConfiguration::is_some","function","src/template.rs","491","matched","template.go; template_advanced.go; template_name_keys.go","conformance/host-templates/main_test.go; conformance/template-advanced/main_test.go","Safe observable behavior is represented by the cited Go API and executable evidence."
"src/template.rs:502:function:v8::IndexedPropertyHandlerConfiguration::getter","src/template.rs","v8::IndexedPropertyHandlerConfiguration::getter","function","src/template.rs","502","matched","template.go; template_advanced.go; template_name_keys.go","conformance/host-templates/main_test.go; conformance/template-advanced/main_test.go","Safe observable behavior is represented by the cited Go API and executable evidence."
"src/template.rs:510:function:v8::IndexedPropertyHandlerConfiguration::getter_raw","src/template.rs","v8::IndexedPropertyHandlerConfiguration::getter_raw","function","src/template.rs","510","matched","template.go; template_advanced.go; template_name_keys.go","conformance/host-templates/main_test.go; conformance/template-advanced/main_test.go","Safe observable behavior is represented by the cited Go API and executable evidence."
"src/template.rs:515:function:v8::IndexedPropertyHandlerConfiguration::setter","src/template.rs","v8::IndexedPropertyHandlerConfiguration::setter","function","src/template.rs","515","matched","template.go; template_advanced.go; template_name_keys.go","conformance/host-templates/main_test.go; conformance/template-advanced/main_test.go","Safe observable behavior is represented by the cited Go API and executable evidence."
"src/template.rs:523:function:v8::IndexedPropertyHandlerConfiguration::setter_raw","src/template.rs","v8::IndexedPropertyHandlerConfiguration::setter_raw","function","src/template.rs","523","matched","template.go; template_advanced.go; template_name_keys.go","conformance/host-templates/main_test.go; conformance/template-advanced/main_test.go","Safe observable behavior is represented by the cited Go API and executable evidence."
"src/template.rs:528:function:v8::IndexedPropertyHandlerConfiguration::query","src/template.rs","v8::IndexedPropertyHandlerConfiguration::query","function","src/template.rs","528","matched","template.go; template_advanced.go; template_name_keys.go","conformance/host-templates/main_test.go; conformance/template-advanced/main_test.go","Safe observable behavior is represented by the cited Go API and executable evidence."
"src/template.rs:536:function:v8::IndexedPropertyHandlerConfiguration::query_raw","src/template.rs","v8::IndexedPropertyHandlerConfiguration::query_raw","function","src/template.rs","536","matched","template.go; template_advanced.go; template_name_keys.go","conformance/host-templates/main_test.go; conformance/template-advanced/main_test.go","Safe observable behavior is represented by the cited Go API and executable evidence."
"src/template.rs:541:function:v8::IndexedPropertyHandlerConfiguration::deleter","src/template.rs","v8::IndexedPropertyHandlerConfiguration::deleter","function","src/template.rs","541","matched","template.go; template_advanced.go; template_name_keys.go","conformance/host-templates/main_test.go; conformance/template-advanced/main_test.go","Safe observable behavior is represented by the cited Go API and executable evidence."
"src/template.rs:549:function:v8::IndexedPropertyHandlerConfiguration::deleter_raw","src/template.rs","v8::IndexedPropertyHandlerConfiguration::deleter_raw","function","src/template.rs","549","matched","template.go; template_advanced.go; template_name_keys.go","conformance/host-templates/main_test.go; conformance/template-advanced/main_test.go","Safe observable behavior is represented by the cited Go API and executable evidence."
"src/template.rs:557:function:v8::IndexedPropertyHandlerConfiguration::enumerator","src/template.rs","v8::IndexedPropertyHandlerConfiguration::enumerator","function","src/template.rs","557","matched","template.go; template_advanced.go; template_name_keys.go","conformance/host-templates/main_test.go; conformance/template-advanced/main_test.go","Safe observable behavior is represented by the cited Go API and executable evidence."
"src/template.rs:565:function:v8::IndexedPropertyHandlerConfiguration::enumerator_raw","src/template.rs","v8::IndexedPropertyHandlerConfiguration::enumerator_raw","function","src/template.rs","565","matched","template.go; template_advanced.go; template_name_keys.go","conformance/host-templates/main_test.go; conformance/template-advanced/main_test.go","Safe observable behavior is represented by the cited Go API and executable evidence."
"src/template.rs:573:function:v8::IndexedPropertyHandlerConfiguration::definer","src/template.rs","v8::IndexedPropertyHandlerConfiguration::definer","function","src/template.rs","573","matched","template.go; template_advanced.go; template_name_keys.go","conformance/host-templates/main_test.go; conformance/template-advanced/main_test.go","Safe observable behavior is represented by the cited Go API and executable evidence."
"src/template.rs:581:function:v8::IndexedPropertyHandlerConfiguration::definer_raw","src/template.rs","v8::IndexedPropertyHandlerConfiguration::definer_raw","function","src/template.rs","581","matched","template.go; template_advanced.go; template_name_keys.go","conformance/host-templates/main_test.go; conformance/template-advanced/main_test.go","Safe observable behavior is represented by the cited Go API and executable evidence."
"src/template.rs:589:function:v8::IndexedPropertyHandlerConfiguration::descriptor","src/template.rs","v8::IndexedPropertyHandlerConfiguration::descriptor","function","src/template.rs","589","matched","template.go; template_advanced.go; template_name_keys.go","conformance/host-templates/main_test.go; conformance/template-advanced/main_test.go","Safe observable behavior is represented by the cited Go API and executable evidence."
"src/template.rs:597:function:v8::IndexedPropertyHandlerConfiguration::descriptor_raw","src/template.rs","v8::IndexedPropertyHandlerConfiguration::descriptor_raw","function","src/template.rs","597","matched","template.go; template_advanced.go; template_name_keys.go","conformance/host-templates/main_test.go; conformance/template-advanced/main_test.go","Safe observable behavior is represented by the cited Go API and executable evidence."
"src/template.rs:606:function:v8::IndexedPropertyHandlerConfiguration::data","src/template.rs","v8::IndexedPropertyHandlerConfiguration::data","function","src/template.rs","606","matched","template.go; template_advanced.go; template_name_keys.go","conformance/host-templates/main_test.go; conformance/template-advanced/main_test.go","Safe observable behavior is represented by the cited Go API and executable evidence."
"src/template.rs:612:function:v8::IndexedPropertyHandlerConfiguration::flags","src/template.rs","v8::IndexedPropertyHandlerConfiguration::flags","function","src/template.rs","612","matched","template.go; template_advanced.go; template_name_keys.go","conformance/host-templates/main_test.go; conformance/template-advanced/main_test.go","Safe observable behavior is represented by the cited Go API and executable evidence."
"src/template.rs:620:enum:v8::template::Intrinsic","src/template.rs","v8::template::Intrinsic","enum","src/template.rs","620","matched","template.go; template_advanced.go; template_name_keys.go","conformance/host-templates/main_test.go; conformance/template-advanced/main_test.go","Safe observable behavior is represented by the cited Go API and executable evidence."
"src/template.rs:621:variant:v8::template::Intrinsic::ArrayProtoEntries","src/template.rs","v8::template::Intrinsic::ArrayProtoEntries","variant","src/template.rs","621","matched","template.go; template_advanced.go; template_name_keys.go","conformance/host-templates/main_test.go; conformance/template-advanced/main_test.go","Safe observable behavior is represented by the cited Go API and executable evidence."
"src/template.rs:622:variant:v8::template::Intrinsic::ArrayProtoForEach","src/template.rs","v8::template::Intrinsic::ArrayProtoForEach","variant","src/template.rs","622","matched","template.go; template_advanced.go; template_name_keys.go","conformance/host-templates/main_test.go; conformance/template-advanced/main_test.go","Safe observable behavior is represented by the cited Go API and executable evidence."
"src/template.rs:623:variant:v8::template::Intrinsic::ArrayProtoKeys","src/template.rs","v8::template::Intrinsic::ArrayProtoKeys","variant","src/template.rs","623","matched","template.go; template_advanced.go; template_name_keys.go","conformance/host-templates/main_test.go; conformance/template-advanced/main_test.go","Safe observable behavior is represented by the cited Go API and executable evidence."
"src/template.rs:624:variant:v8::template::Intrinsic::ArrayProtoValues","src/template.rs","v8::template::Intrinsic::ArrayProtoValues","variant","src/template.rs","624","matched","template.go; template_advanced.go; template_name_keys.go","conformance/host-templates/main_test.go; conformance/template-advanced/main_test.go","Safe observable behavior is represented by the cited Go API and executable evidence."
"src/template.rs:625:variant:v8::template::Intrinsic::ArrayPrototype","src/template.rs","v8::template::Intrinsic::ArrayPrototype","variant","src/template.rs","625","matched","template.go; template_advanced.go; template_name_keys.go","conformance/host-templates/main_test.go; conformance/template-advanced/main_test.go","Safe observable behavior is represented by the cited Go API and executable evidence."
"src/template.rs:626:variant:v8::template::Intrinsic::AsyncIteratorPrototype","src/template.rs","v8::template::Intrinsic::AsyncIteratorPrototype","variant","src/template.rs","626","matched","template.go; template_advanced.go; template_name_keys.go","conformance/host-templates/main_test.go; conformance/template-advanced/main_test.go","Safe observable behavior is represented by the cited Go API and executable evidence."
"src/template.rs:627:variant:v8::template::Intrinsic::ErrorPrototype","src/template.rs","v8::template::Intrinsic::ErrorPrototype","variant","src/template.rs","627","matched","template.go; template_advanced.go; template_name_keys.go","conformance/host-templates/main_test.go; conformance/template-advanced/main_test.go","Safe observable behavior is represented by the cited Go API and executable evidence."
"src/template.rs:628:variant:v8::template::Intrinsic::IteratorPrototype","src/template.rs","v8::template::Intrinsic::IteratorPrototype","variant","src/template.rs","628","matched","template.go; template_advanced.go; template_name_keys.go","conformance/host-templates/main_test.go; conformance/template-advanced/main_test.go","Safe observable behavior is represented by the cited Go API and executable evidence."
"src/template.rs:629:variant:v8::template::Intrinsic::MapIteratorPrototype","src/template.rs","v8::template::Intrinsic::MapIteratorPrototype","variant","src/template.rs","629","matched","template.go; template_advanced.go; template_name_keys.go","conformance/host-templates/main_test.go; conformance/template-advanced/main_test.go","Safe observable behavior is represented by the cited Go API and executable evidence."
"src/template.rs:630:variant:v8::template::Intrinsic::ObjProtoValueOf","src/template.rs","v8::template::Intrinsic::ObjProtoValueOf","variant","src/template.rs","630","matched","template.go; template_advanced.go; template_name_keys.go","conformance/host-templates/main_test.go; conformance/template-advanced/main_test.go","Safe observable behavior is represented by the cited Go API and executable evidence."
"src/template.rs:631:variant:v8::template::Intrinsic::SetIteratorPrototype","src/template.rs","v8::template::Intrinsic::SetIteratorPrototype","variant","src/template.rs","631","matched","template.go; template_advanced.go; template_name_keys.go","conformance/host-templates/main_test.go; conformance/template-advanced/main_test.go","Safe observable behavior is represented by the cited Go API and executable evidence."
"src/template.rs:637:function:v8::data::Template::set","src/template.rs","v8::data::Template::set","function","src/template.rs","637","matched","template.go; template_advanced.go; template_name_keys.go","conformance/host-templates/main_test.go; conformance/template-advanced/main_test.go","Safe observable behavior is represented by the cited Go API and executable evidence."
"src/template.rs:644:function:v8::data::Template::set_with_attr","src/template.rs","v8::data::Template::set_with_attr","function","src/template.rs","644","matched","template.go; template_advanced.go; template_name_keys.go","conformance/host-templates/main_test.go; conformance/template-advanced/main_test.go","Safe observable behavior is represented by the cited Go API and executable evidence."
"src/template.rs:656:function:v8::data::Template::set_intrinsic_data_property","src/template.rs","v8::data::Template::set_intrinsic_data_property","function","src/template.rs","656","matched","template.go; template_advanced.go; template_name_keys.go","conformance/host-templates/main_test.go; conformance/template-advanced/main_test.go","Safe observable behavior is represented by the cited Go API and executable evidence."
"src/template.rs:671:function:v8::FunctionBuilder::signature","src/template.rs","v8::FunctionBuilder::signature","function","src/template.rs","671","matched","template.go; template_advanced.go; template_name_keys.go","conformance/host-templates/main_test.go; conformance/template-advanced/main_test.go","Safe observable behavior is represented by the cited Go API and executable evidence."
"src/template.rs:678:function:v8::FunctionBuilder::build","src/template.rs","v8::FunctionBuilder::build","function","src/template.rs","678","matched","template.go; template_advanced.go; template_name_keys.go","conformance/host-templates/main_test.go; conformance/template-advanced/main_test.go","Safe observable behavior is represented by the cited Go API and executable evidence."
"src/template.rs:726:function:v8::FunctionBuilder::build_fast","src/template.rs","v8::FunctionBuilder::build_fast","function","src/template.rs","726","matched","template.go; template_advanced.go; template_name_keys.go","conformance/host-templates/main_test.go; conformance/template-advanced/main_test.go","Safe observable behavior is represented by the cited Go API and executable evidence."
"src/template.rs:758:function:v8::Signature::new","src/template.rs","v8::Signature::new","function","src/template.rs","758","matched","template.go; template_advanced.go; template_name_keys.go","conformance/host-templates/main_test.go; conformance/template-advanced/main_test.go","Safe observable behavior is represented by the cited Go API and executable evidence."
"src/template.rs:773:function:v8::data::FunctionTemplate::builder","src/template.rs","v8::data::FunctionTemplate::builder","function","src/template.rs","773","matched","template.go; template_advanced.go; template_name_keys.go","conformance/host-templates/main_test.go; conformance/template-advanced/main_test.go","Safe observable behavior is represented by the cited Go API and executable evidence."
"src/template.rs:780:function:v8::data::FunctionTemplate::builder_raw","src/template.rs","v8::data::FunctionTemplate::builder_raw","function","src/template.rs","780","matched","template.go; template_advanced.go; template_name_keys.go","conformance/host-templates/main_test.go; conformance/template-advanced/main_test.go","Safe observable behavior is represented by the cited Go API and executable evidence."
"src/template.rs:788:function:v8::data::FunctionTemplate::new","src/template.rs","v8::data::FunctionTemplate::new","function","src/template.rs","788","matched","template.go; template_advanced.go; template_name_keys.go","conformance/host-templates/main_test.go; conformance/template-advanced/main_test.go","Safe observable behavior is represented by the cited Go API and executable evidence."
"src/template.rs:796:function:v8::data::FunctionTemplate::new_raw","src/template.rs","v8::data::FunctionTemplate::new_raw","function","src/template.rs","796","matched","template.go; template_advanced.go; template_name_keys.go","conformance/host-templates/main_test.go; conformance/template-advanced/main_test.go","Safe observable behavior is represented by the cited Go API and executable evidence."
"src/template.rs:805:function:v8::data::FunctionTemplate::get_function","src/template.rs","v8::data::FunctionTemplate::get_function","function","src/template.rs","805","matched","template.go; template_advanced.go; template_name_keys.go","conformance/host-templates/main_test.go; conformance/template-advanced/main_test.go","Safe observable behavior is represented by the cited Go API and executable evidence."
"src/template.rs:820:function:v8::data::FunctionTemplate::set_class_name","src/template.rs","v8::data::FunctionTemplate::set_class_name","function","src/template.rs","820","matched","template.go; template_advanced.go; template_name_keys.go","conformance/host-templates/main_test.go; conformance/template-advanced/main_test.go","Safe observable behavior is represented by the cited Go API and executable evidence."
"src/template.rs:827:function:v8::data::FunctionTemplate::prototype_template","src/template.rs","v8::data::FunctionTemplate::prototype_template","function","src/template.rs","827","matched","template.go; template_advanced.go; template_name_keys.go","conformance/host-templates/main_test.go; conformance/template-advanced/main_test.go","Safe observable behavior is represented by the cited Go API and executable evidence."
"src/template.rs:840:function:v8::data::FunctionTemplate::instance_template","src/template.rs","v8::data::FunctionTemplate::instance_template","function","src/template.rs","840","matched","template.go; template_advanced.go; template_name_keys.go","conformance/host-templates/main_test.go; conformance/template-advanced/main_test.go","Safe observable behavior is represented by the cited Go API and executable evidence."
"src/template.rs:853:function:v8::data::FunctionTemplate::inherit","src/template.rs","v8::data::FunctionTemplate::inherit","function","src/template.rs","853","matched","template.go; template_advanced.go; template_name_keys.go","conformance/host-templates/main_test.go; conformance/template-advanced/main_test.go","Safe observable behavior is represented by the cited Go API and executable evidence."
"src/template.rs:860:function:v8::data::FunctionTemplate::read_only_prototype","src/template.rs","v8::data::FunctionTemplate::read_only_prototype","function","src/template.rs","860","matched","template.go; template_advanced.go; template_name_keys.go","conformance/host-templates/main_test.go; conformance/template-advanced/main_test.go","Safe observable behavior is represented by the cited Go API and executable evidence."
"src/template.rs:866:function:v8::data::FunctionTemplate::remove_prototype","src/template.rs","v8::data::FunctionTemplate::remove_prototype","function","src/template.rs","866","matched","template.go; template_advanced.go; template_name_keys.go","conformance/host-templates/main_test.go; conformance/template-advanced/main_test.go","Safe observable behavior is represented by the cited Go API and executable evidence."
"src/template.rs:877:function:v8::data::FunctionTemplate::set_accessor_property","src/template.rs","v8::data::FunctionTemplate::set_accessor_property","function","src/template.rs","877","matched","template.go; template_advanced.go; template_name_keys.go","conformance/host-templates/main_test.go; conformance/template-advanced/main_test.go","Safe observable behavior is represented by the cited Go API and executable evidence."
"src/template.rs:899:function:v8::data::ObjectTemplate::new","src/template.rs","v8::data::ObjectTemplate::new","function","src/template.rs","899","matched","template.go; template_advanced.go; template_name_keys.go","conformance/host-templates/main_test.go; conformance/template-advanced/main_test.go","Safe observable behavior is represented by the cited Go API and executable evidence."
"src/template.rs:910:function:v8::data::ObjectTemplate::new_from_template","src/template.rs","v8::data::ObjectTemplate::new_from_template","function","src/template.rs","910","matched","template.go; template_advanced.go; template_name_keys.go","conformance/host-templates/main_test.go; conformance/template-advanced/main_test.go","Safe observable behavior is represented by the cited Go API and executable evidence."
"src/template.rs:923:function:v8::data::ObjectTemplate::new_instance","src/template.rs","v8::data::ObjectTemplate::new_instance","function","src/template.rs","923","matched","template.go; template_advanced.go; template_name_keys.go","conformance/host-templates/main_test.go; conformance/template-advanced/main_test.go","Safe observable behavior is represented by the cited Go API and executable evidence."
"src/template.rs:937:function:v8::data::ObjectTemplate::internal_field_count","src/template.rs","v8::data::ObjectTemplate::internal_field_count","function","src/template.rs","937","matched","template.go; template_advanced.go; template_name_keys.go","conformance/host-templates/main_test.go; conformance/template-advanced/main_test.go","Safe observable behavior is represented by the cited Go API and executable evidence."
"src/template.rs:945:function:v8::data::ObjectTemplate::set_internal_field_count","src/template.rs","v8::data::ObjectTemplate::set_internal_field_count","function","src/template.rs","945","matched","template.go; template_advanced.go; template_name_keys.go","conformance/host-templates/main_test.go; conformance/template-advanced/main_test.go","Safe observable behavior is represented by the cited Go API and executable evidence."
"src/template.rs:958:function:v8::data::ObjectTemplate::set_accessor","src/template.rs","v8::data::ObjectTemplate::set_accessor","function","src/template.rs","958","matched","template.go; template_advanced.go; template_name_keys.go","conformance/host-templates/main_test.go; conformance/template-advanced/main_test.go","Safe observable behavior is represented by the cited Go API and executable evidence."
"src/template.rs:968:function:v8::data::ObjectTemplate::set_accessor_with_setter","src/template.rs","v8::data::ObjectTemplate::set_accessor_with_setter","function","src/template.rs","968","matched","template.go; template_advanced.go; template_name_keys.go","conformance/host-templates/main_test.go; conformance/template-advanced/main_test.go","Safe observable behavior is represented by the cited Go API and executable evidence."
"src/template.rs:981:function:v8::data::ObjectTemplate::set_accessor_with_configuration","src/template.rs","v8::data::ObjectTemplate::set_accessor_with_configuration","function","src/template.rs","981","matched","template.go; template_advanced.go; template_name_keys.go","conformance/host-templates/main_test.go; conformance/template-advanced/main_test.go","Safe observable behavior is represented by the cited Go API and executable evidence."
"src/template.rs:1000:function:v8::data::ObjectTemplate::set_named_property_handler","src/template.rs","v8::data::ObjectTemplate::set_named_property_handler","function","src/template.rs","1000","matched","template.go; template_advanced.go; template_name_keys.go","conformance/host-templates/main_test.go; conformance/template-advanced/main_test.go","Safe observable behavior is represented by the cited Go API and executable evidence."
"src/template.rs:1021:function:v8::data::ObjectTemplate::set_indexed_property_handler","src/template.rs","v8::data::ObjectTemplate::set_indexed_property_handler","function","src/template.rs","1021","matched","template.go; template_advanced.go; template_name_keys.go","conformance/host-templates/main_test.go; conformance/template-advanced/main_test.go","Safe observable behavior is represented by the cited Go API and executable evidence."
"src/template.rs:1049:function:v8::data::ObjectTemplate::set_accessor_property","src/template.rs","v8::data::ObjectTemplate::set_accessor_property","function","src/template.rs","1049","matched","template.go; template_advanced.go; template_name_keys.go","conformance/host-templates/main_test.go; conformance/template-advanced/main_test.go","Safe observable behavior is represented by the cited Go API and executable evidence."
"src/template.rs:1070:function:v8::data::ObjectTemplate::set_immutable_proto","src/template.rs","v8::data::ObjectTemplate::set_immutable_proto","function","src/template.rs","1070","matched","template.go; template_advanced.go; template_name_keys.go","conformance/host-templates/main_test.go; conformance/template-advanced/main_test.go","Safe observable behavior is represented by the cited Go API and executable evidence."
"src/template.rs:1080:function:v8::data::ObjectTemplate::set_call_as_function_handler","src/template.rs","v8::data::ObjectTemplate::set_call_as_function_handler","function","src/template.rs","1080","matched","template.go; template_advanced.go; template_name_keys.go","conformance/host-templates/main_test.go; conformance/template-advanced/main_test.go","Safe observable behavior is represented by the cited Go API and executable evidence."
"src/typed_array.rs:17:assoc_const:v8::TypedArray::MAX_BYTE_LENGTH","src/typed_array.rs","v8::TypedArray::MAX_BYTE_LENGTH","assoc_const","src/typed_array.rs","17","matched","typed_arrays.go","conformance/typed-arrays/runner_test.go","Safe observable behavior is represented by the cited Go API and executable evidence."
"src/typed_array.rs:22:function:v8::TypedArray::length","src/typed_array.rs","v8::TypedArray::length","function","src/typed_array.rs","22","matched","typed_arrays.go","conformance/typed-arrays/runner_test.go","Safe observable behavior is represented by the cited Go API and executable evidence."
"src/typed_array.rs:58:assoc_const:v8::Uint8Array::MAX_LENGTH","src/typed_array.rs","v8::Uint8Array::MAX_LENGTH","assoc_const","src/typed_array.rs","58","matched","typed_arrays.go","conformance/typed-arrays/runner_test.go","Safe observable behavior is represented by the cited Go API and executable evidence."
"src/typed_array.rs:58:function:v8::Uint8Array::new","src/typed_array.rs","v8::Uint8Array::new","function","src/typed_array.rs","58","matched","typed_arrays.go","conformance/typed-arrays/runner_test.go","Safe observable behavior is represented by the cited Go API and executable evidence."
"src/typed_array.rs:59:assoc_const:v8::Uint8ClampedArray::MAX_LENGTH","src/typed_array.rs","v8::Uint8ClampedArray::MAX_LENGTH","assoc_const","src/typed_array.rs","59","matched","typed_arrays.go","conformance/typed-arrays/runner_test.go","Safe observable behavior is represented by the cited Go API and executable evidence."
"src/typed_array.rs:59:function:v8::Uint8ClampedArray::new","src/typed_array.rs","v8::Uint8ClampedArray::new","function","src/typed_array.rs","59","matched","typed_arrays.go","conformance/typed-arrays/runner_test.go","Safe observable behavior is represented by the cited Go API and executable evidence."
"src/typed_array.rs:60:assoc_const:v8::Int8Array::MAX_LENGTH","src/typed_array.rs","v8::Int8Array::MAX_LENGTH","assoc_const","src/typed_array.rs","60","matched","typed_arrays.go","conformance/typed-arrays/runner_test.go","Safe observable behavior is represented by the cited Go API and executable evidence."
"src/typed_array.rs:60:function:v8::Int8Array::new","src/typed_array.rs","v8::Int8Array::new","function","src/typed_array.rs","60","matched","typed_arrays.go","conformance/typed-arrays/runner_test.go","Safe observable behavior is represented by the cited Go API and executable evidence."
"src/typed_array.rs:61:assoc_const:v8::Uint16Array::MAX_LENGTH","src/typed_array.rs","v8::Uint16Array::MAX_LENGTH","assoc_const","src/typed_array.rs","61","matched","typed_arrays.go","conformance/typed-arrays/runner_test.go","Safe observable behavior is represented by the cited Go API and executable evidence."
"src/typed_array.rs:61:function:v8::Uint16Array::new","src/typed_array.rs","v8::Uint16Array::new","function","src/typed_array.rs","61","matched","typed_arrays.go","conformance/typed-arrays/runner_test.go","Safe observable behavior is represented by the cited Go API and executable evidence."
"src/typed_array.rs:62:assoc_const:v8::Int16Array::MAX_LENGTH","src/typed_array.rs","v8::Int16Array::MAX_LENGTH","assoc_const","src/typed_array.rs","62","matched","typed_arrays.go","conformance/typed-arrays/runner_test.go","Safe observable behavior is represented by the cited Go API and executable evidence."
"src/typed_array.rs:62:function:v8::Int16Array::new","src/typed_array.rs","v8::Int16Array::new","function","src/typed_array.rs","62","matched","typed_arrays.go","conformance/typed-arrays/runner_test.go","Safe observable behavior is represented by the cited Go API and executable evidence."
"src/typed_array.rs:63:assoc_const:v8::Uint32Array::MAX_LENGTH","src/typed_array.rs","v8::Uint32Array::MAX_LENGTH","assoc_const","src/typed_array.rs","63","matched","typed_arrays.go","conformance/typed-arrays/runner_test.go","Safe observable behavior is represented by the cited Go API and executable evidence."
"src/typed_array.rs:63:function:v8::Uint32Array::new","src/typed_array.rs","v8::Uint32Array::new","function","src/typed_array.rs","63","matched","typed_arrays.go","conformance/typed-arrays/runner_test.go","Safe observable behavior is represented by the cited Go API and executable evidence."
"src/typed_array.rs:64:assoc_const:v8::Int32Array::MAX_LENGTH","src/typed_array.rs","v8::Int32Array::MAX_LENGTH","assoc_const","src/typed_array.rs","64","matched","typed_arrays.go","conformance/typed-arrays/runner_test.go","Safe observable behavior is represented by the cited Go API and executable evidence."
"src/typed_array.rs:64:function:v8::Int32Array::new","src/typed_array.rs","v8::Int32Array::new","function","src/typed_array.rs","64","matched","typed_arrays.go","conformance/typed-arrays/runner_test.go","Safe observable behavior is represented by the cited Go API and executable evidence."
"src/typed_array.rs:65:assoc_const:v8::Float16Array::MAX_LENGTH","src/typed_array.rs","v8::Float16Array::MAX_LENGTH","assoc_const","src/typed_array.rs","65","matched","typed_arrays.go","conformance/typed-arrays/runner_test.go","Safe observable behavior is represented by the cited Go API and executable evidence."
"src/typed_array.rs:65:function:v8::Float16Array::new","src/typed_array.rs","v8::Float16Array::new","function","src/typed_array.rs","65","matched","typed_arrays.go","conformance/typed-arrays/runner_test.go","Safe observable behavior is represented by the cited Go API and executable evidence."
"src/typed_array.rs:66:assoc_const:v8::Float32Array::MAX_LENGTH","src/typed_array.rs","v8::Float32Array::MAX_LENGTH","assoc_const","src/typed_array.rs","66","matched","typed_arrays.go","conformance/typed-arrays/runner_test.go","Safe observable behavior is represented by the cited Go API and executable evidence."
"src/typed_array.rs:66:function:v8::Float32Array::new","src/typed_array.rs","v8::Float32Array::new","function","src/typed_array.rs","66","matched","typed_arrays.go","conformance/typed-arrays/runner_test.go","Safe observable behavior is represented by the cited Go API and executable evidence."
"src/typed_array.rs:67:assoc_const:v8::Float64Array::MAX_LENGTH","src/typed_array.rs","v8::Float64Array::MAX_LENGTH","assoc_const","src/typed_array.rs","67","matched","typed_arrays.go","conformance/typed-arrays/runner_test.go","Safe observable behavior is represented by the cited Go API and executable evidence."
"src/typed_array.rs:67:function:v8::Float64Array::new","src/typed_array.rs","v8::Float64Array::new","function","src/typed_array.rs","67","matched","typed_arrays.go","conformance/typed-arrays/runner_test.go","Safe observable behavior is represented by the cited Go API and executable evidence."
"src/typed_array.rs:68:assoc_const:v8::BigUint64Array::MAX_LENGTH","src/typed_array.rs","v8::BigUint64Array::MAX_LENGTH","assoc_const","src/typed_array.rs","68","matched","typed_arrays.go","conformance/typed-arrays/runner_test.go","Safe observable behavior is represented by the cited Go API and executable evidence."
"src/typed_array.rs:68:function:v8::BigUint64Array::new","src/typed_array.rs","v8::BigUint64Array::new","function","src/typed_array.rs","68","matched","typed_arrays.go","conformance/typed-arrays/runner_test.go","Safe observable behavior is represented by the cited Go API and executable evidence."
"src/typed_array.rs:69:assoc_const:v8::BigInt64Array::MAX_LENGTH","src/typed_array.rs","v8::BigInt64Array::MAX_LENGTH","assoc_const","src/typed_array.rs","69","matched","typed_arrays.go","conformance/typed-arrays/runner_test.go","Safe observable behavior is represented by the cited Go API and executable evidence."
"src/typed_array.rs:69:function:v8::BigInt64Array::new","src/typed_array.rs","v8::BigInt64Array::new","function","src/typed_array.rs","69","matched","typed_arrays.go","conformance/typed-arrays/runner_test.go","Safe observable behavior is represented by the cited Go API and executable evidence."
"src/unbound_module_script.rs:27:function:v8::UnboundModuleScript::create_code_cache","src/unbound_module_script.rs","v8::UnboundModuleScript::create_code_cache","function","src/unbound_module_script.rs","27","matched","module.go","conformance/modules/conformance_test.go","Safe observable behavior is represented by the cited Go API and executable evidence."
"src/unbound_module_script.rs:40:function:v8::UnboundModuleScript::get_source_mapping_url","src/unbound_module_script.rs","v8::UnboundModuleScript::get_source_mapping_url","function","src/unbound_module_script.rs","40","matched","module.go","conformance/modules/conformance_test.go","Safe observable behavior is represented by the cited Go API and executable evidence."
"src/unbound_module_script.rs:51:function:v8::UnboundModuleScript::get_source_url","src/unbound_module_script.rs","v8::UnboundModuleScript::get_source_url","function","src/unbound_module_script.rs","51","matched","module.go","conformance/modules/conformance_test.go","Safe observable behavior is represented by the cited Go API and executable evidence."
"src/unbound_script.rs:30:function:v8::UnboundScript::bind_to_current_context","src/unbound_script.rs","v8::UnboundScript::bind_to_current_context","function","src/unbound_script.rs","30","matched","script.go","script_compiler_residual_test.go","Safe observable behavior is represented by the cited Go API and executable evidence."
"src/unbound_script.rs:42:function:v8::UnboundScript::script_id","src/unbound_script.rs","v8::UnboundScript::script_id","function","src/unbound_script.rs","42","matched","script.go","script_compiler_residual_test.go","Safe observable behavior is represented by the cited Go API and executable evidence."
"src/unbound_script.rs:50:function:v8::UnboundScript::create_code_cache","src/unbound_script.rs","v8::UnboundScript::create_code_cache","function","src/unbound_script.rs","50","matched","script.go","script_compiler_residual_test.go","Safe observable behavior is represented by the cited Go API and executable evidence."
"src/unbound_script.rs:64:function:v8::UnboundScript::get_source_mapping_url","src/unbound_script.rs","v8::UnboundScript::get_source_mapping_url","function","src/unbound_script.rs","64","matched","script.go","script_compiler_residual_test.go","Safe observable behavior is represented by the cited Go API and executable evidence."
"src/unbound_script.rs:76:function:v8::UnboundScript::get_source_url","src/unbound_script.rs","v8::UnboundScript::get_source_url","function","src/unbound_script.rs","76","matched","script.go","script_compiler_residual_test.go","Safe observable behavior is represented by the cited Go API and executable evidence."
"src/V8.rs:2:module:v8::V8","src/V8.rs","v8::V8","module","src/V8.rs","2","matched","platform.go; isolate.go","conformance/platform/conformance_test.go; platform_test.go","Safe observable behavior is represented by the cited Go API and executable evidence."
"src/V8.rs:33:type_alias:v8::V8::V8FatalErrorCallback","src/V8.rs","v8::V8::V8FatalErrorCallback","type_alias","src/V8.rs","33","matched","platform.go; isolate.go","conformance/platform/conformance_test.go; platform_test.go","Safe observable behavior is represented by the cited Go API and executable evidence."
"src/V8.rs:43:struct:v8::V8::EntropySource","src/V8.rs","v8::V8::EntropySource","struct","src/V8.rs","43","matched","platform.go; isolate.go","conformance/platform/conformance_test.go; platform_test.go","Safe observable behavior is represented by the cited Go API and executable evidence."
"src/V8.rs:45:trait:v8::V8::IntoEntropySource","src/V8.rs","v8::V8::IntoEntropySource","trait","src/V8.rs","45","matched","platform.go; isolate.go","conformance/platform/conformance_test.go; platform_test.go","Safe observable behavior is represented by the cited Go API and executable evidence."
"src/V8.rs:87:function:v8::V8::assert_initialized","src/V8.rs","v8::V8::assert_initialized","function","src/V8.rs","87","matched","platform.go; isolate.go","conformance/platform/conformance_test.go; platform_test.go","Safe observable behavior is represented by the cited Go API and executable evidence."
"src/V8.rs:100:function:v8::V8::set_flags_from_command_line","src/V8.rs","v8::V8::set_flags_from_command_line","function","src/V8.rs","100","matched","platform.go; isolate.go","conformance/platform/conformance_test.go; platform_test.go","Safe observable behavior is represented by the cited Go API and executable evidence."
"src/V8.rs:117:function:v8::V8::set_flags_from_command_line_with_usage","src/V8.rs","v8::V8::set_flags_from_command_line_with_usage","function","src/V8.rs","117","matched","platform.go; isolate.go","conformance/platform/conformance_test.go; platform_test.go","Safe observable behavior is represented by the cited Go API and executable evidence."
"src/V8.rs:165:function:v8::V8::set_flags_from_string","src/V8.rs","v8::V8::set_flags_from_string","function","src/V8.rs","165","matched","platform.go; isolate.go","conformance/platform/conformance_test.go; platform_test.go","Safe observable behavior is represented by the cited Go API and executable evidence."
"src/V8.rs:173:function:v8::V8::set_entropy_source","src/V8.rs","v8::V8::set_entropy_source","function","src/V8.rs","173","matched","platform.go; isolate.go","conformance/platform/conformance_test.go; platform_test.go","Safe observable behavior is represented by the cited Go API and executable evidence."
"src/V8.rs:180:function:v8::V8::get_version","src/V8.rs","v8::V8::get_version","function","src/V8.rs","180","matched","platform.go; isolate.go","conformance/platform/conformance_test.go; platform_test.go","Safe observable behavior is represented by the cited Go API and executable evidence."
"src/V8.rs:188:function:v8::V8::initialize_platform","src/V8.rs","v8::V8::initialize_platform","function","src/V8.rs","188","matched","platform.go; isolate.go","conformance/platform/conformance_test.go; platform_test.go","Safe observable behavior is represented by the cited Go API and executable evidence."
"src/V8.rs:237:function:v8::V8::initialize","src/V8.rs","v8::V8::initialize","function","src/V8.rs","237","matched","platform.go; isolate.go","conformance/platform/conformance_test.go; platform_test.go","Safe observable behavior is represented by the cited Go API and executable evidence."
"src/V8.rs:248:function:v8::V8::get_current_platform","src/V8.rs","v8::V8::get_current_platform","function","src/V8.rs","248","unsafe","No raw Go equivalent, safe higher-level behavior is exposed where applicable.","API_AUDIT.md#classification-boundary","Rust SharedRef platform ownership shape"
"src/V8.rs:268:function:v8::V8::dispose","src/V8.rs","v8::V8::dispose","function","src/V8.rs","268","matched","platform.go; isolate.go","conformance/platform/conformance_test.go; platform_test.go","Safe observable behavior is represented by the cited Go API and executable evidence."
"src/V8.rs:280:function:v8::V8::dispose_platform","src/V8.rs","v8::V8::dispose_platform","function","src/V8.rs","280","matched","platform.go; isolate.go","conformance/platform/conformance_test.go; platform_test.go","Safe observable behavior is represented by the cited Go API and executable evidence."
"src/V8.rs:312:function:v8::V8::set_fatal_error_handler","src/V8.rs","v8::V8::set_fatal_error_handler","function","src/V8.rs","312","matched","platform.go; isolate.go","conformance/platform/conformance_test.go; platform_test.go","Safe observable behavior is represented by the cited Go API and executable evidence."
"src/V8.rs:322:function:v8::V8::enable_web_assembly_trap_handler","src/V8.rs","v8::V8::enable_web_assembly_trap_handler","function","src/V8.rs","322","matched","platform.go; isolate.go","conformance/platform/conformance_test.go; platform_test.go","Safe observable behavior is represented by the cited Go API and executable evidence."
"src/value.rs:156:function:v8::Value::is_undefined","src/value.rs","v8::Value::is_undefined","function","src/value.rs","156","matched","value.go; object_ops.go","conformance/object-ops/runner_test.go; object_ops_test.go","Safe observable behavior is represented by the cited Go API and executable evidence."
"src/value.rs:162:function:v8::Value::is_null","src/value.rs","v8::Value::is_null","function","src/value.rs","162","matched","value.go; object_ops.go","conformance/object-ops/runner_test.go; object_ops_test.go","Safe observable behavior is represented by the cited Go API and executable evidence."
"src/value.rs:169:function:v8::Value::is_null_or_undefined","src/value.rs","v8::Value::is_null_or_undefined","function","src/value.rs","169","matched","value.go; object_ops.go","conformance/object-ops/runner_test.go; object_ops_test.go","Safe observable behavior is represented by the cited Go API and executable evidence."
"src/value.rs:178:function:v8::Value::is_true","src/value.rs","v8::Value::is_true","function","src/value.rs","178","matched","value.go; object_ops.go","conformance/object-ops/runner_test.go; object_ops_test.go","Safe observable behavior is represented by the cited Go API and executable evidence."
"src/value.rs:187:function:v8::Value::is_false","src/value.rs","v8::Value::is_false","function","src/value.rs","187","matched","value.go; object_ops.go","conformance/object-ops/runner_test.go; object_ops_test.go","Safe observable behavior is represented by the cited Go API and executable evidence."
"src/value.rs:195:function:v8::Value::is_name","src/value.rs","v8::Value::is_name","function","src/value.rs","195","matched","value.go; object_ops.go","conformance/object-ops/runner_test.go; object_ops_test.go","Safe observable behavior is represented by the cited Go API and executable evidence."
"src/value.rs:202:function:v8::Value::is_string","src/value.rs","v8::Value::is_string","function","src/value.rs","202","matched","value.go; object_ops.go","conformance/object-ops/runner_test.go; object_ops_test.go","Safe observable behavior is represented by the cited Go API and executable evidence."
"src/value.rs:209:function:v8::Value::is_symbol","src/value.rs","v8::Value::is_symbol","function","src/value.rs","209","matched","value.go; object_ops.go","conformance/object-ops/runner_test.go; object_ops_test.go","Safe observable behavior is represented by the cited Go API and executable evidence."
"src/value.rs:215:function:v8::Value::is_function","src/value.rs","v8::Value::is_function","function","src/value.rs","215","matched","value.go; object_ops.go","conformance/object-ops/runner_test.go; object_ops_test.go","Safe observable behavior is represented by the cited Go API and executable evidence."
"src/value.rs:222:function:v8::Value::is_array","src/value.rs","v8::Value::is_array","function","src/value.rs","222","matched","value.go; object_ops.go","conformance/object-ops/runner_test.go; object_ops_test.go","Safe observable behavior is represented by the cited Go API and executable evidence."
"src/value.rs:228:function:v8::Value::is_object","src/value.rs","v8::Value::is_object","function","src/value.rs","228","matched","value.go; object_ops.go","conformance/object-ops/runner_test.go; object_ops_test.go","Safe observable behavior is represented by the cited Go API and executable evidence."
"src/value.rs:235:function:v8::Value::is_big_int","src/value.rs","v8::Value::is_big_int","function","src/value.rs","235","matched","value.go; object_ops.go","conformance/object-ops/runner_test.go; object_ops_test.go","Safe observable behavior is represented by the cited Go API and executable evidence."
"src/value.rs:242:function:v8::Value::is_boolean","src/value.rs","v8::Value::is_boolean","function","src/value.rs","242","matched","value.go; object_ops.go","conformance/object-ops/runner_test.go; object_ops_test.go","Safe observable behavior is represented by the cited Go API and executable evidence."
"src/value.rs:248:function:v8::Value::is_number","src/value.rs","v8::Value::is_number","function","src/value.rs","248","matched","value.go; object_ops.go","conformance/object-ops/runner_test.go; object_ops_test.go","Safe observable behavior is represented by the cited Go API and executable evidence."
"src/value.rs:254:function:v8::Value::is_external","src/value.rs","v8::Value::is_external","function","src/value.rs","254","matched","value.go; object_ops.go","conformance/object-ops/runner_test.go; object_ops_test.go","Safe observable behavior is represented by the cited Go API and executable evidence."
"src/value.rs:260:function:v8::Value::is_int32","src/value.rs","v8::Value::is_int32","function","src/value.rs","260","matched","value.go; object_ops.go","conformance/object-ops/runner_test.go; object_ops_test.go","Safe observable behavior is represented by the cited Go API and executable evidence."
"src/value.rs:266:function:v8::Value::is_uint32","src/value.rs","v8::Value::is_uint32","function","src/value.rs","266","matched","value.go; object_ops.go","conformance/object-ops/runner_test.go; object_ops_test.go","Safe observable behavior is represented by the cited Go API and executable evidence."
"src/value.rs:272:function:v8::Value::is_date","src/value.rs","v8::Value::is_date","function","src/value.rs","272","matched","value.go; object_ops.go","conformance/object-ops/runner_test.go; object_ops_test.go","Safe observable behavior is represented by the cited Go API and executable evidence."
"src/value.rs:278:function:v8::Value::is_arguments_object","src/value.rs","v8::Value::is_arguments_object","function","src/value.rs","278","matched","value.go; object_ops.go","conformance/object-ops/runner_test.go; object_ops_test.go","Safe observable behavior is represented by the cited Go API and executable evidence."
"src/value.rs:284:function:v8::Value::is_big_int_object","src/value.rs","v8::Value::is_big_int_object","function","src/value.rs","284","matched","value.go; object_ops.go","conformance/object-ops/runner_test.go; object_ops_test.go","Safe observable behavior is represented by the cited Go API and executable evidence."
"src/value.rs:290:function:v8::Value::is_boolean_object","src/value.rs","v8::Value::is_boolean_object","function","src/value.rs","290","matched","value.go; object_ops.go","conformance/object-ops/runner_test.go; object_ops_test.go","Safe observable behavior is represented by the cited Go API and executable evidence."
"src/value.rs:296:function:v8::Value::is_number_object","src/value.rs","v8::Value::is_number_object","function","src/value.rs","296","matched","value.go; object_ops.go","conformance/object-ops/runner_test.go; object_ops_test.go","Safe observable behavior is represented by the cited Go API and executable evidence."
"src/value.rs:302:function:v8::Value::is_string_object","src/value.rs","v8::Value::is_string_object","function","src/value.rs","302","matched","value.go; object_ops.go","conformance/object-ops/runner_test.go; object_ops_test.go","Safe observable behavior is represented by the cited Go API and executable evidence."
"src/value.rs:308:function:v8::Value::is_symbol_object","src/value.rs","v8::Value::is_symbol_object","function","src/value.rs","308","matched","value.go; object_ops.go","conformance/object-ops/runner_test.go; object_ops_test.go","Safe observable behavior is represented by the cited Go API and executable evidence."
"src/value.rs:314:function:v8::Value::is_native_error","src/value.rs","v8::Value::is_native_error","function","src/value.rs","314","matched","value.go; object_ops.go","conformance/object-ops/runner_test.go; object_ops_test.go","Safe observable behavior is represented by the cited Go API and executable evidence."
"src/value.rs:320:function:v8::Value::is_reg_exp","src/value.rs","v8::Value::is_reg_exp","function","src/value.rs","320","matched","value.go; object_ops.go","conformance/object-ops/runner_test.go; object_ops_test.go","Safe observable behavior is represented by the cited Go API and executable evidence."
"src/value.rs:326:function:v8::Value::is_async_function","src/value.rs","v8::Value::is_async_function","function","src/value.rs","326","matched","value.go; object_ops.go","conformance/object-ops/runner_test.go; object_ops_test.go","Safe observable behavior is represented by the cited Go API and executable evidence."
"src/value.rs:332:function:v8::Value::is_generator_function","src/value.rs","v8::Value::is_generator_function","function","src/value.rs","332","matched","value.go; object_ops.go","conformance/object-ops/runner_test.go; object_ops_test.go","Safe observable behavior is represented by the cited Go API and executable evidence."
"src/value.rs:338:function:v8::Value::is_promise","src/value.rs","v8::Value::is_promise","function","src/value.rs","338","matched","value.go; object_ops.go","conformance/object-ops/runner_test.go; object_ops_test.go","Safe observable behavior is represented by the cited Go API and executable evidence."
"src/value.rs:344:function:v8::Value::is_map","src/value.rs","v8::Value::is_map","function","src/value.rs","344","matched","value.go; object_ops.go","conformance/object-ops/runner_test.go; object_ops_test.go","Safe observable behavior is represented by the cited Go API and executable evidence."
"src/value.rs:350:function:v8::Value::is_set","src/value.rs","v8::Value::is_set","function","src/value.rs","350","matched","value.go; object_ops.go","conformance/object-ops/runner_test.go; object_ops_test.go","Safe observable behavior is represented by the cited Go API and executable evidence."
"src/value.rs:356:function:v8::Value::is_map_iterator","src/value.rs","v8::Value::is_map_iterator","function","src/value.rs","356","matched","value.go; object_ops.go","conformance/object-ops/runner_test.go; object_ops_test.go","Safe observable behavior is represented by the cited Go API and executable evidence."
"src/value.rs:362:function:v8::Value::is_set_iterator","src/value.rs","v8::Value::is_set_iterator","function","src/value.rs","362","matched","value.go; object_ops.go","conformance/object-ops/runner_test.go; object_ops_test.go","Safe observable behavior is represented by the cited Go API and executable evidence."
"src/value.rs:368:function:v8::Value::is_generator_object","src/value.rs","v8::Value::is_generator_object","function","src/value.rs","368","matched","value.go; object_ops.go","conformance/object-ops/runner_test.go; object_ops_test.go","Safe observable behavior is represented by the cited Go API and executable evidence."
"src/value.rs:374:function:v8::Value::is_weak_map","src/value.rs","v8::Value::is_weak_map","function","src/value.rs","374","matched","value.go; object_ops.go","conformance/object-ops/runner_test.go; object_ops_test.go","Safe observable behavior is represented by the cited Go API and executable evidence."
"src/value.rs:380:function:v8::Value::is_weak_set","src/value.rs","v8::Value::is_weak_set","function","src/value.rs","380","matched","value.go; object_ops.go","conformance/object-ops/runner_test.go; object_ops_test.go","Safe observable behavior is represented by the cited Go API and executable evidence."
"src/value.rs:386:function:v8::Value::is_array_buffer","src/value.rs","v8::Value::is_array_buffer","function","src/value.rs","386","matched","value.go; object_ops.go","conformance/object-ops/runner_test.go; object_ops_test.go","Safe observable behavior is represented by the cited Go API and executable evidence."
"src/value.rs:392:function:v8::Value::is_array_buffer_view","src/value.rs","v8::Value::is_array_buffer_view","function","src/value.rs","392","matched","value.go; object_ops.go","conformance/object-ops/runner_test.go; object_ops_test.go","Safe observable behavior is represented by the cited Go API and executable evidence."
"src/value.rs:398:function:v8::Value::is_typed_array","src/value.rs","v8::Value::is_typed_array","function","src/value.rs","398","matched","value.go; object_ops.go","conformance/object-ops/runner_test.go; object_ops_test.go","Safe observable behavior is represented by the cited Go API and executable evidence."
"src/value.rs:404:function:v8::Value::is_uint8_array","src/value.rs","v8::Value::is_uint8_array","function","src/value.rs","404","matched","value.go; object_ops.go","conformance/object-ops/runner_test.go; object_ops_test.go","Safe observable behavior is represented by the cited Go API and executable evidence."
"src/value.rs:410:function:v8::Value::is_uint8_clamped_array","src/value.rs","v8::Value::is_uint8_clamped_array","function","src/value.rs","410","matched","value.go; object_ops.go","conformance/object-ops/runner_test.go; object_ops_test.go","Safe observable behavior is represented by the cited Go API and executable evidence."
"src/value.rs:416:function:v8::Value::is_int8_array","src/value.rs","v8::Value::is_int8_array","function","src/value.rs","416","matched","value.go; object_ops.go","conformance/object-ops/runner_test.go; object_ops_test.go","Safe observable behavior is represented by the cited Go API and executable evidence."
"src/value.rs:422:function:v8::Value::is_uint16_array","src/value.rs","v8::Value::is_uint16_array","function","src/value.rs","422","matched","value.go; object_ops.go","conformance/object-ops/runner_test.go; object_ops_test.go","Safe observable behavior is represented by the cited Go API and executable evidence."
"src/value.rs:428:function:v8::Value::is_int16_array","src/value.rs","v8::Value::is_int16_array","function","src/value.rs","428","matched","value.go; object_ops.go","conformance/object-ops/runner_test.go; object_ops_test.go","Safe observable behavior is represented by the cited Go API and executable evidence."
"src/value.rs:434:function:v8::Value::is_uint32_array","src/value.rs","v8::Value::is_uint32_array","function","src/value.rs","434","matched","value.go; object_ops.go","conformance/object-ops/runner_test.go; object_ops_test.go","Safe observable behavior is represented by the cited Go API and executable evidence."
"src/value.rs:440:function:v8::Value::is_int32_array","src/value.rs","v8::Value::is_int32_array","function","src/value.rs","440","matched","value.go; object_ops.go","conformance/object-ops/runner_test.go; object_ops_test.go","Safe observable behavior is represented by the cited Go API and executable evidence."
"src/value.rs:446:function:v8::Value::is_float16_array","src/value.rs","v8::Value::is_float16_array","function","src/value.rs","446","matched","value.go; object_ops.go","conformance/object-ops/runner_test.go; object_ops_test.go","Safe observable behavior is represented by the cited Go API and executable evidence."
"src/value.rs:452:function:v8::Value::is_float32_array","src/value.rs","v8::Value::is_float32_array","function","src/value.rs","452","matched","value.go; object_ops.go","conformance/object-ops/runner_test.go; object_ops_test.go","Safe observable behavior is represented by the cited Go API and executable evidence."
"src/value.rs:458:function:v8::Value::is_float64_array","src/value.rs","v8::Value::is_float64_array","function","src/value.rs","458","matched","value.go; object_ops.go","conformance/object-ops/runner_test.go; object_ops_test.go","Safe observable behavior is represented by the cited Go API and executable evidence."
"src/value.rs:464:function:v8::Value::is_big_int64_array","src/value.rs","v8::Value::is_big_int64_array","function","src/value.rs","464","matched","value.go; object_ops.go","conformance/object-ops/runner_test.go; object_ops_test.go","Safe observable behavior is represented by the cited Go API and executable evidence."
"src/value.rs:470:function:v8::Value::is_big_uint64_array","src/value.rs","v8::Value::is_big_uint64_array","function","src/value.rs","470","matched","value.go; object_ops.go","conformance/object-ops/runner_test.go; object_ops_test.go","Safe observable behavior is represented by the cited Go API and executable evidence."
"src/value.rs:476:function:v8::Value::is_data_view","src/value.rs","v8::Value::is_data_view","function","src/value.rs","476","matched","value.go; object_ops.go","conformance/object-ops/runner_test.go; object_ops_test.go","Safe observable behavior is represented by the cited Go API and executable evidence."
"src/value.rs:483:function:v8::Value::is_shared_array_buffer","src/value.rs","v8::Value::is_shared_array_buffer","function","src/value.rs","483","matched","value.go; object_ops.go","conformance/object-ops/runner_test.go; object_ops_test.go","Safe observable behavior is represented by the cited Go API and executable evidence."
"src/value.rs:489:function:v8::Value::is_proxy","src/value.rs","v8::Value::is_proxy","function","src/value.rs","489","matched","value.go; object_ops.go","conformance/object-ops/runner_test.go; object_ops_test.go","Safe observable behavior is represented by the cited Go API and executable evidence."
"src/value.rs:495:function:v8::Value::is_wasm_memory_object","src/value.rs","v8::Value::is_wasm_memory_object","function","src/value.rs","495","matched","value.go; object_ops.go","conformance/object-ops/runner_test.go; object_ops_test.go","Safe observable behavior is represented by the cited Go API and executable evidence."
"src/value.rs:501:function:v8::Value::is_wasm_module_object","src/value.rs","v8::Value::is_wasm_module_object","function","src/value.rs","501","matched","value.go; object_ops.go","conformance/object-ops/runner_test.go; object_ops_test.go","Safe observable behavior is represented by the cited Go API and executable evidence."
"src/value.rs:507:function:v8::Value::is_module_namespace_object","src/value.rs","v8::Value::is_module_namespace_object","function","src/value.rs","507","matched","value.go; object_ops.go","conformance/object-ops/runner_test.go; object_ops_test.go","Safe observable behavior is represented by the cited Go API and executable evidence."
"src/value.rs:512:function:v8::Value::strict_equals","src/value.rs","v8::Value::strict_equals","function","src/value.rs","512","matched","value.go; object_ops.go","conformance/object-ops/runner_test.go; object_ops_test.go","Safe observable behavior is represented by the cited Go API and executable evidence."
"src/value.rs:517:function:v8::Value::same_value","src/value.rs","v8::Value::same_value","function","src/value.rs","517","matched","value.go; object_ops.go","conformance/object-ops/runner_test.go; object_ops_test.go","Safe observable behavior is represented by the cited Go API and executable evidence."
"src/value.rs:532:function:v8::Value::same_value_zero","src/value.rs","v8::Value::same_value_zero","function","src/value.rs","532","matched","value.go; object_ops.go","conformance/object-ops/runner_test.go; object_ops_test.go","Safe observable behavior is represented by the cited Go API and executable evidence."
"src/value.rs:544:function:v8::Value::to_big_int","src/value.rs","v8::Value::to_big_int","function","src/value.rs","544","matched","value.go; object_ops.go","conformance/object-ops/runner_test.go; object_ops_test.go","Safe observable behavior is represented by the cited Go API and executable evidence."
"src/value.rs:555:function:v8::Value::to_number","src/value.rs","v8::Value::to_number","function","src/value.rs","555","matched","value.go; object_ops.go","conformance/object-ops/runner_test.go; object_ops_test.go","Safe observable behavior is represented by the cited Go API and executable evidence."
"src/value.rs:566:function:v8::Value::to_string","src/value.rs","v8::Value::to_string","function","src/value.rs","566","matched","value.go; object_ops.go","conformance/object-ops/runner_test.go; object_ops_test.go","Safe observable behavior is represented by the cited Go API and executable evidence."
"src/value.rs:578:function:v8::Value::to_rust_string_lossy","src/value.rs","v8::Value::to_rust_string_lossy","function","src/value.rs","578","matched","value.go; object_ops.go","conformance/object-ops/runner_test.go; object_ops_test.go","Safe observable behavior is represented by the cited Go API and executable evidence."
"src/value.rs:588:function:v8::Value::to_detail_string","src/value.rs","v8::Value::to_detail_string","function","src/value.rs","588","matched","value.go; object_ops.go","conformance/object-ops/runner_test.go; object_ops_test.go","Safe observable behavior is represented by the cited Go API and executable evidence."
"src/value.rs:600:function:v8::Value::to_object","src/value.rs","v8::Value::to_object","function","src/value.rs","600","matched","value.go; object_ops.go","conformance/object-ops/runner_test.go; object_ops_test.go","Safe observable behavior is represented by the cited Go API and executable evidence."
"src/value.rs:611:function:v8::Value::to_integer","src/value.rs","v8::Value::to_integer","function","src/value.rs","611","matched","value.go; object_ops.go","conformance/object-ops/runner_test.go; object_ops_test.go","Safe observable behavior is represented by the cited Go API and executable evidence."
"src/value.rs:622:function:v8::Value::to_uint32","src/value.rs","v8::Value::to_uint32","function","src/value.rs","622","matched","value.go; object_ops.go","conformance/object-ops/runner_test.go; object_ops_test.go","Safe observable behavior is represented by the cited Go API and executable evidence."
"src/value.rs:633:function:v8::Value::to_int32","src/value.rs","v8::Value::to_int32","function","src/value.rs","633","matched","value.go; object_ops.go","conformance/object-ops/runner_test.go; object_ops_test.go","Safe observable behavior is represented by the cited Go API and executable evidence."
"src/value.rs:645:function:v8::Value::to_boolean","src/value.rs","v8::Value::to_boolean","function","src/value.rs","645","matched","value.go; object_ops.go","conformance/object-ops/runner_test.go; object_ops_test.go","Safe observable behavior is represented by the cited Go API and executable evidence."
"src/value.rs:653:function:v8::Value::instance_of","src/value.rs","v8::Value::instance_of","function","src/value.rs","653","matched","value.go; object_ops.go","conformance/object-ops/runner_test.go; object_ops_test.go","Safe observable behavior is represented by the cited Go API and executable evidence."
"src/value.rs:671:function:v8::Value::number_value","src/value.rs","v8::Value::number_value","function","src/value.rs","671","matched","value.go; object_ops.go","conformance/object-ops/runner_test.go; object_ops_test.go","Safe observable behavior is represented by the cited Go API and executable evidence."
"src/value.rs:680:function:v8::Value::integer_value","src/value.rs","v8::Value::integer_value","function","src/value.rs","680","matched","value.go; object_ops.go","conformance/object-ops/runner_test.go; object_ops_test.go","Safe observable behavior is represented by the cited Go API and executable evidence."
"src/value.rs:689:function:v8::Value::uint32_value","src/value.rs","v8::Value::uint32_value","function","src/value.rs","689","matched","value.go; object_ops.go","conformance/object-ops/runner_test.go; object_ops_test.go","Safe observable behavior is represented by the cited Go API and executable evidence."
"src/value.rs:698:function:v8::Value::int32_value","src/value.rs","v8::Value::int32_value","function","src/value.rs","698","matched","value.go; object_ops.go","conformance/object-ops/runner_test.go; object_ops_test.go","Safe observable behavior is represented by the cited Go API and executable evidence."
"src/value.rs:707:function:v8::Value::boolean_value","src/value.rs","v8::Value::boolean_value","function","src/value.rs","707","matched","value.go; object_ops.go","conformance/object-ops/runner_test.go; object_ops_test.go","Safe observable behavior is represented by the cited Go API and executable evidence."
"src/value.rs:716:function:v8::Value::get_hash","src/value.rs","v8::Value::get_hash","function","src/value.rs","716","matched","value.go; object_ops.go","conformance/object-ops/runner_test.go; object_ops_test.go","Safe observable behavior is represented by the cited Go API and executable evidence."
"src/value.rs:721:function:v8::Value::type_of","src/value.rs","v8::Value::type_of","function","src/value.rs","721","matched","value.go; object_ops.go","conformance/object-ops/runner_test.go; object_ops_test.go","Safe observable behavior is represented by the cited Go API and executable evidence."
"src/value.rs:730:function:v8::Value::type_repr","src/value.rs","v8::Value::type_repr","function","src/value.rs","730","matched","value.go; object_ops.go","conformance/object-ops/runner_test.go; object_ops_test.go","Safe observable behavior is represented by the cited Go API and executable evidence."
"src/value_deserializer.rs:118:struct:v8::value_deserializer::CxxValueDeserializer","src/value_deserializer.rs","v8::value_deserializer::CxxValueDeserializer","struct","src/value_deserializer.rs","118","matched","serializer.go; serializer_delegates.go","conformance/serializer-delegates/runner_test.go","Safe observable behavior is represented by the cited Go API and executable evidence."
"src/value_deserializer.rs:188:trait:v8::value_deserializer::ValueDeserializerImpl","src/value_deserializer.rs","v8::value_deserializer::ValueDeserializerImpl","trait","src/value_deserializer.rs","188","matched","serializer.go; serializer_delegates.go","conformance/serializer-delegates/runner_test.go","Safe observable behavior is represented by the cited Go API and executable evidence."
"src/value_deserializer.rs:189:function:v8::ValueDeserializerImpl::read_host_object","src/value_deserializer.rs","v8::ValueDeserializerImpl::read_host_object","function","src/value_deserializer.rs","189","matched","serializer.go; serializer_delegates.go","conformance/serializer-delegates/runner_test.go","Safe observable behavior is represented by the cited Go API and executable evidence."
"src/value_deserializer.rs:202:function:v8::ValueDeserializerImpl::get_shared_array_buffer_from_id","src/value_deserializer.rs","v8::ValueDeserializerImpl::get_shared_array_buffer_from_id","function","src/value_deserializer.rs","202","matched","serializer.go; serializer_delegates.go","conformance/serializer-delegates/runner_test.go","Safe observable behavior is represented by the cited Go API and executable evidence."
"src/value_deserializer.rs:217:function:v8::ValueDeserializerImpl::get_wasm_module_from_id","src/value_deserializer.rs","v8::ValueDeserializerImpl::get_wasm_module_from_id","function","src/value_deserializer.rs","217","matched","serializer.go; serializer_delegates.go","conformance/serializer-delegates/runner_test.go","Safe observable behavior is represented by the cited Go API and executable evidence."
"src/value_deserializer.rs:282:trait:v8::value_deserializer::ValueDeserializerHelper","src/value_deserializer.rs","v8::value_deserializer::ValueDeserializerHelper","trait","src/value_deserializer.rs","282","matched","serializer.go; serializer_delegates.go","conformance/serializer-delegates/runner_test.go","Safe observable behavior is represented by the cited Go API and executable evidence."
"src/value_deserializer.rs:283:function:v8::ValueDeserializerHelper::get_cxx_value_deserializer","src/value_deserializer.rs","v8::ValueDeserializerHelper::get_cxx_value_deserializer","function","src/value_deserializer.rs","283","matched","serializer.go; serializer_delegates.go","conformance/serializer-delegates/runner_test.go","Safe observable behavior is represented by the cited Go API and executable evidence."
"src/value_deserializer.rs:285:function:v8::ValueDeserializerHelper::read_header","src/value_deserializer.rs","v8::ValueDeserializerHelper::read_header","function","src/value_deserializer.rs","285","matched","serializer.go; serializer_delegates.go","conformance/serializer-delegates/runner_test.go","Safe observable behavior is represented by the cited Go API and executable evidence."
"src/value_deserializer.rs:295:function:v8::ValueDeserializerHelper::read_value","src/value_deserializer.rs","v8::ValueDeserializerHelper::read_value","function","src/value_deserializer.rs","295","matched","serializer.go; serializer_delegates.go","conformance/serializer-delegates/runner_test.go","Safe observable behavior is represented by the cited Go API and executable evidence."
"src/value_deserializer.rs:307:function:v8::ValueDeserializerHelper::read_uint32","src/value_deserializer.rs","v8::ValueDeserializerHelper::read_uint32","function","src/value_deserializer.rs","307","matched","serializer.go; serializer_delegates.go","conformance/serializer-delegates/runner_test.go","Safe observable behavior is represented by the cited Go API and executable evidence."
"src/value_deserializer.rs:316:function:v8::ValueDeserializerHelper::read_uint64","src/value_deserializer.rs","v8::ValueDeserializerHelper::read_uint64","function","src/value_deserializer.rs","316","matched","serializer.go; serializer_delegates.go","conformance/serializer-delegates/runner_test.go","Safe observable behavior is represented by the cited Go API and executable evidence."
"src/value_deserializer.rs:325:function:v8::ValueDeserializerHelper::read_double","src/value_deserializer.rs","v8::ValueDeserializerHelper::read_double","function","src/value_deserializer.rs","325","matched","serializer.go; serializer_delegates.go","conformance/serializer-delegates/runner_test.go","Safe observable behavior is represented by the cited Go API and executable evidence."
"src/value_deserializer.rs:334:function:v8::ValueDeserializerHelper::read_raw_bytes","src/value_deserializer.rs","v8::ValueDeserializerHelper::read_raw_bytes","function","src/value_deserializer.rs","334","matched","serializer.go; serializer_delegates.go","conformance/serializer-delegates/runner_test.go","Safe observable behavior is represented by the cited Go API and executable evidence."
"src/value_deserializer.rs:351:function:v8::ValueDeserializerHelper::transfer_array_buffer","src/value_deserializer.rs","v8::ValueDeserializerHelper::transfer_array_buffer","function","src/value_deserializer.rs","351","matched","serializer.go; serializer_delegates.go","conformance/serializer-delegates/runner_test.go","Safe observable behavior is represented by the cited Go API and executable evidence."
"src/value_deserializer.rs:365:function:v8::ValueDeserializerHelper::transfer_shared_array_buffer","src/value_deserializer.rs","v8::ValueDeserializerHelper::transfer_shared_array_buffer","function","src/value_deserializer.rs","365","matched","serializer.go; serializer_delegates.go","conformance/serializer-delegates/runner_test.go","Safe observable behavior is represented by the cited Go API and executable evidence."
"src/value_deserializer.rs:379:function:v8::ValueDeserializerHelper::get_wire_format_version","src/value_deserializer.rs","v8::ValueDeserializerHelper::get_wire_format_version","function","src/value_deserializer.rs","379","matched","serializer.go; serializer_delegates.go","conformance/serializer-delegates/runner_test.go","Safe observable behavior is represented by the cited Go API and executable evidence."
"src/value_deserializer.rs:411:struct:v8::value_deserializer::ValueDeserializer","src/value_deserializer.rs","v8::value_deserializer::ValueDeserializer","struct","src/value_deserializer.rs","411","matched","serializer.go; serializer_delegates.go","conformance/serializer-delegates/runner_test.go","Safe observable behavior is represented by the cited Go API and executable evidence."
"src/value_deserializer.rs:419:function:v8::ValueDeserializer::new","src/value_deserializer.rs","v8::ValueDeserializer::new","function","src/value_deserializer.rs","419","matched","serializer.go; serializer_delegates.go","conformance/serializer-delegates/runner_test.go","Safe observable behavior is represented by the cited Go API and executable evidence."
"src/value_deserializer.rs:471:function:v8::ValueDeserializer::set_supports_legacy_wire_format","src/value_deserializer.rs","v8::ValueDeserializer::set_supports_legacy_wire_format","function","src/value_deserializer.rs","471","matched","serializer.go; serializer_delegates.go","conformance/serializer-delegates/runner_test.go","Safe observable behavior is represented by the cited Go API and executable evidence."
"src/value_deserializer.rs:483:function:v8::ValueDeserializer::read_value","src/value_deserializer.rs","v8::ValueDeserializer::read_value","function","src/value_deserializer.rs","483","matched","serializer.go; serializer_delegates.go","conformance/serializer-delegates/runner_test.go","Safe observable behavior is represented by the cited Go API and executable evidence."
"src/value_serializer.rs:220:struct:v8::value_serializer::CxxValueSerializer","src/value_serializer.rs","v8::value_serializer::CxxValueSerializer","struct","src/value_serializer.rs","220","matched","serializer.go; serializer_delegates.go","conformance/serializer-delegates/runner_test.go","Safe observable behavior is represented by the cited Go API and executable evidence."
"src/value_serializer.rs:276:trait:v8::value_serializer::ValueSerializerImpl","src/value_serializer.rs","v8::value_serializer::ValueSerializerImpl","trait","src/value_serializer.rs","276","matched","serializer.go; serializer_delegates.go","conformance/serializer-delegates/runner_test.go","Safe observable behavior is represented by the cited Go API and executable evidence."
"src/value_serializer.rs:277:function:v8::ValueSerializerImpl::throw_data_clone_error","src/value_serializer.rs","v8::ValueSerializerImpl::throw_data_clone_error","function","src/value_serializer.rs","277","matched","serializer.go; serializer_delegates.go","conformance/serializer-delegates/runner_test.go","Safe observable behavior is represented by the cited Go API and executable evidence."
"src/value_serializer.rs:283:function:v8::ValueSerializerImpl::has_custom_host_object","src/value_serializer.rs","v8::ValueSerializerImpl::has_custom_host_object","function","src/value_serializer.rs","283","matched","serializer.go; serializer_delegates.go","conformance/serializer-delegates/runner_test.go","Safe observable behavior is represented by the cited Go API and executable evidence."
"src/value_serializer.rs:287:function:v8::ValueSerializerImpl::is_host_object","src/value_serializer.rs","v8::ValueSerializerImpl::is_host_object","function","src/value_serializer.rs","287","matched","serializer.go; serializer_delegates.go","conformance/serializer-delegates/runner_test.go","Safe observable behavior is represented by the cited Go API and executable evidence."
"src/value_serializer.rs:300:function:v8::ValueSerializerImpl::write_host_object","src/value_serializer.rs","v8::ValueSerializerImpl::write_host_object","function","src/value_serializer.rs","300","matched","serializer.go; serializer_delegates.go","conformance/serializer-delegates/runner_test.go","Safe observable behavior is represented by the cited Go API and executable evidence."
"src/value_serializer.rs:314:function:v8::ValueSerializerImpl::get_shared_array_buffer_id","src/value_serializer.rs","v8::ValueSerializerImpl::get_shared_array_buffer_id","function","src/value_serializer.rs","314","matched","serializer.go; serializer_delegates.go","conformance/serializer-delegates/runner_test.go","Safe observable behavior is represented by the cited Go API and executable evidence."
"src/value_serializer.rs:322:function:v8::ValueSerializerImpl::get_wasm_module_transfer_id","src/value_serializer.rs","v8::ValueSerializerImpl::get_wasm_module_transfer_id","function","src/value_serializer.rs","322","matched","serializer.go; serializer_delegates.go","conformance/serializer-delegates/runner_test.go","Safe observable behavior is represented by the cited Go API and executable evidence."
"src/value_serializer.rs:387:trait:v8::value_serializer::ValueSerializerHelper","src/value_serializer.rs","v8::value_serializer::ValueSerializerHelper","trait","src/value_serializer.rs","387","matched","serializer.go; serializer_delegates.go","conformance/serializer-delegates/runner_test.go","Safe observable behavior is represented by the cited Go API and executable evidence."
"src/value_serializer.rs:388:function:v8::ValueSerializerHelper::get_cxx_value_serializer","src/value_serializer.rs","v8::ValueSerializerHelper::get_cxx_value_serializer","function","src/value_serializer.rs","388","matched","serializer.go; serializer_delegates.go","conformance/serializer-delegates/runner_test.go","Safe observable behavior is represented by the cited Go API and executable evidence."
"src/value_serializer.rs:390:function:v8::ValueSerializerHelper::write_header","src/value_serializer.rs","v8::ValueSerializerHelper::write_header","function","src/value_serializer.rs","390","matched","serializer.go; serializer_delegates.go","conformance/serializer-delegates/runner_test.go","Safe observable behavior is represented by the cited Go API and executable evidence."
"src/value_serializer.rs:398:function:v8::ValueSerializerHelper::write_value","src/value_serializer.rs","v8::ValueSerializerHelper::write_value","function","src/value_serializer.rs","398","matched","serializer.go; serializer_delegates.go","conformance/serializer-delegates/runner_test.go","Safe observable behavior is represented by the cited Go API and executable evidence."
"src/value_serializer.rs:413:function:v8::ValueSerializerHelper::write_uint32","src/value_serializer.rs","v8::ValueSerializerHelper::write_uint32","function","src/value_serializer.rs","413","matched","serializer.go; serializer_delegates.go","conformance/serializer-delegates/runner_test.go","Safe observable behavior is represented by the cited Go API and executable evidence."
"src/value_serializer.rs:422:function:v8::ValueSerializerHelper::write_uint64","src/value_serializer.rs","v8::ValueSerializerHelper::write_uint64","function","src/value_serializer.rs","422","matched","serializer.go; serializer_delegates.go","conformance/serializer-delegates/runner_test.go","Safe observable behavior is represented by the cited Go API and executable evidence."
"src/value_serializer.rs:431:function:v8::ValueSerializerHelper::write_double","src/value_serializer.rs","v8::ValueSerializerHelper::write_double","function","src/value_serializer.rs","431","matched","serializer.go; serializer_delegates.go","conformance/serializer-delegates/runner_test.go","Safe observable behavior is represented by the cited Go API and executable evidence."
"src/value_serializer.rs:440:function:v8::ValueSerializerHelper::write_raw_bytes","src/value_serializer.rs","v8::ValueSerializerHelper::write_raw_bytes","function","src/value_serializer.rs","440","matched","serializer.go; serializer_delegates.go","conformance/serializer-delegates/runner_test.go","Safe observable behavior is represented by the cited Go API and executable evidence."
"src/value_serializer.rs:450:function:v8::ValueSerializerHelper::transfer_array_buffer","src/value_serializer.rs","v8::ValueSerializerHelper::transfer_array_buffer","function","src/value_serializer.rs","450","matched","serializer.go; serializer_delegates.go","conformance/serializer-delegates/runner_test.go","Safe observable behavior is represented by the cited Go API and executable evidence."
"src/value_serializer.rs:464:function:v8::ValueSerializerHelper::set_treat_array_buffer_views_as_host_objects","src/value_serializer.rs","v8::ValueSerializerHelper::set_treat_array_buffer_views_as_host_objects","function","src/value_serializer.rs","464","matched","serializer.go; serializer_delegates.go","conformance/serializer-delegates/runner_test.go","Safe observable behavior is represented by the cited Go API and executable evidence."
"src/value_serializer.rs:492:struct:v8::value_serializer::ValueSerializer","src/value_serializer.rs","v8::value_serializer::ValueSerializer","struct","src/value_serializer.rs","492","matched","serializer.go; serializer_delegates.go","conformance/serializer-delegates/runner_test.go","Safe observable behavior is represented by the cited Go API and executable evidence."
"src/value_serializer.rs:505:function:v8::ValueSerializer::new","src/value_serializer.rs","v8::ValueSerializer::new","function","src/value_serializer.rs","505","matched","serializer.go; serializer_delegates.go","conformance/serializer-delegates/runner_test.go","Safe observable behavior is represented by the cited Go API and executable evidence."
"src/value_serializer.rs:556:function:v8::ValueSerializer::release","src/value_serializer.rs","v8::ValueSerializer::release","function","src/value_serializer.rs","556","matched","serializer.go; serializer_delegates.go","conformance/serializer-delegates/runner_test.go","Safe observable behavior is represented by the cited Go API and executable evidence."
"src/value_serializer.rs:579:function:v8::ValueSerializer::write_value","src/value_serializer.rs","v8::ValueSerializer::write_value","function","src/value_serializer.rs","579","matched","serializer.go; serializer_delegates.go","conformance/serializer-delegates/runner_test.go","Safe observable behavior is represented by the cited Go API and executable evidence."
"src/wasm.rs:45:struct:v8::wasm::WasmStreaming","src/wasm.rs","v8::wasm::WasmStreaming","struct","src/wasm.rs","45","matched","wasm.go; wasm_streaming.go; wasm_cache_positive.go","conformance/wasm/conformance_test.go; conformance/wasm-streaming/conformance_test.go; conformance/wasm-cache-positive/conformance_test.go","Safe observable behavior is represented by the cited Go API and executable evidence."
"src/wasm.rs:54:function:v8::WasmStreaming::on_bytes_received","src/wasm.rs","v8::WasmStreaming::on_bytes_received","function","src/wasm.rs","54","matched","wasm.go; wasm_streaming.go; wasm_cache_positive.go","conformance/wasm/conformance_test.go; conformance/wasm-streaming/conformance_test.go; conformance/wasm-cache-positive/conformance_test.go","Safe observable behavior is represented by the cited Go API and executable evidence."
"src/wasm.rs:68:function:v8::WasmStreaming::abort","src/wasm.rs","v8::WasmStreaming::abort","function","src/wasm.rs","68","matched","wasm.go; wasm_streaming.go; wasm_cache_positive.go","conformance/wasm/conformance_test.go; conformance/wasm-streaming/conformance_test.go; conformance/wasm-cache-positive/conformance_test.go","Safe observable behavior is represented by the cited Go API and executable evidence."
"src/wasm.rs:76:function:v8::WasmStreaming::set_url","src/wasm.rs","v8::WasmStreaming::set_url","function","src/wasm.rs","76","matched","wasm.go; wasm_streaming.go; wasm_cache_positive.go","conformance/wasm/conformance_test.go; conformance/wasm-streaming/conformance_test.go; conformance/wasm-cache-positive/conformance_test.go","Safe observable behavior is represented by the cited Go API and executable evidence."
"src/wasm.rs:99:function:v8::WasmStreaming::finish","src/wasm.rs","v8::WasmStreaming::finish","function","src/wasm.rs","99","matched","wasm.go; wasm_streaming.go; wasm_cache_positive.go","conformance/wasm/conformance_test.go; conformance/wasm-streaming/conformance_test.go; conformance/wasm-cache-positive/conformance_test.go","Safe observable behavior is represented by the cited Go API and executable evidence."
"src/wasm.rs:110:function:v8::WasmStreaming::set_has_compiled_module_bytes","src/wasm.rs","v8::WasmStreaming::set_has_compiled_module_bytes","function","src/wasm.rs","110","matched","wasm.go; wasm_streaming.go; wasm_cache_positive.go","conformance/wasm/conformance_test.go; conformance/wasm-streaming/conformance_test.go; conformance/wasm-cache-positive/conformance_test.go","Safe observable behavior is represented by the cited Go API and executable evidence."
"src/wasm.rs:127:function:v8::WasmStreaming::finish","src/wasm.rs","v8::WasmStreaming::finish","function","src/wasm.rs","127","matched","wasm.go; wasm_streaming.go; wasm_cache_positive.go","conformance/wasm/conformance_test.go; conformance/wasm-streaming/conformance_test.go; conformance/wasm-cache-positive/conformance_test.go","Safe observable behavior is represented by the cited Go API and executable evidence."
"src/wasm.rs:147:function:v8::WasmModuleObject::from_compiled_module","src/wasm.rs","v8::WasmModuleObject::from_compiled_module","function","src/wasm.rs","147","matched","wasm.go; wasm_streaming.go; wasm_cache_positive.go","conformance/wasm/conformance_test.go; conformance/wasm-streaming/conformance_test.go; conformance/wasm-cache-positive/conformance_test.go","Safe observable behavior is represented by the cited Go API and executable evidence."
"src/wasm.rs:164:function:v8::WasmModuleObject::get_compiled_module","src/wasm.rs","v8::WasmModuleObject::get_compiled_module","function","src/wasm.rs","164","matched","wasm.go; wasm_streaming.go; wasm_cache_positive.go","conformance/wasm/conformance_test.go; conformance/wasm-streaming/conformance_test.go; conformance/wasm-cache-positive/conformance_test.go","Safe observable behavior is represented by the cited Go API and executable evidence."
"src/wasm.rs:171:function:v8::WasmModuleObject::compile","src/wasm.rs","v8::WasmModuleObject::compile","function","src/wasm.rs","171","matched","wasm.go; wasm_streaming.go; wasm_cache_positive.go","conformance/wasm/conformance_test.go; conformance/wasm-streaming/conformance_test.go; conformance/wasm-cache-positive/conformance_test.go","Safe observable behavior is represented by the cited Go API and executable evidence."
"src/wasm.rs:188:struct:v8::wasm::ModuleCachingInterface","src/wasm.rs","v8::wasm::ModuleCachingInterface","struct","src/wasm.rs","188","matched","wasm.go; wasm_streaming.go; wasm_cache_positive.go","conformance/wasm/conformance_test.go; conformance/wasm-streaming/conformance_test.go; conformance/wasm-cache-positive/conformance_test.go","Safe observable behavior is represented by the cited Go API and executable evidence."
"src/wasm.rs:193:function:v8::ModuleCachingInterface::get_wire_bytes","src/wasm.rs","v8::ModuleCachingInterface::get_wire_bytes","function","src/wasm.rs","193","matched","wasm.go; wasm_streaming.go; wasm_cache_positive.go","conformance/wasm/conformance_test.go; conformance/wasm-streaming/conformance_test.go; conformance/wasm-cache-positive/conformance_test.go","Safe observable behavior is represented by the cited Go API and executable evidence."
"src/wasm.rs:208:function:v8::ModuleCachingInterface::set_cached_compiled_module_bytes","src/wasm.rs","v8::ModuleCachingInterface::set_cached_compiled_module_bytes","function","src/wasm.rs","208","matched","wasm.go; wasm_streaming.go; wasm_cache_positive.go","conformance/wasm/conformance_test.go; conformance/wasm-streaming/conformance_test.go; conformance/wasm-cache-positive/conformance_test.go","Safe observable behavior is represented by the cited Go API and executable evidence."
"src/wasm.rs:247:struct:v8::wasm::CompiledWasmModule","src/wasm.rs","v8::wasm::CompiledWasmModule","struct","src/wasm.rs","247","matched","wasm.go; wasm_streaming.go; wasm_cache_positive.go","conformance/wasm/conformance_test.go; conformance/wasm-streaming/conformance_test.go; conformance/wasm-cache-positive/conformance_test.go","Safe observable behavior is represented by the cited Go API and executable evidence."
"src/wasm.rs:252:function:v8::CompiledWasmModule::get_wire_bytes_ref","src/wasm.rs","v8::CompiledWasmModule::get_wire_bytes_ref","function","src/wasm.rs","252","matched","wasm.go; wasm_streaming.go; wasm_cache_positive.go","conformance/wasm/conformance_test.go; conformance/wasm-streaming/conformance_test.go; conformance/wasm-cache-positive/conformance_test.go","Safe observable behavior is represented by the cited Go API and executable evidence."
"src/wasm.rs:261:function:v8::CompiledWasmModule::source_url","src/wasm.rs","v8::CompiledWasmModule::source_url","function","src/wasm.rs","261","matched","wasm.go; wasm_streaming.go; wasm_cache_positive.go","conformance/wasm/conformance_test.go; conformance/wasm-streaming/conformance_test.go; conformance/wasm-cache-positive/conformance_test.go","Safe observable behavior is represented by the cited Go API and executable evidence."
"src/wasm.rs:290:struct:v8::wasm::WasmModuleCompilation","src/wasm.rs","v8::wasm::WasmModuleCompilation","struct","src/wasm.rs","290","matched","wasm.go; wasm_streaming.go; wasm_cache_positive.go","conformance/wasm/conformance_test.go; conformance/wasm-streaming/conformance_test.go; conformance/wasm-cache-positive/conformance_test.go","Safe observable behavior is represented by the cited Go API and executable evidence."
"src/wasm.rs:299:function:v8::WasmModuleCompilation::new","src/wasm.rs","v8::WasmModuleCompilation::new","function","src/wasm.rs","299","matched","wasm.go; wasm_streaming.go; wasm_cache_positive.go","conformance/wasm/conformance_test.go; conformance/wasm-streaming/conformance_test.go; conformance/wasm-cache-positive/conformance_test.go","Safe observable behavior is represented by the cited Go API and executable evidence."
"src/wasm.rs:307:function:v8::WasmModuleCompilation::on_bytes_received","src/wasm.rs","v8::WasmModuleCompilation::on_bytes_received","function","src/wasm.rs","307","matched","wasm.go; wasm_streaming.go; wasm_cache_positive.go","conformance/wasm/conformance_test.go; conformance/wasm-streaming/conformance_test.go; conformance/wasm-cache-positive/conformance_test.go","Safe observable behavior is represented by the cited Go API and executable evidence."
"src/wasm.rs:327:function:v8::WasmModuleCompilation::finish","src/wasm.rs","v8::WasmModuleCompilation::finish","function","src/wasm.rs","327","matched","wasm.go; wasm_streaming.go; wasm_cache_positive.go","conformance/wasm/conformance_test.go; conformance/wasm-streaming/conformance_test.go; conformance/wasm-cache-positive/conformance_test.go","Safe observable behavior is represented by the cited Go API and executable evidence."
"src/wasm.rs:380:function:v8::WasmModuleCompilation::abort","src/wasm.rs","v8::WasmModuleCompilation::abort","function","src/wasm.rs","380","matched","wasm.go; wasm_streaming.go; wasm_cache_positive.go","conformance/wasm/conformance_test.go; conformance/wasm-streaming/conformance_test.go; conformance/wasm-cache-positive/conformance_test.go","Safe observable behavior is represented by the cited Go API and executable evidence."
"src/wasm.rs:389:function:v8::WasmModuleCompilation::set_has_compiled_module_bytes","src/wasm.rs","v8::WasmModuleCompilation::set_has_compiled_module_bytes","function","src/wasm.rs","389","matched","wasm.go; wasm_streaming.go; wasm_cache_positive.go","conformance/wasm/conformance_test.go; conformance/wasm-streaming/conformance_test.go; conformance/wasm-cache-positive/conformance_test.go","Safe observable behavior is represented by the cited Go API and executable evidence."
"src/wasm.rs:398:function:v8::WasmModuleCompilation::set_more_functions_can_be_serialized_callback","src/wasm.rs","v8::WasmModuleCompilation::set_more_functions_can_be_serialized_callback","function","src/wasm.rs","398","matched","wasm.go; wasm_streaming.go; wasm_cache_positive.go","conformance/wasm/conformance_test.go; conformance/wasm-streaming/conformance_test.go; conformance/wasm-cache-positive/conformance_test.go","Safe observable behavior is represented by the cited Go API and executable evidence."
"src/wasm.rs:419:function:v8::WasmModuleCompilation::set_url","src/wasm.rs","v8::WasmModuleCompilation::set_url","function","src/wasm.rs","419","matched","wasm.go; wasm_streaming.go; wasm_cache_positive.go","conformance/wasm/conformance_test.go; conformance/wasm-streaming/conformance_test.go; conformance/wasm-cache-positive/conformance_test.go","Safe observable behavior is represented by the cited Go API and executable evidence."
"src/wasm.rs:487:function:v8::WasmMemoryObject::buffer","src/wasm.rs","v8::WasmMemoryObject::buffer","function","src/wasm.rs","487","matched","wasm.go; wasm_streaming.go; wasm_cache_positive.go","conformance/wasm/conformance_test.go; conformance/wasm-streaming/conformance_test.go; conformance/wasm-cache-positive/conformance_test.go","Safe observable behavior is represented by the cited Go API and executable evidence."
